year,n_active,lat_mean,n_south,south_share
-221,355,34.84722015738141,87,0.24507042253521127
-220,362,34.87606441294586,87,0.24033149171270718
-219,363,34.87658302337741,87,0.2396694214876033
-218,363,34.87658302337741,87,0.2396694214876033
-217,363,34.87658302337741,87,0.2396694214876033
-216,363,34.87658302337741,87,0.2396694214876033
-215,363,34.87658302337741,87,0.2396694214876033
-214,376,34.7012956389984,94,0.25
-213,376,34.7012956389984,94,0.25
-212,380,34.73476023287527,94,0.24736842105263157
-211,380,34.73476023287527,94,0.24736842105263157
-210,384,34.69897462909844,98,0.2552083333333333
-209,384,34.69897462909844,98,0.2552083333333333
-208,385,34.70116136394675,98,0.2545454545454545
-207,400,34.651322913357,103,0.2575
-206,429,34.59084096935338,116,0.2703962703962704
-205,437,34.59479426396155,116,0.2654462242562929
-204,459,34.65800526277298,116,0.25272331154684097
-203,498,34.831832121138554,116,0.23293172690763053
-202,638,34.511910444194825,183,0.28683385579937304
-201,716,34.425916210358515,215,0.30027932960893855
-200,720,34.431349841365275,216,0.3
-199,720,34.431349841365275,216,0.3
-198,725,34.449358532113656,216,0.2979310344827586
-197,725,34.449358532113656,216,0.2979310344827586
-196,732,34.47218553496599,216,0.29508196721311475
-195,732,34.47218553496599,216,0.29508196721311475
-194,735,34.47057787882,217,0.29523809523809524
-193,737,34.468847993124555,218,0.29579375848032563
-192,738,34.46010886245447,219,0.2967479674796748
-191,739,34.460213897823415,219,0.2963464140730717
-190,740,34.46574739255594,219,0.2959459459459459
-189,740,34.46574739255594,219,0.2959459459459459
-188,740,34.46574739255594,219,0.2959459459459459
-187,748,34.483095035310164,220,0.29411764705882354
-186,749,34.48566225155113,220,0.2937249666221629
-185,749,34.48566225155113,220,0.2937249666221629
-184,751,34.473746577483496,222,0.2956058588548602
-183,751,34.473746577483496,222,0.2956058588548602
-182,753,34.47719107528566,222,0.2948207171314741
-181,753,34.47719107528566,222,0.2948207171314741
-180,754,34.47702218526538,222,0.29442970822281167
-179,754,34.47953522068382,222,0.29442970822281167
-178,754,34.47953522068382,222,0.29442970822281167
-177,754,34.47953522068382,222,0.29442970822281167
-176,756,34.49888096047209,221,0.2923280423280423
-175,755,34.49490089551881,221,0.29271523178807946
-174,755,34.49490089551881,221,0.29271523178807946
-173,756,34.49452855306416,221,0.2923280423280423
-172,757,34.49081214546433,222,0.29326287978863935
-171,757,34.49081214546433,222,0.29326287978863935
-170,758,34.49222176004815,222,0.2928759894459103
-169,757,34.4949608244609,221,0.2919418758256275
-168,760,34.48879863831158,223,0.29342105263157897
-167,761,34.48607846927254,224,0.2943495400788436
-166,763,34.48987743789908,224,0.29357798165137616
-165,763,34.48987743789908,224,0.29357798165137616
-164,782,34.53198030334501,225,0.2877237851662404
-163,782,34.53198030334501,225,0.2877237851662404
-162,782,34.53198030334501,225,0.2877237851662404
-161,782,34.53198030334501,225,0.2877237851662404
-160,782,34.53198030334501,225,0.2877237851662404
-159,782,34.53198030334501,225,0.2877237851662404
-158,782,34.53198030334501,225,0.2877237851662404
-157,782,34.53198030334501,225,0.2877237851662404
-156,783,34.53201783807931,225,0.28735632183908044
-155,789,34.54373092928162,225,0.28517110266159695
-154,798,34.546595662356886,225,0.2819548872180451
-153,814,34.59240001065049,226,0.27764127764127766
-152,816,34.59656240032978,226,0.2769607843137255
-151,818,34.589290089278606,227,0.2775061124694376
-150,818,34.589290089278606,227,0.2775061124694376
-149,816,34.58557418975441,227,0.27818627450980393
-148,819,34.59577553077118,227,0.2771672771672772
-147,820,34.60180569475756,227,0.27682926829268295
-146,820,34.60180569475756,227,0.27682926829268295
-145,820,34.60180569475756,227,0.27682926829268295
-144,826,34.609242042234015,227,0.274818401937046
-143,827,34.60981052827702,227,0.27448609431680776
-142,827,34.60981052827702,227,0.27448609431680776
-141,828,34.615405315078384,227,0.2741545893719807
-140,827,34.61046553351028,227,0.27448609431680776
-139,828,34.6101472538808,227,0.2741545893719807
-138,827,34.61811675532611,226,0.27327690447400244
-137,828,34.620730382432725,226,0.27294685990338163
-136,829,34.62107827099396,226,0.27261761158021713
-135,834,34.573219980598566,231,0.27697841726618705
-134,834,34.573219980598566,231,0.27697841726618705
-133,834,34.573219980598566,231,0.27697841726618705
-132,835,34.57653889918467,231,0.27664670658682633
-131,834,34.57325719043105,231,0.27697841726618705
-130,835,34.565418981819526,232,0.2778443113772455
-129,836,34.556307420836006,233,0.27870813397129185
-128,838,34.56004383152626,233,0.27804295942720764
-127,851,34.59121643052738,234,0.27497062279670975
-126,862,34.594998094862994,236,0.2737819025522042
-125,872,34.59599225853498,239,0.27408256880733944
-124,876,34.57662270135593,242,0.2762557077625571
-123,877,34.57459924331596,243,0.27708095781071834
-122,892,34.597056135663,243,0.27242152466367714
-121,902,34.559487488511195,252,0.2793791574279379
-120,901,34.55489135401243,252,0.27968923418423974
-119,902,34.552494789318295,253,0.2804878048780488
-118,902,34.552494789318295,253,0.2804878048780488
-117,910,34.570561216445824,254,0.27912087912087913
-116,912,34.57467712234254,254,0.27850877192982454
-115,914,34.57029751268972,255,0.2789934354485777
-114,925,34.580542421885085,255,0.2756756756756757
-113,927,34.57843704245804,255,0.2750809061488673
-112,926,34.580466969069654,255,0.275377969762419
-111,989,34.059561079142775,312,0.3154701718907988
-110,1004,33.991539061613544,318,0.31673306772908366
-109,1022,33.83778161320998,336,0.3287671232876712
-108,1023,33.83956036041154,336,0.3284457478005865
-107,1024,33.842687645216216,336,0.328125
-106,1025,33.8454755206842,336,0.3278048780487805
-105,1025,33.8454755206842,336,0.3278048780487805
-104,1037,33.89051193363915,337,0.32497589199614274
-103,1037,33.89051193363915,337,0.32497589199614274
-102,1037,33.89051193363915,337,0.32497589199614274
-101,1038,33.89076823909846,337,0.3246628131021195
-100,1038,33.89076823909846,337,0.3246628131021195
-99,1038,33.89076823909846,337,0.3246628131021195
-98,1038,33.89076823909846,337,0.3246628131021195
-97,1037,33.89492416852035,336,0.3240115718418515
-96,1037,33.89492416852035,336,0.3240115718418515
-95,1037,33.89492416852035,336,0.3240115718418515
-94,1037,33.89492416852035,336,0.3240115718418515
-93,1036,33.896373718876156,335,0.3233590733590734
-92,1039,33.90125677069827,335,0.3224254090471607
-91,1040,33.905029302649616,335,0.32211538461538464
-90,1040,33.905029302649616,335,0.32211538461538464
-89,1040,33.905029302649616,335,0.32211538461538464
-88,1045,33.930216427811196,335,0.32057416267942584
-87,1047,33.93386220349847,335,0.31996179560649474
-86,1047,33.939921111808495,334,0.31900668576886343
-85,1048,33.932429195853146,335,0.3196564885496183
-84,1048,33.932429195853146,335,0.3196564885496183
-83,1048,33.932429195853146,335,0.3196564885496183
-82,1046,33.98478907003174,332,0.3173996175908222
-81,1052,33.99693795077281,332,0.3155893536121673
-80,1052,33.99693795077281,332,0.3155893536121673
-79,1052,33.99693795077281,332,0.3155893536121673
-78,1052,33.99693795077281,332,0.3155893536121673
-77,1053,33.99541492327911,333,0.3162393162393162
-76,1054,33.99868461500256,333,0.3159392789373814
-75,1054,33.99872794517324,333,0.3159392789373814
-74,1054,33.99872794517324,333,0.3159392789373814
-73,1055,34.00158384285545,333,0.31563981042654027
-72,1055,34.00158384285545,333,0.31563981042654027
-71,1055,34.00158384285545,333,0.31563981042654027
-70,1061,34.023628806986146,333,0.31385485391140433
-69,1061,34.023628806986146,333,0.31385485391140433
-68,1065,34.03787291475361,333,0.3126760563380282
-67,1066,34.037190663426735,333,0.3123827392120075
-66,1070,34.048225333844016,333,0.31121495327102805
-65,1073,34.038240109238394,336,0.3131407269338304
-64,1074,34.040644811196,336,0.3128491620111732
-63,1074,34.040644811196,336,0.3128491620111732
-62,1075,34.043866378813675,336,0.3125581395348837
-61,1075,34.043866378813675,336,0.3125581395348837
-60,1076,34.04613252684322,336,0.31226765799256506
-59,1078,34.04960447020668,336,0.3116883116883117
-58,1080,34.056323452668884,336,0.3111111111111111
-57,1080,34.056323452668884,336,0.3111111111111111
-56,1080,34.056323452668884,336,0.3111111111111111
-55,1079,34.0536327051734,336,0.3113994439295644
-54,1079,34.0536327051734,336,0.3113994439295644
-53,1081,34.05488737824395,337,0.31174838112858466
-52,1084,34.059557125351745,337,0.31088560885608857
-51,1084,34.059557125351745,337,0.31088560885608857
-50,1091,34.06575175241191,337,0.308890925756187
-49,1091,34.06575175241191,337,0.308890925756187
-48,1095,34.06533722272211,338,0.308675799086758
-47,1095,34.06533722272211,338,0.308675799086758
-46,1093,34.09162988461161,336,0.3074107959743824
-45,1092,34.09918121509212,335,0.3067765567765568
-44,1096,34.114022542774,335,0.3056569343065693
-43,1096,34.114022542774,335,0.3056569343065693
-42,1096,34.114022542774,335,0.3056569343065693
-41,1098,34.11922887511858,335,0.30510018214936246
-40,1098,34.11922887511858,335,0.30510018214936246
-39,1098,34.11922887511858,335,0.30510018214936246
-38,1100,34.11739524080063,336,0.3054545454545455
-37,1100,34.11739524080063,336,0.3054545454545455
-36,1100,34.11739524080063,336,0.3054545454545455
-35,1099,34.11683350762539,336,0.3057324840764331
-34,1099,34.11683350762539,336,0.3057324840764331
-33,1103,34.120228640870444,338,0.30643699002719854
-32,1103,34.120444898824836,338,0.30643699002719854
-31,1107,34.13126886486332,338,0.3053297199638663
-30,1107,34.13126886486332,338,0.3053297199638663
-29,1106,34.130295663113564,338,0.30560578661844484
-28,1108,34.13244967816182,338,0.30505415162454874
-27,1112,34.130292177521405,340,0.3057553956834532
-26,1113,34.13085078023728,340,0.3054806828391734
-25,1113,34.13085078023728,340,0.3054806828391734
-24,1113,34.13085078023728,340,0.3054806828391734
-23,1113,34.13085078023728,340,0.3054806828391734
-22,1113,34.13085078023728,340,0.3054806828391734
-21,1114,34.13189230556903,340,0.3052064631956912
-20,1116,34.134840885666485,340,0.3046594982078853
-19,1117,34.13640248738049,340,0.3043867502238138
-18,1117,34.13640248738049,340,0.3043867502238138
-17,1118,34.139083290164216,340,0.3041144901610018
-16,1118,34.139083290164216,340,0.3041144901610018
-15,1118,34.139083290164216,340,0.3041144901610018
-14,1117,34.136861439921134,340,0.3043867502238138
-13,1119,34.14092813082385,340,0.30384271671134944
-12,1119,34.15182702001099,339,0.30294906166219837
-11,1119,34.15182702001099,339,0.30294906166219837
-10,1119,34.15182702001099,339,0.30294906166219837
-9,1119,34.15182702001099,339,0.30294906166219837
-8,1119,34.15182702001099,339,0.30294906166219837
-7,1120,34.15073646910054,340,0.30357142857142855
-6,1120,34.15073646910054,340,0.30357142857142855
-5,1120,34.15073646910054,340,0.30357142857142855
-4,1120,34.15073646910054,340,0.30357142857142855
-3,1120,34.144938344348844,341,0.3044642857142857
-2,1120,34.144938344348844,341,0.3044642857142857
-1,1120,34.144938344348844,341,0.3044642857142857
0,1120,34.144938344348844,341,0.3044642857142857
1,1120,34.144938344348844,341,0.3044642857142857
2,1122,34.14653337996257,342,0.3048128342245989
3,1122,34.14653337996257,342,0.3048128342245989
4,1122,34.145926179031456,342,0.3048128342245989
5,1122,34.147784326981544,342,0.3048128342245989
6,1122,34.147784326981544,342,0.3048128342245989
7,1123,34.14763828572849,342,0.3045414069456812
8,1121,34.13528100791534,343,0.30597680642283676
9,1108,34.1023435693805,343,0.3095667870036101
10,1106,34.10297703335163,342,0.3092224231464738
11,1106,34.10297703335163,342,0.3092224231464738
12,1106,34.10297703335163,342,0.3092224231464738
13,1106,34.10297703335163,342,0.3092224231464738
14,1114,34.113624872441285,342,0.30700179533213645
15,1114,34.113624872441285,342,0.30700179533213645
16,1114,34.113624872441285,342,0.30700179533213645
17,1114,34.113624872441285,342,0.30700179533213645
18,1114,34.113624872441285,342,0.30700179533213645
19,1114,34.113624872441285,342,0.30700179533213645
20,1114,34.113624872441285,342,0.30700179533213645
21,1114,34.113624872441285,342,0.30700179533213645
22,1114,34.113624872441285,342,0.30700179533213645
23,1107,34.10763971227118,340,0.3071364046973803
24,1104,34.10501884640489,339,0.3070652173913043
25,1101,34.107100430537145,338,0.3069936421435059
26,1101,34.10194544360636,338,0.3069936421435059
27,1101,34.10201341999128,338,0.3069936421435059
28,1101,34.10201341999128,338,0.3069936421435059
29,1101,34.10201341999128,338,0.3069936421435059
30,947,33.75199386991563,323,0.34107708553326294
31,940,33.72872591788532,323,0.34361702127659577
32,940,33.72872591788532,323,0.34361702127659577
33,940,33.73224071623425,323,0.34361702127659577
34,941,33.73012520006376,324,0.3443145589798087
35,944,33.73806965059173,324,0.3432203389830508
36,944,33.73682756160879,325,0.3442796610169492
37,941,33.73000921483337,324,0.3443145589798087
38,941,33.73000921483337,324,0.3443145589798087
39,942,33.72419169655828,325,0.34501061571125263
40,941,33.722957351921465,325,0.34537725823591925
41,941,33.722957351921465,325,0.34537725823591925
42,941,33.722835713238894,325,0.34537725823591925
43,941,33.722835713238894,325,0.34537725823591925
44,943,33.71887890048547,326,0.3457051961823966
45,943,33.71887890048547,326,0.3457051961823966
46,942,33.71445575929809,326,0.346072186836518
47,940,33.727242767296595,324,0.3446808510638298
48,940,33.727242767296595,324,0.3446808510638298
49,940,33.727242767296595,324,0.3446808510638298
50,941,33.72199161239022,325,0.34537725823591925
51,939,33.720369232437804,325,0.34611288604898827
52,934,33.69185258057602,325,0.34796573875803
53,934,33.69185258057602,325,0.34796573875803
54,934,33.69185258057602,325,0.34796573875803
55,934,33.69185258057602,325,0.34796573875803
56,934,33.69185258057602,325,0.34796573875803
57,934,33.69185258057602,325,0.34796573875803
58,938,33.69059006424137,327,0.3486140724946695
59,939,33.69245487780458,327,0.34824281150159747
60,939,33.69245487780458,327,0.34824281150159747
61,939,33.69245487780458,327,0.34824281150159747
62,939,33.69245487780458,327,0.34824281150159747
63,938,33.69257632223721,327,0.3486140724946695
64,939,33.6936891717344,327,0.34824281150159747
65,940,33.694290427934575,327,0.3478723404255319
66,940,33.69430198112596,327,0.3478723404255319
67,940,33.69430198112596,327,0.3478723404255319
68,940,33.69430198112596,327,0.3478723404255319
69,942,33.675937889871015,329,0.3492569002123142
70,942,33.675937889871015,329,0.3492569002123142
71,942,33.675937889871015,329,0.3492569002123142
72,941,33.6758044274796,329,0.34962805526036134
73,941,33.6758044274796,329,0.34962805526036134
74,940,33.674660179625214,329,0.35
75,939,33.67355783476901,329,0.3503727369542066
76,939,33.67355783476901,329,0.3503727369542066
77,939,33.67355783476901,329,0.3503727369542066
78,939,33.67355783476901,329,0.3503727369542066
79,941,33.670964449359936,331,0.3517534537725824
80,941,33.674133698031454,330,0.35069075451647186
81,940,33.672382159412344,330,0.35106382978723405
82,941,33.67560012016036,330,0.35069075451647186
83,941,33.67560012016036,330,0.35069075451647186
84,942,33.677257956550534,330,0.3503184713375796
85,942,33.677257956550534,330,0.3503184713375796
86,942,33.677257956550534,330,0.3503184713375796
87,942,33.677706448057855,330,0.3503184713375796
88,943,33.677558829343056,330,0.34994697773064687
89,943,33.677558829343056,330,0.34994697773064687
90,947,33.67642404929367,332,0.3505807814149947
91,947,33.67642404929367,332,0.3505807814149947
92,947,33.67642404929367,332,0.3505807814149947
93,948,33.67989873911466,332,0.350210970464135
94,948,33.67989873911466,332,0.350210970464135
95,948,33.67989873911466,332,0.350210970464135
96,951,33.66402567502661,336,0.35331230283911674
97,959,33.671902390966416,338,0.3524504692387904
98,959,33.671902390966416,338,0.3524504692387904
99,960,33.67878156555937,338,0.35208333333333336
100,961,33.67944303115182,338,0.3517169614984391
101,961,33.67944303115182,338,0.3517169614984391
102,961,33.67944303115182,338,0.3517169614984391
103,961,33.67944303115182,338,0.3517169614984391
104,962,33.67425289182589,339,0.3523908523908524
105,962,33.67425289182589,339,0.3523908523908524
106,961,33.67252243697846,339,0.35275754422476585
107,960,33.68268702285072,338,0.35208333333333336
108,960,33.68268702285072,338,0.35208333333333336
109,960,33.68268702285072,338,0.35208333333333336
110,960,33.68268702285072,338,0.35208333333333336
111,960,33.68197621035083,338,0.35208333333333336
112,959,33.6774514618734,338,0.3524504692387904
113,959,33.6774514618734,338,0.3524504692387904
114,960,33.67695802285031,338,0.35208333333333336
115,960,33.67695802285031,338,0.35208333333333336
116,960,33.67695802285031,338,0.35208333333333336
117,960,33.67695802285031,338,0.35208333333333336
118,960,33.67695802285031,338,0.35208333333333336
119,960,33.67695802285031,338,0.35208333333333336
120,960,33.67695802285031,338,0.35208333333333336
121,960,33.67695802285031,338,0.35208333333333336
122,961,33.68125542345068,338,0.3517169614984391
123,961,33.68125542345068,338,0.3517169614984391
124,961,33.68125542345068,338,0.3517169614984391
125,961,33.68125542345068,338,0.3517169614984391
126,962,33.69021154047443,337,0.3503118503118503
127,962,33.69012962705905,337,0.3503118503118503
128,962,33.69012962705905,337,0.3503118503118503
129,963,33.68604870740498,338,0.3509865005192108
130,963,33.68604870740498,338,0.3509865005192108
131,963,33.68604870740498,338,0.3509865005192108
132,964,33.690592856048966,338,0.3506224066390041
133,964,33.690592856048966,338,0.3506224066390041
134,964,33.690592856048966,338,0.3506224066390041
135,965,33.69083795153482,338,0.35025906735751294
136,967,33.67220795266918,340,0.3516028955532575
137,967,33.67220795266918,340,0.3516028955532575
138,968,33.6663682435844,341,0.3522727272727273
139,968,33.6663682435844,341,0.3522727272727273
140,970,33.67672436370062,341,0.3515463917525773
141,970,33.67672436370062,341,0.3515463917525773
142,970,33.67672436370062,341,0.3515463917525773
143,969,33.67646596779123,341,0.35190918472652216
144,968,33.677963959493695,340,0.3512396694214876
145,968,33.677963959493695,340,0.3512396694214876
146,968,33.677963959493695,340,0.3512396694214876
147,970,33.6698503698865,342,0.3525773195876289
148,971,33.67283967266468,342,0.35221421215242016
149,971,33.67283967266468,342,0.35221421215242016
150,971,33.67283967266468,342,0.35221421215242016
151,971,33.67283967266468,342,0.35221421215242016
152,971,33.67283967266468,342,0.35221421215242016
153,971,33.67283967266468,342,0.35221421215242016
154,971,33.67283967266468,342,0.35221421215242016
155,971,33.67283967266468,342,0.35221421215242016
156,971,33.67283967266468,342,0.35221421215242016
157,971,33.67283967266468,342,0.35221421215242016
158,973,33.679435081353546,342,0.35149023638232274
159,973,33.679435081353546,342,0.35149023638232274
160,973,33.679435081353546,342,0.35149023638232274
161,974,33.681343577162934,342,0.351129363449692
162,974,33.681343577162934,342,0.351129363449692
163,974,33.681343577162934,342,0.351129363449692
164,974,33.681343577162934,342,0.351129363449692
165,974,33.681343577162934,342,0.351129363449692
166,974,33.681343577162934,342,0.351129363449692
167,974,33.681343577162934,342,0.351129363449692
168,976,33.6822194632751,343,0.3514344262295082
169,976,33.6822194632751,343,0.3514344262295082
170,976,33.6822194632751,343,0.3514344262295082
171,976,33.6822194632751,343,0.3514344262295082
172,976,33.6822194632751,343,0.3514344262295082
173,976,33.6822194632751,343,0.3514344262295082
174,976,33.6822194632751,343,0.3514344262295082
175,976,33.6822194632751,343,0.3514344262295082
176,976,33.6822194632751,343,0.3514344262295082
177,976,33.6822194632751,343,0.3514344262295082
178,976,33.6822194632751,343,0.3514344262295082
179,976,33.6822194632751,343,0.3514344262295082
180,976,33.6822194632751,343,0.3514344262295082
181,976,33.6822194632751,343,0.3514344262295082
182,976,33.6822194632751,343,0.3514344262295082
183,976,33.6822194632751,343,0.3514344262295082
184,976,33.6822194632751,343,0.3514344262295082
185,984,33.64773778577124,351,0.3567073170731707
186,985,33.645096852994214,352,0.35736040609137054
187,985,33.645096852994214,352,0.35736040609137054
188,988,33.6482049819832,352,0.3562753036437247
189,988,33.6482049819832,352,0.3562753036437247
190,987,33.64476610827346,352,0.3566362715298885
191,992,33.61550853727268,357,0.3598790322580645
192,994,33.60625565052937,359,0.3611670020120724
193,996,33.606221600506125,360,0.3614457831325301
194,998,33.596999857582865,362,0.3627254509018036
195,999,33.59026521258959,363,0.3633633633633634
196,1007,33.556457482759285,370,0.36742800397219466
197,1007,33.556457482759285,370,0.36742800397219466
198,1010,33.56006395558208,371,0.3673267326732673
199,1012,33.54798035194575,373,0.3685770750988142
200,1012,33.53092245617223,375,0.3705533596837945
201,1014,33.523875254970214,377,0.3717948717948718
202,1014,33.523875254970214,377,0.3717948717948718
203,1015,33.51895639166492,378,0.3724137931034483
204,1015,33.51733513747754,378,0.3724137931034483
205,1015,33.51733513747754,378,0.3724137931034483
206,1016,33.52087840997982,378,0.3720472440944882
207,1017,33.523926602311896,378,0.37168141592920356
208,1026,33.49692961197564,386,0.3762183235867446
209,1027,33.49468831731899,387,0.37682570593963
210,1030,33.48184108241408,390,0.3786407766990291
211,1031,33.478773173507946,391,0.3792434529582929
212,1030,33.47740708683243,391,0.3796116504854369
213,1002,33.426920026449004,378,0.3772455089820359
214,1002,33.419068687128146,379,0.3782435129740519
215,1011,33.431020469567954,382,0.3778437190900099
216,1014,33.422143375804836,385,0.3796844181459566
217,1013,33.41762497143731,385,0.3800592300098717
218,1015,33.408338820399806,387,0.3812807881773399
219,1015,33.405290367197246,388,0.38226600985221676
220,1002,33.40546507963613,388,0.3872255489021956
221,992,33.37724386962006,387,0.3901209677419355
222,1005,33.291072140982294,401,0.3990049751243781
223,1010,33.287639986730305,405,0.400990099009901
224,1006,33.283826119791456,403,0.40059642147117297
225,1013,33.23793858536041,410,0.40473840078973344
226,1014,33.226377648108084,411,0.40532544378698226
227,1014,33.226377648108084,411,0.40532544378698226
228,1015,33.20877810616956,412,0.4059113300492611
229,1017,33.210212893625666,413,0.4060963618485742
230,1016,33.21965610497982,412,0.40551181102362205
231,1016,33.21965610497982,412,0.40551181102362205
232,1017,33.22394419632212,412,0.4051130776794494
233,1017,33.22394419632212,412,0.4051130776794494
234,1017,33.22400413150638,412,0.4051130776794494
235,1017,33.22400413150638,412,0.4051130776794494
236,1017,33.22400413150638,412,0.4051130776794494
237,1018,33.21456592524538,413,0.4056974459724951
238,1018,33.21456592524538,413,0.4056974459724951
239,1018,33.21456592524538,413,0.4056974459724951
240,1017,33.224213414771775,411,0.40412979351032446
241,1016,33.221006694059355,411,0.4045275590551181
242,1015,33.23409313021074,410,0.4039408866995074
243,1016,33.23151813500374,411,0.4045275590551181
244,1016,33.23151813500374,411,0.4045275590551181
245,1018,33.227269797141055,412,0.40471512770137524
246,1018,33.227269797141055,412,0.40471512770137524
247,1018,33.22718601275934,412,0.40471512770137524
248,1018,33.22718601275934,412,0.40471512770137524
249,1020,33.23017910881333,412,0.403921568627451
250,1021,33.22660273358443,413,0.40450538687561216
251,1021,33.23379919376317,413,0.40450538687561216
252,1022,33.22772149494364,414,0.4050880626223092
253,1024,33.22122330940586,416,0.40625
254,1022,33.228412920959684,414,0.4050880626223092
255,1021,33.229350453693144,413,0.40450538687561216
256,1019,33.243239296912854,411,0.40333660451422965
257,1033,33.16293898872914,425,0.41142303969022265
258,1033,33.162940127160304,425,0.41142303969022265
259,1034,33.1537070227412,426,0.4119922630560928
260,1045,33.09437493269015,436,0.4172248803827751
261,1045,33.09437493269015,436,0.4172248803827751
262,1045,33.09437493269015,436,0.4172248803827751
263,1049,33.07297924240801,439,0.4184938036224976
264,1052,33.044725237016536,442,0.42015209125475284
265,1058,32.951630209344806,453,0.4281663516068053
266,1040,32.88532027877231,452,0.4346153846153846
267,1041,32.86536771628472,455,0.43707973102785785
268,1041,32.86536771628472,455,0.43707973102785785
269,1043,32.8751615225046,454,0.43528283796740175
270,1043,32.87268375836223,454,0.43528283796740175
271,1043,32.87047630070786,454,0.43528283796740175
272,1043,32.87047630070786,454,0.43528283796740175
273,1042,32.86906788065096,454,0.43570057581573896
274,1043,32.86070462669089,455,0.436241610738255
275,1043,32.86035085392033,455,0.436241610738255
276,1043,32.86035085392033,455,0.436241610738255
277,1044,32.86302333969225,455,0.43582375478927204
278,1045,32.86127646472613,456,0.43636363636363634
279,1046,32.854554661222565,457,0.43690248565965584
280,1082,32.785731359366636,492,0.45471349353049906
281,1090,32.76985493721981,499,0.4577981651376147
282,1093,32.72989918921126,506,0.46294602012808783
283,1099,32.71636796576442,512,0.4658780709736124
284,1101,32.70938863806757,515,0.4677565849227975
285,1102,32.70973489883195,516,0.46823956442831216
286,1101,32.703501597445054,516,0.46866485013623976
287,1101,32.703501597445054,516,0.46866485013623976
288,1101,32.703501597445054,516,0.46866485013623976
289,1099,32.695184414526935,517,0.47042766151046406
290,1101,32.70309554183951,517,0.4695731153496821
291,1099,32.68411176029627,518,0.4713375796178344
292,1100,32.68277544707991,519,0.4718181818181818
293,1101,32.67925493258928,520,0.47229791099000906
294,1101,32.67925493258928,520,0.47229791099000906
295,1105,32.688626501597824,521,0.47149321266968325
296,1105,32.688626501597824,521,0.47149321266968325
297,1102,32.68056219171134,521,0.4727767695099819
298,1104,32.68424056636377,522,0.47282608695652173
299,1105,32.682866106826516,523,0.47330316742081446
300,1106,32.683769826440326,523,0.472875226039783
301,1107,32.68845871810442,523,0.47244805781391147
302,1108,32.689145073954876,523,0.4720216606498195
303,1107,32.69068457356929,522,0.4715447154471545
304,1109,32.68430924207177,525,0.4733994589720469
305,1110,32.68728283194342,526,0.47387387387387386
306,1106,32.695496755892584,522,0.4719710669077758
307,1104,32.69370043660988,521,0.47192028985507245
308,1103,32.70187984052647,520,0.471441523118767
309,1104,32.693769311282516,521,0.47192028985507245
310,1100,32.66934849730946,521,0.47363636363636363
311,1078,32.66346076600167,507,0.47031539888682744
312,1077,32.65543930547688,508,0.47168059424326836
313,1075,32.65059253641051,508,0.47255813953488374
314,1073,32.643523478761885,508,0.47343895619757687
315,1071,32.644933225687865,507,0.4733893557422969
316,1068,32.62446377904213,509,0.47659176029962547
317,980,32.0949345706348,515,0.5255102040816326
318,977,32.085727575814225,515,0.5271238485158649
319,975,32.07575421485805,515,0.5282051282051282
320,975,32.07422105485743,515,0.5282051282051282
321,974,32.071585443003805,515,0.528747433264887
322,974,32.071585443003805,515,0.528747433264887
323,974,32.07160003262033,515,0.528747433264887
324,972,32.06709142626626,515,0.529835390946502
325,972,32.06709142626626,515,0.529835390946502
326,973,32.058730890370605,516,0.5303186022610483
327,974,32.06440020670503,516,0.5297741273100616
328,978,32.06183222148078,519,0.5306748466257669
329,978,32.06183222148078,519,0.5306748466257669
330,979,32.06673197406333,519,0.5301327885597549
331,985,32.01236826745249,525,0.5329949238578681
332,985,32.01236826745249,525,0.5329949238578681
333,985,32.01236826745249,525,0.5329949238578681
334,985,32.00518670843269,526,0.534010152284264
335,986,32.009333319276166,526,0.5334685598377282
336,985,32.00878109320457,525,0.5329949238578681
337,988,32.01896495825,526,0.5323886639676113
338,989,32.01204496804247,527,0.5328614762386249
339,988,32.013588859710225,526,0.5323886639676113
340,988,32.013588859710225,526,0.5323886639676113
341,989,32.013259128313955,527,0.5328614762386249
342,987,32.02704873379818,525,0.5319148936170213
343,986,32.04738991912667,523,0.5304259634888439
344,988,32.053876244189375,523,0.5293522267206477
345,988,32.053876244189375,523,0.5293522267206477
346,989,32.05052995476138,524,0.5298281092012134
347,993,32.044560208310976,527,0.5307150050352467
348,998,32.0166063302992,532,0.533066132264529
349,999,32.01507816487808,533,0.5335335335335335
350,999,32.01930918428178,532,0.5325325325325325
351,1008,31.94992549559941,540,0.5357142857142857
352,1008,31.95002918969385,540,0.5357142857142857
353,1008,31.95002918969385,540,0.5357142857142857
354,1009,31.954629199398617,540,0.535183349851338
355,1010,31.953079976003565,541,0.5356435643564357
356,1009,31.94943622969643,541,0.5361744301288405
357,1008,31.947032862860414,541,0.5367063492063492
358,1008,31.947032862860414,541,0.5367063492063492
359,1008,31.947032862860414,541,0.5367063492063492
360,1009,31.94959525843776,541,0.5361744301288405
361,1010,31.941205206696637,542,0.5366336633663367
362,1010,31.941205206696637,542,0.5366336633663367
363,1010,31.941205206696637,542,0.5366336633663367
364,1010,31.941205206696637,542,0.5366336633663367
365,1010,31.941205206696637,542,0.5366336633663367
366,1011,31.94772910362364,542,0.5361028684470821
367,1011,31.94772910362364,542,0.5361028684470821
368,1012,31.949714361426285,542,0.5355731225296443
369,1012,31.949714361426285,542,0.5355731225296443
370,1010,31.943173280954653,542,0.5366336633663367
371,1010,31.943173280954653,542,0.5366336633663367
372,1010,31.943173280954653,542,0.5366336633663367
373,1010,31.943561018853664,542,0.5366336633663367
374,1011,31.939493379595152,543,0.5370919881305638
375,1012,31.9357265776334,544,0.5375494071146245
376,1013,31.936551181209087,545,0.5380059230009872
377,1013,31.936551181209087,545,0.5380059230009872
378,1013,31.936351470778483,545,0.5380059230009872
379,1013,31.936351470778483,545,0.5380059230009872
380,1013,31.936351470778483,545,0.5380059230009872
381,1013,31.936351470778483,545,0.5380059230009872
382,1013,31.936351470778483,545,0.5380059230009872
383,1013,31.935570611517868,545,0.5380059230009872
384,1013,31.9356514140847,545,0.5380059230009872
385,1013,31.93402238459388,547,0.5399802566633761
386,1019,31.968364146087342,546,0.535819430814524
387,1016,31.9550733433686,546,0.5374015748031497
388,1014,31.951541848977712,545,0.5374753451676528
389,1017,31.955226475244547,547,0.5378564405113078
390,1019,31.959729728264087,547,0.5368007850834151
391,1018,31.968343178404808,546,0.5363457760314342
392,1020,31.97565978556343,546,0.5352941176470588
393,1020,31.97565978556343,546,0.5352941176470588
394,1020,31.977139216663723,546,0.5352941176470588
395,1019,31.982077170752305,545,0.534838076545633
396,1016,31.979818989373324,544,0.5354330708661418
397,1016,31.979599212797737,544,0.5354330708661418
398,1021,31.998421247405485,546,0.534769833496572
399,1021,31.998421247405485,546,0.534769833496572
400,1021,31.99838837081371,546,0.534769833496572
401,1023,31.990297733461293,549,0.5366568914956011
402,1023,31.990297733461293,549,0.5366568914956011
403,1025,31.981920569103803,551,0.5375609756097561
404,1025,31.9811414954199,551,0.5375609756097561
405,1025,31.96984972045288,554,0.5404878048780488
406,1026,31.97098360669015,554,0.5399610136452242
407,1026,31.97098360669015,554,0.5399610136452242
408,1027,31.97931404134752,554,0.5394352482960078
409,1028,31.98107603520846,554,0.5389105058365758
410,1031,31.982584032270996,556,0.539282250242483
411,1039,31.981877223761888,563,0.5418671799807507
412,1037,31.986371891502795,561,0.5409836065573771
413,1038,31.963291528658573,561,0.5404624277456648
414,1037,31.97283008943819,560,0.5400192864030858
415,1037,31.97283008943819,560,0.5400192864030858
416,1037,31.97283008943819,560,0.5400192864030858
417,1036,31.976614207875297,559,0.5395752895752896
418,1036,31.979262724284652,559,0.5395752895752896
419,1038,31.971964063047302,561,0.5404624277456648
420,1060,31.881562158645472,577,0.5443396226415095
421,1056,31.880714230269227,574,0.5435606060606061
422,1055,31.8814772439437,575,0.5450236966824644
423,1051,31.875209930883923,573,0.5451950523311132
424,1054,31.874545053909493,574,0.5445920303605313
425,1055,31.874394259545873,575,0.5450236966824644
426,1058,31.86856633104858,577,0.5453686200378072
427,1059,31.87119312204807,577,0.5448536355051936
428,1064,31.87696853117472,580,0.5451127819548872
429,1068,31.85429728854925,584,0.5468164794007491
430,1068,31.865064857549903,583,0.545880149812734
431,1066,31.859948590866416,583,0.5469043151969981
432,1067,31.850746141025773,584,0.5473289597000938
433,1066,31.83983531627608,585,0.5487804878048781
434,1066,31.839843017964636,585,0.5487804878048781
435,1071,31.822709327403736,590,0.5508870214752568
436,1077,31.785532371213275,595,0.552460538532962
437,1079,31.790391079035956,596,0.5523632993512512
438,1079,31.789182858461075,597,0.5532900834105653
439,1084,31.80174019664262,598,0.551660516605166
440,1084,31.800052213247135,598,0.551660516605166
441,1093,31.750969645867336,604,0.5526075022872827
442,1093,31.743793576333577,605,0.5535224153705398
443,1097,31.70915786228934,610,0.5560619872379216
444,1098,31.71087796616475,609,0.5546448087431693
445,1096,31.69988401076004,610,0.5565693430656934
446,1101,31.724346404576114,610,0.5540417801998183
447,1096,31.70339691346815,610,0.5565693430656934
448,1102,31.661744386474048,624,0.5662431941923775
449,1104,31.66430505562817,625,0.5661231884057971
450,1103,31.651586924931458,626,0.5675430643699003
451,1103,31.65525038090816,625,0.5666364460562103
452,1103,31.65503112423418,625,0.5666364460562103
453,1097,31.647724017944302,623,0.5679124886052871
454,1098,31.647874364923315,624,0.5683060109289617
455,1099,31.652678209905183,624,0.5677888989990901
456,1101,31.648666014982023,627,0.5694822888283378
457,1102,31.660258346427764,628,0.5698729582577132
458,1102,31.660258346427764,628,0.5698729582577132
459,1102,31.660258346427764,628,0.5698729582577132
460,1109,31.69379375993084,629,0.5671776375112714
461,1107,31.6701100558589,631,0.5700090334236676
462,1107,31.6701100558589,631,0.5700090334236676
463,1106,31.671066638187792,630,0.569620253164557
464,1104,31.68494918433587,627,0.5679347826086957
465,1104,31.68494918433587,627,0.5679347826086957
466,1106,31.68302116390994,629,0.5687160940325497
467,1110,31.707170389409452,630,0.5675675675675675
468,1110,31.704638299319097,630,0.5675675675675675
469,1113,31.72111684351078,630,0.5660377358490566
470,1115,31.71648137921794,632,0.5668161434977579
471,1122,31.66471968377228,640,0.5704099821746881
472,1123,31.67283402154221,640,0.5699020480854853
473,1123,31.67283402154221,640,0.5699020480854853
474,1130,31.666149905517702,643,0.5690265486725664
475,1131,31.66702835741371,644,0.5694076038903625
476,1131,31.66702835741371,644,0.5694076038903625
477,1137,31.671008228404396,646,0.5681618293755497
478,1139,31.677292159148376,646,0.5671641791044776
479,1175,31.524122992062217,680,0.5787234042553191
480,1178,31.539469751797963,680,0.5772495755517827
481,1181,31.554105117164777,680,0.5757832345469941
482,1181,31.554105117164777,680,0.5757832345469941
483,1186,31.563842684451934,683,0.575885328836425
484,1189,31.55653997540757,685,0.5761143818334735
485,1190,31.55643643761345,686,0.5764705882352941
486,1191,31.56041763064786,686,0.5759865659109992
487,1206,31.615502834446687,684,0.5671641791044776
488,1212,31.623436662709658,685,0.5651815181518152
489,1214,31.633208101486325,684,0.5634266886326195
490,1214,31.640309339542178,683,0.5626029654036244
491,1216,31.644461701819157,684,0.5625
492,1215,31.64644780280856,682,0.5613168724279836
493,1216,31.6524096445199,682,0.5608552631578947
494,1220,31.662691458884424,682,0.559016393442623
495,1226,31.68032311324315,684,0.5579119086460033
496,1229,31.684285705199837,685,0.5573637103336045
497,1238,31.717018763931662,685,0.5533117932148627
498,1252,31.73647109284952,691,0.5519169329073482
499,1251,31.733206497399607,691,0.5523581135091926
500,1261,31.760132783395484,691,0.5479777954004759
501,1264,31.769587202267644,689,0.5450949367088608
502,1291,31.683694256841207,713,0.552285050348567
503,1292,31.668012794521985,715,0.5534055727554179
504,1296,31.670341953334724,718,0.5540123456790124
505,1302,31.68185517943034,720,0.5529953917050692
506,1304,31.683057126752143,721,0.5529141104294478
507,1307,31.676687000132056,724,0.5539403213465952
508,1310,31.666082400471144,727,0.5549618320610687
509,1310,31.66617836230328,727,0.5549618320610687
510,1308,31.649910372266284,727,0.5558103975535168
511,1311,31.64099693205454,729,0.5560640732265446
512,1311,31.64099693205454,729,0.5560640732265446
513,1312,31.642806027375,730,0.5564024390243902
514,1313,31.642114480618737,730,0.555978674790556
515,1314,31.637487943723286,731,0.556316590563166
516,1315,31.639679633215746,731,0.555893536121673
517,1317,31.64714910942392,731,0.5550493545937737
518,1321,31.657198682879788,731,0.5533686601059803
519,1320,31.660071744824172,731,0.5537878787878788
520,1321,31.65940576015723,732,0.5541256623769871
521,1322,31.66053797639607,732,0.5537065052950075
522,1325,31.661137299373667,734,0.5539622641509434
523,1327,31.66176976011371,735,0.5538809344385832
524,1331,31.667645958430505,737,0.5537190082644629
525,1342,31.67297843813219,746,0.555886736214605
526,1356,31.70810381263407,747,0.5508849557522124
527,1367,31.72924719515728,747,0.5464520848573519
528,1383,31.755953609443097,751,0.5430224150397687
529,1398,31.79894073569328,754,0.5393419170243204
530,1400,31.799641063213073,756,0.54
531,1405,31.796921758361208,760,0.5409252669039146
532,1408,31.796468677840412,763,0.5419034090909091
533,1411,31.802402330467043,764,0.5414599574769667
534,1419,31.800172125117548,767,0.5405214940098662
535,1429,31.79632058621505,774,0.5416375087473758
536,1432,31.78033870705251,777,0.5425977653631285
537,1440,31.783387526061667,782,0.5430555555555555
538,1438,31.785860333073995,780,0.5424200278164116
539,1445,31.796570228779657,782,0.5411764705882353
540,1450,31.78923753143924,786,0.5420689655172414
541,1450,31.79215537971517,785,0.5413793103448276
542,1454,31.79334296887683,787,0.5412654745529574
543,1456,31.803314433624728,787,0.540521978021978
544,1460,31.79838535558788,790,0.541095890410959
545,1460,31.79743126923767,790,0.541095890410959
546,1470,31.78890390678667,796,0.5414965986394558
547,1475,31.794355643126178,798,0.5410169491525424
548,1467,31.88113388111847,781,0.5323790047716428
549,1453,32.015126561733375,760,0.5230557467309016
550,1452,32.02361099491962,758,0.522038567493113
551,1443,32.00209372282537,758,0.5252945252945252
552,1448,32.02266564519268,758,0.5234806629834254
553,1453,32.009180245469445,765,0.5264969029593943
554,1461,31.99656385809227,772,0.5284052019164955
555,1475,32.01238197056576,782,0.5301694915254237
556,1347,31.670596954427396,781,0.5798069784706755
557,1336,31.629736318149853,779,0.5830838323353293
558,1319,31.59591366181266,775,0.5875663381349507
559,1314,31.58776990587283,773,0.5882800608828006
560,1316,31.593931058295816,774,0.5881458966565349
561,1321,31.59775880543944,778,0.5889477668433005
562,1322,31.59337842638707,778,0.5885022692889561
563,1315,31.557976199136807,780,0.5931558935361216
564,1317,31.560017132774487,781,0.5930144267274108
565,1323,31.557673997405516,785,0.5933484504913077
566,1331,31.56363194734816,791,0.594290007513148
567,1333,31.56235281987075,794,0.595648912228057
568,1336,31.574088312366765,794,0.594311377245509
569,1338,31.581185613095517,795,0.594170403587444
570,1339,31.57392974407916,797,0.5952203136669156
571,1340,31.57398347996649,798,0.5955223880597015
572,1340,31.57398347996649,798,0.5955223880597015
573,1331,31.560445679844932,796,0.5980465815176559
574,1333,31.564976623267295,798,0.5986496624156039
575,1336,31.556077577282707,803,0.6010479041916168
576,1335,31.55773606981281,802,0.600749063670412
577,1334,31.56255678462886,799,0.5989505247376312
578,1331,31.554376204243873,799,0.6003005259203607
579,1337,31.582855284693192,798,0.5968586387434555
580,1336,31.591645043970583,796,0.5958083832335329
581,1345,31.627986642826617,798,0.5933085501858736
582,1345,31.624149065897473,799,0.5940520446096654
583,1261,31.47474268311959,764,0.605868358445678
584,1259,31.447632799548774,765,0.607625099285147
585,1262,31.44621941222416,766,0.606973058637084
586,1301,31.59314258047417,767,0.5895465026902382
587,1304,31.60091248333612,768,0.588957055214724
588,1302,31.596115841325343,768,0.5898617511520737
589,1164,31.89155887617904,632,0.5429553264604811
590,1141,32.10888851473602,601,0.5267309377738826
591,1139,32.13167915527524,597,0.52414398595259
592,1136,32.17132873254049,593,0.5220070422535211
593,1139,32.17298816500536,595,0.5223880597014925
594,1141,32.179896693031814,595,0.5214723926380368
595,1143,32.16406292191557,597,0.5223097112860893
596,1267,32.580586140100316,600,0.47355958958168903
597,1271,32.577714999769164,602,0.47364280094413846
598,1281,32.60326735203193,602,0.46994535519125685
599,1288,32.5673469383236,609,0.47282608695652173
600,1290,32.5578939074117,611,0.47364341085271316
601,1292,32.54403523176687,615,0.4760061919504644
602,1297,32.536738579187585,619,0.4772552043176561
603,1300,32.530455596686615,622,0.47846153846153844
604,1302,32.52135890263571,625,0.48003072196620583
605,1292,32.49357821377469,623,0.4821981424148607
606,1200,32.39427870737608,593,0.49416666666666664
607,1106,32.48258893073599,543,0.4909584086799277
608,1103,32.49537347345177,540,0.48957388939256574
609,1105,32.49035475096452,542,0.49049773755656106
610,1111,32.43056495708038,547,0.49234923492349236
611,1111,32.43059467990387,547,0.49234923492349236
612,1111,32.42273743631881,548,0.49324932493249324
613,1110,32.42264893803216,547,0.4927927927927928
614,1113,32.41766993346927,549,0.49326145552560646
615,1115,32.41027743551085,551,0.49417040358744396
616,1118,32.38180938921601,556,0.49731663685152055
617,1120,32.42025484591777,550,0.49107142857142855
618,1194,32.28073626465352,604,0.5058626465661642
619,1246,32.33901726277512,627,0.5032102728731942
620,1296,32.35920086834483,654,0.5046296296296297
621,1508,31.76649734981591,819,0.5431034482758621
622,1568,31.471486288003124,882,0.5625
623,1555,31.413188274792347,883,0.5678456591639871
624,1536,31.40797478108294,866,0.5638020833333334
625,1463,31.41549029108127,812,0.5550239234449761
626,1453,31.400462936124363,807,0.5554026152787337
627,1344,31.23022659137485,771,0.5736607142857143
628,1335,31.200143520451835,771,0.5775280898876405
629,1342,31.169271540094712,779,0.5804769001490313
630,1357,31.10602960781665,795,0.5858511422254974
631,1367,31.079357109949157,802,0.5866861741038771
632,1362,31.069032249495077,799,0.5866372980910426
633,1365,31.06559649167143,801,0.5868131868131868
634,1355,31.06320753467712,795,0.5867158671586716
635,1359,31.05129796644297,799,0.5879323031640913
636,1357,31.069612881613786,795,0.5858511422254974
637,1357,31.074908339389903,794,0.5851142225497421
638,1378,31.001843774057697,813,0.5899854862119013
639,1375,31.004647639155852,811,0.5898181818181818
640,1375,31.01827083406087,810,0.5890909090909091
641,1381,30.99962912877132,816,0.5908761766835626
642,1384,30.994824506382372,819,0.5917630057803468
643,1368,30.95709013772464,814,0.5950292397660819
644,1365,30.956923470994727,813,0.5956043956043956
645,1365,30.956923470994727,813,0.5956043956043956
646,1366,30.960123219551903,813,0.5951683748169839
647,1366,30.960123219551903,813,0.5951683748169839
648,1367,30.9535597696853,815,0.5961960497439649
649,1368,30.946713014317034,817,0.5972222222222222
650,1360,30.97565535799081,809,0.5948529411764706
651,1356,30.96211517063097,808,0.5958702064896755
652,1356,30.96211517063097,808,0.5958702064896755
653,1357,30.9616345308588,809,0.5961680176860722
654,1359,30.966253919630095,810,0.5960264900662252
655,1360,30.96288994027765,811,0.5963235294117647
656,1363,30.945885161276156,814,0.5972120322817315
657,1364,30.94682722347456,815,0.5975073313782991
658,1366,30.948774669513103,817,0.5980966325036603
659,1367,30.945840374168544,818,0.598390636430139
660,1368,30.937394576380555,819,0.5986842105263158
661,1368,30.937394576380555,819,0.5986842105263158
662,1370,30.929035267915474,821,0.5992700729927007
663,1371,30.936883282022684,821,0.5988329686360321
664,1371,30.93413153784296,821,0.5988329686360321
665,1375,30.925626353578547,824,0.5992727272727273
666,1374,30.94150248484017,822,0.5982532751091703
667,1392,30.848584412176724,839,0.6027298850574713
668,1395,30.829936899462147,842,0.603584229390681
669,1395,30.829958277078923,842,0.603584229390681
670,1396,30.829730412983885,843,0.6038681948424068
671,1399,30.826341341015656,846,0.6047176554681916
672,1408,30.79797841387493,855,0.6072443181818182
673,1409,30.800914192147623,855,0.6068133427963094
674,1413,30.799931723574236,858,0.6072186836518046
675,1413,30.79630594615768,858,0.6072186836518046
676,1413,30.7969693120455,858,0.6072186836518046
677,1418,30.798888640493587,862,0.607898448519041
678,1419,30.797909916997604,863,0.6081747709654687
679,1420,30.79785817268972,864,0.6084507042253521
680,1419,30.801584511441153,863,0.6081747709654687
681,1423,30.79417709819775,866,0.6085734364019677
682,1432,30.74498047018303,877,0.6124301675977654
683,1436,30.731918919272427,881,0.6135097493036211
684,1440,30.73417594888667,883,0.6131944444444445
685,1442,30.73183051830541,885,0.6137309292649098
686,1449,30.71434728520966,892,0.6155969634230504
687,1449,30.71434728520966,892,0.6155969634230504
688,1457,30.711210321582428,898,0.6163349347975292
689,1464,30.712244617744332,903,0.6168032786885246
690,1462,30.715244982474623,901,0.6162790697674418
691,1475,30.721228183698845,907,0.6149152542372881
692,1479,30.720657802509667,910,0.6152805949966194
693,1479,30.720657802509667,910,0.6152805949966194
694,1479,30.720657802509667,910,0.6152805949966194
695,1484,30.724429690425335,912,0.6145552560646901
696,1488,30.7216805369295,916,0.6155913978494624
697,1492,30.720435037815143,919,0.6159517426273459
698,1494,30.713483350682733,921,0.6164658634538153
699,1496,30.709358577943917,923,0.6169786096256684
700,1498,30.704555627057275,926,0.6181575433911882
701,1497,30.69732712624429,927,0.6192384769539078
702,1497,30.688008013592384,928,0.6199064796259185
703,1499,30.69403734430794,929,0.61974649766511
704,1503,30.70060650012774,931,0.6194278110445776
705,1504,30.695040003892625,933,0.620345744680851
706,1505,30.691851368201725,934,0.6205980066445183
707,1508,30.69443711081797,936,0.6206896551724138
708,1511,30.69402617431609,939,0.6214427531436135
709,1512,30.695189966439415,940,0.6216931216931217
710,1512,30.695189966439415,940,0.6216931216931217
711,1520,30.66849644535125,948,0.6236842105263158
712,1523,30.67396878676671,948,0.6224556795797768
713,1523,30.67896428414012,947,0.6217990807616546
714,1521,30.682862360121963,945,0.621301775147929
715,1522,30.682172279352365,946,0.621550591327201
716,1527,30.69313226942292,948,0.6208251473477406
717,1529,30.69868088813126,949,0.6206671026814912
718,1529,30.69868088813126,949,0.6206671026814912
719,1529,30.69546380572433,950,0.6213211249182472
720,1529,30.693789004064424,950,0.6213211249182472
721,1528,30.68883697618004,950,0.6217277486910995
722,1527,30.687622691946824,949,0.6214800261951539
723,1527,30.687632090004133,949,0.6214800261951539
724,1527,30.687632090004133,949,0.6214800261951539
725,1527,30.67942190722004,951,0.6227897838899804
726,1527,30.679392254305895,951,0.6227897838899804
727,1534,30.6568454918706,957,0.6238591916558018
728,1534,30.656811926029533,957,0.6238591916558018
729,1534,30.656811926029533,957,0.6238591916558018
730,1536,30.65354026601399,958,0.6236979166666666
731,1536,30.65354026601399,958,0.6236979166666666
732,1537,30.65965936181093,958,0.623292127521145
733,1537,30.65965936181093,958,0.623292127521145
734,1536,30.663484289780985,956,0.6223958333333334
735,1537,30.67027347159044,957,0.6226415094339622
736,1542,30.66297417536673,961,0.6232166018158236
737,1541,30.663645883387343,960,0.6229720960415315
738,1557,30.61569223152986,976,0.6268464996788696
739,1557,30.615950209357862,976,0.6268464996788696
740,1558,30.61517911872285,977,0.6270860077021823
741,1559,30.614164205476072,978,0.627325208466966
742,1567,30.646378058394127,980,0.6253988513082323
743,1566,30.642977140806707,980,0.6257982120051085
744,1567,30.643502686342373,981,0.6260370134014039
745,1567,30.64357122815603,981,0.6260370134014039
746,1567,30.643501821646772,981,0.6260370134014039
747,1567,30.643501821646772,981,0.6260370134014039
748,1563,30.65017878869648,978,0.6257197696737045
749,1562,30.65044795504955,977,0.6254801536491678
750,1541,30.72230495082141,956,0.6203763789746918
751,1541,30.725747589254052,956,0.6203763789746918
752,1542,30.725482474734697,957,0.6206225680933852
753,1544,30.72520044010706,958,0.6204663212435233
754,1542,30.73426609443158,956,0.6199740596627756
755,1542,30.732346839579964,956,0.6199740596627756
756,1542,30.739762852865503,955,0.619325551232166
757,1543,30.745837014209073,955,0.6189241736876215
758,1545,30.751745363987187,958,0.6200647249190938
759,1546,30.758333636931567,958,0.6196636481241915
760,1548,30.74863012053708,960,0.6201550387596899
761,1548,30.74547838604128,960,0.6201550387596899
762,1540,30.729866630142983,957,0.6214285714285714
763,1528,30.705804367967932,950,0.6217277486910995
764,1521,30.68352077129849,950,0.6245890861275477
765,1517,30.699822013363548,946,0.6235992089650626
766,1515,30.704975421900528,947,0.6250825082508251
767,1513,30.69637846701051,946,0.6252478519497686
768,1511,30.708286722426735,944,0.6247518199867638
769,1510,30.711252599726553,942,0.623841059602649
770,1509,30.70938563752432,942,0.6242544731610338
771,1505,30.705915243857604,939,0.6239202657807309
772,1509,30.716460662440692,940,0.6229290921139827
773,1509,30.716460662440692,940,0.6229290921139827
774,1509,30.716460662440692,940,0.6229290921139827
775,1510,30.715479410346425,941,0.6231788079470199
776,1509,30.719956307238903,940,0.6229290921139827
777,1509,30.719956307238903,940,0.6229290921139827
778,1509,30.719956307238903,940,0.6229290921139827
779,1508,30.720569880395622,939,0.6226790450928382
780,1507,30.721932091995154,938,0.6224286662242866
781,1502,30.73825263297497,933,0.6211717709720372
782,1502,30.73823480879461,933,0.6211717709720372
783,1503,30.73936159387072,934,0.6214238190286094
784,1503,30.73936159387072,934,0.6214238190286094
785,1505,30.73331756650319,936,0.6219269102990034
786,1504,30.73928412912912,935,0.6216755319148937
787,1504,30.73928412912912,935,0.6216755319148937
788,1505,30.735308783861665,936,0.6219269102990034
789,1505,30.73083719515728,936,0.6219269102990034
790,1505,30.73083719515728,936,0.6219269102990034
791,1505,30.739971006453025,936,0.6219269102990034
792,1505,30.739938286445383,936,0.6219269102990034
793,1505,30.739939498922126,936,0.6219269102990034
794,1506,30.73698456696627,937,0.6221779548472776
795,1506,30.73698456696627,937,0.6221779548472776
796,1506,30.736910783429018,937,0.6221779548472776
797,1507,30.735027173183475,938,0.6224286662242866
798,1507,30.735027173183475,938,0.6224286662242866
799,1507,30.735027173183475,938,0.6224286662242866
800,1508,30.733906604481433,939,0.6226790450928382
801,1508,30.733906604481433,939,0.6226790450928382
802,1508,30.733906604481433,939,0.6226790450928382
803,1508,30.733906604481433,939,0.6226790450928382
804,1506,30.75045346517809,937,0.6221779548472776
805,1502,30.783366432296937,932,0.6205059920106525
806,1502,30.783366432296937,932,0.6205059920106525
807,1502,30.783366432296937,932,0.6205059920106525
808,1496,30.786087703410093,927,0.6196524064171123
809,1496,30.78602199945782,927,0.6196524064171123
810,1498,30.780097615618555,929,0.6201602136181575
811,1498,30.780097615618555,929,0.6201602136181575
812,1495,30.781133413208696,927,0.620066889632107
813,1495,30.781332125583543,927,0.620066889632107
814,1495,30.781332125583543,927,0.620066889632107
815,1495,30.781321638032708,927,0.620066889632107
816,1495,30.781321638032708,927,0.620066889632107
817,1495,30.781321638032708,927,0.620066889632107
818,1496,30.785666971162435,927,0.6196524064171123
819,1495,30.784198394554384,926,0.6193979933110368
820,1493,30.776972916851243,926,0.6202277294038848
821,1496,30.779204378504343,929,0.6209893048128342
822,1496,30.779158904336764,929,0.6209893048128342
823,1497,30.78002582557655,930,0.6212424849699398
824,1497,30.78002582557655,930,0.6212424849699398
825,1488,30.774735751082194,922,0.6196236559139785
826,1486,30.773356271758075,920,0.6191117092866757
827,1488,30.7742467423293,921,0.6189516129032258
828,1489,30.774365643107053,922,0.6192075218267293
829,1489,30.774365643107053,922,0.6192075218267293
830,1488,30.76995922888844,922,0.6196236559139785
831,1488,30.76995922888844,922,0.6196236559139785
832,1486,30.76817512090498,921,0.6197846567967699
833,1486,30.76817512090498,921,0.6197846567967699
834,1486,30.76817512090498,921,0.6197846567967699
835,1486,30.76817512090498,921,0.6197846567967699
836,1487,30.76850752902805,922,0.6200403496973773
837,1488,30.772220086318885,922,0.6196236559139785
838,1488,30.772220086318885,922,0.6196236559139785
839,1488,30.772220086318885,922,0.6196236559139785
840,1487,30.767836737352187,922,0.6200403496973773
841,1487,30.767836737352187,922,0.6200403496973773
842,1487,30.767836737352187,922,0.6200403496973773
843,1486,30.763956762494683,922,0.620457604306864
844,1486,30.763956762494683,922,0.620457604306864
845,1486,30.763956762494683,922,0.620457604306864
846,1485,30.76114832260404,922,0.6208754208754209
847,1488,30.762403110932393,925,0.6216397849462365
848,1488,30.762403110932393,925,0.6216397849462365
849,1491,30.768682910453386,926,0.6210596914822267
850,1491,30.768682910453386,926,0.6210596914822267
851,1494,30.775520426697256,928,0.6211512717536813
852,1493,30.770157593638043,928,0.6215673141326189
853,1494,30.77045992322704,929,0.6218206157965194
854,1494,30.77045992322704,929,0.6218206157965194
855,1494,30.77045992322704,929,0.6218206157965194
856,1495,30.770690348696725,930,0.6220735785953178
857,1495,30.770690348696725,930,0.6220735785953178
858,1495,30.770690348696725,930,0.6220735785953178
859,1495,30.770690348696725,930,0.6220735785953178
860,1496,30.77393753700094,930,0.6216577540106952
861,1496,30.77393753700094,930,0.6216577540106952
862,1496,30.77393753700094,930,0.6216577540106952
863,1495,30.771108010270098,930,0.6220735785953178
864,1495,30.771108010270098,930,0.6220735785953178
865,1495,30.771108010270098,930,0.6220735785953178
866,1493,30.77894386158975,927,0.6208975217682519
867,1494,30.7792793476263,928,0.6211512717536813
868,1494,30.7792793476263,928,0.6211512717536813
869,1494,30.7792793476263,928,0.6211512717536813
870,1494,30.7792793476263,928,0.6211512717536813
871,1494,30.7792793476263,928,0.6211512717536813
872,1495,30.781449003284884,928,0.6207357859531772
873,1495,30.781449003284884,928,0.6207357859531772
874,1493,30.785098496344407,926,0.6202277294038848
875,1493,30.785014052555265,926,0.6202277294038848
876,1493,30.785014052555265,926,0.6202277294038848
877,1493,30.785014052555265,926,0.6202277294038848
878,1493,30.785015380746756,926,0.6202277294038848
879,1493,30.785015380746756,926,0.6202277294038848
880,1493,30.785015380746756,926,0.6202277294038848
881,1491,30.778427412348226,926,0.6210596914822267
882,1491,30.778427412348226,926,0.6210596914822267
883,1492,30.781650151846915,926,0.6206434316353887
884,1492,30.781656066979153,926,0.6206434316353887
885,1492,30.788634518468367,925,0.6199731903485255
886,1492,30.788634518468367,925,0.6199731903485255
887,1492,30.788634518468367,925,0.6199731903485255
888,1492,30.788634518468367,925,0.6199731903485255
889,1494,30.798380711214595,925,0.6191432396251674
890,1494,30.798380711214595,925,0.6191432396251674
891,1494,30.798380711214595,925,0.6191432396251674
892,1495,30.800379023305823,925,0.6187290969899666
893,1494,30.79881795170147,925,0.6191432396251674
894,1496,30.803801349493515,926,0.6189839572192514
895,1497,30.79999644278056,927,0.6192384769539078
896,1497,30.800009076967868,927,0.6192384769539078
897,1497,30.800009076967868,927,0.6192384769539078
898,1497,30.800009076967868,927,0.6192384769539078
899,1497,30.800009076967868,927,0.6192384769539078
900,1497,30.800009076967868,927,0.6192384769539078
901,1497,30.80005454177154,927,0.6192384769539078
902,1494,30.816224243748323,924,0.6184738955823293
903,1488,30.839863536096843,918,0.6169354838709677
904,1488,30.839863536096843,918,0.6169354838709677
905,1489,30.84262740813418,918,0.6165211551376762
906,1490,30.845254114207183,918,0.6161073825503356
907,1452,30.94423406190351,882,0.6074380165289256
908,1448,30.937735959369405,881,0.6084254143646409
909,1451,30.94152872094521,883,0.6085458304617505
910,1452,30.947099957583877,883,0.6081267217630854
911,1453,30.943851097842117,884,0.6083964211975224
912,1453,30.94369275972918,884,0.6083964211975224
913,1453,30.94369275972918,884,0.6083964211975224
914,1453,30.94369275972918,884,0.6083964211975224
915,1452,30.93925920791054,884,0.6088154269972452
916,1452,30.93925920791054,884,0.6088154269972452
917,1449,30.959790206991027,881,0.6080055210489993
918,1449,30.959790206991027,881,0.6080055210489993
919,1449,30.959790206991027,881,0.6080055210489993
920,1450,30.96115331919669,882,0.6082758620689656
921,1450,30.96115331919669,882,0.6082758620689656
922,1450,30.96115331919669,882,0.6082758620689656
923,1453,30.97947314016331,882,0.6070199587061252
924,1453,30.98536156987213,881,0.6063317274604267
925,1452,30.982627473846076,881,0.6067493112947658
926,1453,30.98836823835217,881,0.6063317274604267
927,1455,30.98305020526969,883,0.6068728522336769
928,1455,30.98305020526969,883,0.6068728522336769
929,1456,30.98872417475151,883,0.6064560439560439
930,1456,30.98872417475151,883,0.6064560439560439
931,1456,30.98872417475151,883,0.6064560439560439
932,1459,30.983839129377586,885,0.6065798492117889
933,1460,30.974591124020485,887,0.6075342465753425
934,1460,30.974591124020485,887,0.6075342465753425
935,1460,30.974591124020485,887,0.6075342465753425
936,1466,30.99207512799557,889,0.6064120054570259
937,1487,30.935988208132212,908,0.6106254203093476
938,1483,30.961785447894876,903,0.6089008766014835
939,1487,30.964798129894483,906,0.609280430396772
940,1490,30.96034065043812,909,0.6100671140939598
941,1490,30.96034065043812,909,0.6100671140939598
942,1490,30.96034348144899,909,0.6100671140939598
943,1492,30.953731824264946,911,0.6105898123324397
944,1492,30.953731824264946,911,0.6105898123324397
945,1492,30.95369417681173,911,0.6105898123324397
946,1492,30.953685832307443,911,0.6105898123324397
947,1492,30.953685832307443,911,0.6105898123324397
948,1493,30.950911859270064,912,0.6108506363027462
949,1495,30.9519008712309,913,0.6107023411371237
950,1497,30.947502828569807,915,0.6112224448897795
951,1499,30.94527949443836,917,0.6117411607738492
952,1505,30.938079935989897,922,0.612624584717608
953,1511,30.928606974735143,928,0.614162806088683
954,1512,30.927903206527645,929,0.6144179894179894
955,1512,30.911277197530225,931,0.6157407407407407
956,1510,30.908512106775163,930,0.6158940397350994
957,1509,30.90369495111392,930,0.6163021868787276
958,1510,30.898726616428412,933,0.6178807947019868
959,1513,30.913214423202444,933,0.6166556510244547
960,1511,30.90002666140278,933,0.6174718729318333
961,1512,30.897278750979495,934,0.6177248677248677
962,1515,30.90578057631624,934,0.6165016501650165
963,1515,30.927991937350495,931,0.6145214521452145
964,1515,30.92591575779492,932,0.6151815181518152
965,1520,30.926813272662898,936,0.6157894736842106
966,1512,30.92432704028624,929,0.6144179894179894
967,1504,30.922284899847604,921,0.6123670212765957
968,1499,30.91564543256865,917,0.6117411607738492
969,1499,30.915502260453906,917,0.6117411607738492
970,1495,30.930134174862676,913,0.6107023411371237
971,1492,30.93778080003049,910,0.6099195710455764
972,1433,31.268415257603493,851,0.5938590369853455
973,1427,31.301095758637143,846,0.5928521373510862
974,1417,31.3630865349861,836,0.5899788285109386
975,1412,31.341879944846813,835,0.5913597733711048
976,1412,31.350667236266503,835,0.5913597733711048
977,1413,31.35583595268252,834,0.5902335456475584
978,1416,31.358050762292233,836,0.5903954802259888
979,1418,31.3575716870816,837,0.5902679830747531
980,1418,31.358072350581526,837,0.5902679830747531
981,1425,31.35423623385881,842,0.5908771929824561
982,1431,31.35695089177044,845,0.5904961565338924
983,1431,31.36776048534563,844,0.5897973445143256
984,1430,31.366423786613563,844,0.5902097902097903
985,1429,31.35894725069699,845,0.5913226032190343
986,1429,31.35894725069699,845,0.5913226032190343
987,1431,31.36845664982257,845,0.5904961565338924
988,1431,31.364579531713204,846,0.5911949685534591
989,1430,31.35926996359259,846,0.5916083916083916
990,1431,31.364963664743325,846,0.5911949685534591
991,1431,31.364963664743325,846,0.5911949685534591
992,1430,31.361392891082517,846,0.5916083916083916
993,1432,31.369139160899586,846,0.590782122905028
994,1436,31.355911731190943,851,0.5926183844011143
995,1438,31.3608142417169,851,0.5917941585535466
996,1437,31.361214086645653,850,0.5915100904662491
997,1435,31.355698003415743,849,0.5916376306620209
998,1434,31.350127355925807,849,0.5920502092050209
999,1433,31.345422505564407,849,0.592463363572924
1000,1435,31.338174873551985,851,0.5930313588850175
1001,1435,31.338462667977073,851,0.5930313588850175
1002,1433,31.32658628219107,851,0.5938590369853455
1003,1433,31.32658628219107,851,0.5938590369853455
1004,1433,31.326552632504743,851,0.5938590369853455
1005,1432,31.320072014509915,852,0.5949720670391061
1006,1432,31.31991796486033,852,0.5949720670391061
1007,1433,31.32227198581989,852,0.5945568736915562
1008,1433,31.32227198581989,852,0.5945568736915562
1009,1433,31.32227198581989,852,0.5945568736915562
1010,1433,31.32227198581989,852,0.5945568736915562
1011,1433,31.322208907793996,852,0.5945568736915562
1012,1432,31.317997091776885,852,0.5949720670391061
1013,1430,31.31500356533196,851,0.5951048951048951
1014,1430,31.31500356533196,851,0.5951048951048951
1015,1430,31.315144784368535,851,0.5951048951048951
1016,1430,31.315144784368535,851,0.5951048951048951
1017,1430,31.315144784368535,851,0.5951048951048951
1018,1431,31.31762638786555,851,0.5946890286512928
1019,1432,31.32392682373631,851,0.5942737430167597
1020,1432,31.32392682373631,851,0.5942737430167597
1021,1433,31.32982415430035,851,0.5938590369853455
1022,1433,31.32982415430035,851,0.5938590369853455
1023,1433,31.32983155696532,851,0.5938590369853455
1024,1433,31.32983155696532,851,0.5938590369853455
1025,1433,31.329812993981573,851,0.5938590369853455
1026,1433,31.329812993981573,851,0.5938590369853455
1027,1433,31.329856379885346,851,0.5938590369853455
1028,1433,31.329856379885346,851,0.5938590369853455
1029,1433,31.329856379885346,851,0.5938590369853455
1030,1433,31.329856379885346,851,0.5938590369853455
1031,1433,31.329856379885346,851,0.5938590369853455
1032,1432,31.325478681826674,851,0.5942737430167597
1033,1432,31.325471810123886,851,0.5942737430167597
1034,1432,31.325535696963197,851,0.5942737430167597
1035,1428,31.333656093873103,848,0.5938375350140056
1036,1426,31.33872088432763,846,0.5932678821879382
1037,1426,31.33872088432763,846,0.5932678821879382
1038,1426,31.33871553229376,846,0.5932678821879382
1039,1425,31.333836476639014,846,0.5936842105263158
1040,1424,31.331614642809622,846,0.5941011235955056
1041,1424,31.331614642809622,846,0.5941011235955056
1042,1424,31.331614642809622,846,0.5941011235955056
1043,1416,31.380053362645697,837,0.5911016949152542
1044,1415,31.39998053993173,834,0.5893992932862191
1045,1414,31.397776554379497,834,0.5898161244695899
1046,1413,31.399169089804037,833,0.5895258315640481
1047,1413,31.399169089804037,833,0.5895258315640481
1048,1413,31.399169089804037,833,0.5895258315640481
1049,1416,31.37325121633969,837,0.5911016949152542
1050,1416,31.37325121633969,837,0.5911016949152542
1051,1415,31.379315079390388,836,0.5908127208480566
1052,1418,31.37906139731354,837,0.5902679830747531
1053,1418,31.37906139731354,837,0.5902679830747531
1054,1418,31.371984825234694,838,0.5909732016925247
1055,1418,31.371984825234694,838,0.5909732016925247
1056,1418,31.37198269990205,838,0.5909732016925247
1057,1417,31.37729079919633,837,0.5906845448129852
1058,1417,31.37729079919633,837,0.5906845448129852
1059,1417,31.37729079919633,837,0.5906845448129852
1060,1417,31.37729079919633,837,0.5906845448129852
1061,1415,31.38678026954438,835,0.5901060070671378
1062,1414,31.391652129707005,834,0.5898161244695899
1063,1414,31.39071991302207,834,0.5898161244695899
1064,1415,31.39526569926382,834,0.5893992932862191
1065,1415,31.39526569926382,834,0.5893992932862191
1066,1414,31.39243556185191,834,0.5898161244695899
1067,1414,31.39243556185191,834,0.5898161244695899
1068,1411,31.390468357004604,832,0.589652728561304
1069,1409,31.390769218111576,830,0.589070262597587
1070,1404,31.379411056507692,828,0.5897435897435898
1071,1388,31.39425570999964,816,0.5878962536023055
1072,1347,31.339229975670673,797,0.5916852264291017
1073,1320,31.31444234196826,788,0.5969696969696969
1074,1310,31.31362704468237,785,0.5992366412213741
1075,1304,31.335232262999774,779,0.5973926380368099
1076,1303,31.329467089049658,779,0.5978511128165771
1077,1306,31.339169423500383,780,0.5972434915773354
1078,1309,31.33774931289572,781,0.5966386554621849
1079,1310,31.342594340986032,781,0.5961832061068703
1080,1315,31.32698962244175,784,0.5961977186311787
1081,1321,31.32005275626298,787,0.5957607872823618
1082,1321,31.311230022727933,788,0.5965177895533686
1083,1318,31.319280529170182,785,0.5955993930197269
1084,1319,31.322367476596433,785,0.5951478392721758
1085,1319,31.322367476596433,785,0.5951478392721758
1086,1351,31.381454041699705,795,0.5884529977794226
1087,1355,31.40005963840362,795,0.5867158671586716
1088,1353,31.38742651591116,795,0.5875831485587583
1089,1354,31.39140844778641,795,0.587149187592319
1090,1357,31.39062659544945,797,0.5873249815770081
1091,1356,31.39422898190929,796,0.5870206489675516
1092,1357,31.395812217711207,796,0.5865880619012528
1093,1357,31.399504996922328,796,0.5865880619012528
1094,1355,31.410608618325387,794,0.5859778597785977
1095,1355,31.41041382939535,794,0.5859778597785977
1096,1357,31.41005036962712,795,0.5858511422254974
1097,1359,31.40038436826961,797,0.5864606328182487
1098,1361,31.38999558149853,799,0.5870683321087435
1099,1364,31.403051013530135,799,0.5857771260997068
1100,1364,31.403051013530135,799,0.5857771260997068
1101,1364,31.403051013530135,799,0.5857771260997068
1102,1366,31.39773592476779,801,0.5863836017569546
1103,1369,31.38850806820986,804,0.587289992695398
1104,1374,31.403931204796727,804,0.5851528384279476
1105,1376,31.402775235036483,805,0.5850290697674418
1106,1382,31.37929672729848,810,0.5861070911722142
1107,1381,31.373250577955613,811,0.5872556118754526
1108,1386,31.36632059821104,815,0.588023088023088
1109,1391,31.34878281712243,821,0.5902228612508986
1110,1391,31.34864512122056,821,0.5902228612508986
1111,1389,31.358868544281425,819,0.5896328293736501
1112,1389,31.358868544281425,819,0.5896328293736501
1113,1391,31.35476611041057,821,0.5902228612508986
1114,1393,31.337067218720748,824,0.5915290739411343
1115,1394,31.34176024294018,824,0.5911047345767575
1116,1394,31.34189459560208,824,0.5911047345767575
1117,1394,31.33686213178831,825,0.5918220946915351
1118,1394,31.33686213178831,825,0.5918220946915351
1119,1395,31.335134724439357,826,0.5921146953405018
1120,1395,31.335134724439357,826,0.5921146953405018
1121,1387,31.35515929957462,818,0.5897620764239365
1122,1384,31.362650778275796,815,0.5888728323699421
1123,1384,31.362486696368713,815,0.5888728323699421
1124,1384,31.362486696368713,815,0.5888728323699421
1125,1384,31.363284441557877,815,0.5888728323699421
1126,1381,31.36239119143816,814,0.5894279507603186
1127,1375,31.37066767463498,810,0.5890909090909091
1128,1376,31.37231562739193,810,0.5886627906976745
1129,1377,31.37386996416137,810,0.5882352941176471
1130,1381,31.3845575822084,811,0.5872556118754526
1131,1388,31.38570824391722,815,0.5871757925072046
1132,1386,31.397066629317532,813,0.5865800865800865
1133,1389,31.393221442490212,816,0.5874730021598272
1134,1387,31.3981035071354,814,0.5868781542898341
1135,1377,31.39522777917502,805,0.5846042120551924
1136,1378,31.397707179022717,805,0.5841799709724238
1137,1380,31.39760689184775,807,0.5847826086956521
1138,1383,31.379431947256112,810,0.5856832971800434
1139,1383,31.379431947256112,810,0.5856832971800434
1140,1383,31.379431947256112,810,0.5856832971800434
1141,1383,31.379592573029285,810,0.5856832971800434
1142,1384,31.38366968427948,810,0.5852601156069365
1143,1384,31.38367529856185,810,0.5852601156069365
1144,1384,31.37993516583324,810,0.5852601156069365
1145,1385,31.3795363357896,811,0.5855595667870036
1146,1386,31.375283541414937,812,0.5858585858585859
1147,1388,31.376653863520893,813,0.5857348703170029
1148,1390,31.372650183723746,815,0.5863309352517986
1149,1394,31.358435053164705,819,0.5875179340028694
1150,1393,31.355390147787148,819,0.5879396984924623
1151,1394,31.361524991963773,819,0.5875179340028694
1152,1395,31.35519034441871,820,0.5878136200716846
1153,1395,31.35519034441871,820,0.5878136200716846
1154,1389,31.33994521415738,820,0.5903527717782577
1155,1389,31.334611551060476,821,0.5910727141828653
1156,1389,31.334611551060476,821,0.5910727141828653
1157,1391,31.336605193394753,822,0.590941768511862
1158,1391,31.336605193394753,822,0.590941768511862
1159,1391,31.336605193394753,822,0.590941768511862
1160,1391,31.33658749625435,822,0.590941768511862
1161,1393,31.34000904701608,822,0.5900933237616655
1162,1395,31.345240485659065,823,0.5899641577060932
1163,1395,31.345240485659065,823,0.5899641577060932
1164,1395,31.345240485659065,823,0.5899641577060932
1165,1395,31.345240485659065,823,0.5899641577060932
1166,1396,31.343444117138535,824,0.5902578796561605
1167,1400,31.3490885029785,825,0.5892857142857143
1168,1398,31.343866775951145,825,0.5901287553648069
1169,1398,31.343866775951145,825,0.5901287553648069
1170,1400,31.342274078414,827,0.5907142857142857
1171,1401,31.334353279642684,828,0.5910064239828694
1172,1404,31.343392326469377,829,0.5904558404558404
1173,1403,31.342600959727868,828,0.5901639344262295
1174,1402,31.343706433308274,827,0.5898716119828816
1175,1403,31.34449621585025,828,0.5901639344262295
1176,1403,31.34449621585025,828,0.5901639344262295
1177,1403,31.34449621585025,828,0.5901639344262295
1178,1403,31.34449621585025,828,0.5901639344262295
1179,1403,31.34449621585025,828,0.5901639344262295
1180,1403,31.34449621585025,828,0.5901639344262295
1181,1403,31.34449621585025,828,0.5901639344262295
1182,1404,31.34884655501645,828,0.5897435897435898
1183,1404,31.34884655501645,828,0.5897435897435898
1184,1405,31.35174802381146,828,0.5893238434163701
1185,1405,31.35174802381146,828,0.5893238434163701
1186,1406,31.354115794531793,828,0.5889046941678521
1187,1406,31.357883510902347,828,0.5889046941678521
1188,1407,31.363191716564103,828,0.5884861407249466
1189,1409,31.375271989002485,828,0.5876508161816891
1190,1408,31.371520854051493,828,0.5880681818181818
1191,1408,31.371520854051493,828,0.5880681818181818
1192,1409,31.37586468558595,828,0.5876508161816891
1193,1411,31.386515296855844,828,0.58681785967399
1194,1411,31.386515296855844,828,0.58681785967399
1195,1411,31.382670611020696,829,0.5875265768958186
1196,1412,31.380259090439164,830,0.5878186968838527
1197,1413,31.386840339216068,830,0.5874026893135174
1198,1413,31.386840339216068,830,0.5874026893135174
1199,1413,31.386840339216068,830,0.5874026893135174
1200,1413,31.386840339216068,830,0.5874026893135174
1201,1413,31.386840339216068,830,0.5874026893135174
1202,1413,31.386822023575515,830,0.5874026893135174
1203,1413,31.38684343023029,830,0.5874026893135174
1204,1414,31.392171344424117,830,0.5869872701555869
1205,1414,31.392171344424117,830,0.5869872701555869
1206,1414,31.392171344424117,830,0.5869872701555869
1207,1416,31.388924891254025,832,0.5875706214689266
1208,1417,31.392754637182858,832,0.5871559633027523
1209,1417,31.382744414175935,833,0.5878616796047988
1210,1417,31.382744414175935,833,0.5878616796047988
1211,1419,31.37549689194186,835,0.5884425651867512
1212,1419,31.37549689194186,835,0.5884425651867512
1213,1419,31.377351179781886,834,0.587737843551797
1214,1420,31.38259849820979,834,0.5873239436619718
1215,1420,31.381863509459155,834,0.5873239436619718
1216,1423,31.392839121221993,834,0.5860857343640197
1217,1424,31.39750125524277,834,0.5856741573033708
1218,1425,31.403496738205824,833,0.584561403508772
1219,1427,31.40923236295922,833,0.5837421163279608
1220,1429,31.4162742299867,833,0.582925122463261
1221,1425,31.398526914209473,833,0.584561403508772
1222,1423,31.38891437043436,834,0.5860857343640197
1223,1423,31.38917257575207,834,0.5860857343640197
1224,1419,31.381082310163844,832,0.5863284002818887
1225,1420,31.384361722528237,832,0.5859154929577465
1226,1429,31.420201324288804,832,0.58222533240028
1227,1429,31.420201324288804,832,0.58222533240028
1228,1430,31.416409631363145,833,0.5825174825174825
1229,1429,31.417224571778934,832,0.58222533240028
1230,1428,31.411743391667574,832,0.5826330532212886
1231,1427,31.4155305704239,831,0.5823405746320953
1232,1429,31.417975164145837,832,0.58222533240028
1233,1429,31.41779829434626,832,0.58222533240028
1234,1425,31.407496124159856,832,0.583859649122807
1235,1424,31.414843603967903,832,0.5842696629213483
1236,1421,31.41757932672287,829,0.5833919774806474
1237,1419,31.41954879531515,827,0.5828047921071177
1238,1417,31.410346010664643,827,0.5836273817925194
1239,1419,31.405413214015574,829,0.5842142353770261
1240,1421,31.410085031270587,829,0.5833919774806474
1241,1421,31.410085031270587,829,0.5833919774806474
1242,1420,31.41034169091683,828,0.5830985915492958
1243,1416,31.4127758526291,824,0.5819209039548022
1244,1417,31.40972612633303,825,0.5822159491884262
1245,1417,31.40972612633303,825,0.5822159491884262
1246,1417,31.40972612633303,825,0.5822159491884262
1247,1417,31.40972612633303,825,0.5822159491884262
1248,1417,31.40972612633303,825,0.5822159491884262
1249,1417,31.40972612633303,825,0.5822159491884262
1250,1417,31.40972612633303,825,0.5822159491884262
1251,1416,31.406968270882487,825,0.5826271186440678
1252,1417,31.411436534535923,825,0.5822159491884262
1253,1410,31.44155077872908,817,0.5794326241134752
1254,1406,31.457891865255903,813,0.5782361308677099
1255,1407,31.46447249284428,812,0.5771144278606966
1256,1409,31.454187633126615,814,0.5777146912704045
1257,1419,31.4163911106222,824,0.5806906272022551
1258,1416,31.418548274160873,821,0.5798022598870056
1259,1415,31.41375166983929,820,0.5795053003533569
1260,1412,31.41522404919724,818,0.5793201133144475
1261,1411,31.41090012918625,818,0.5797306874557052
1262,1412,31.40926736034285,818,0.5793201133144475
1263,1412,31.415674829422024,817,0.5786118980169972
1264,1414,31.423628404988193,818,0.5785007072135785
1265,1377,31.28656824950537,819,0.5947712418300654
1266,1357,31.24353564831489,814,0.599852616064849
1267,1355,31.22336613629225,816,0.6022140221402214
1268,1352,31.216904026359614,816,0.6035502958579881
1269,1351,31.213168644357665,816,0.6039970392301999
1270,1354,31.23249693553257,815,0.6019202363367799
1271,1355,31.22898738196015,816,0.6022140221402214
1272,1357,31.221925245434267,818,0.6028002947678703
1273,1357,31.21581545322417,818,0.6028002947678703
1274,1361,31.189287655578177,823,0.6047024246877296
1275,1386,31.170700260807507,842,0.6075036075036075
1276,1424,31.03116390611187,878,0.6165730337078652
1277,1433,31.03081169509016,884,0.6168876482903001
1278,1449,30.971201124020013,899,0.6204278812974465
1279,1481,30.846776052921136,933,0.6299797434166104
1280,1478,30.86594594314709,930,0.6292286874154263
1281,1479,30.86878121220034,930,0.6288032454361054
1282,1478,30.868687536430446,929,0.628552097428958
1283,1444,30.864990247758666,899,0.6225761772853186
1284,1437,30.87367684147968,892,0.6207376478775226
1285,1431,30.877881196771977,885,0.6184486373165619
1286,1432,30.881047530686807,885,0.6180167597765364
1287,1451,30.828110402452864,904,0.6230186078566505
1288,1444,30.844502282033034,897,0.621191135734072
1289,1448,30.83686898164772,900,0.6215469613259669
1290,1450,30.832483345438416,902,0.6220689655172413
1291,1456,30.83006478731841,907,0.6229395604395604
1292,1473,30.763372359472644,923,0.626612355736592
1293,1472,30.76244968108621,922,0.626358695652174
1294,1475,30.773907469572407,923,0.6257627118644068
1295,1477,30.776731775553824,924,0.6255924170616114
1296,1477,30.776731775553824,924,0.6255924170616114
1297,1474,30.80230163897551,920,0.6241519674355496
1298,1475,30.80797335089573,920,0.6237288135593221
1299,1475,30.80797335089573,920,0.6237288135593221
1300,1475,30.80797335089573,920,0.6237288135593221
1301,1477,30.797609770980433,922,0.6242383209207854
1302,1477,30.797632049726612,922,0.6242383209207854
1303,1477,30.797632049726612,922,0.6242383209207854
1304,1483,30.808132808450168,923,0.6223870532703979
1305,1483,30.808132808450168,923,0.6223870532703979
1306,1483,30.808132808450168,923,0.6223870532703979
1307,1483,30.80807096106885,923,0.6223870532703979
1308,1484,30.815947292940905,922,0.6212938005390836
1309,1484,30.815947292940905,922,0.6212938005390836
1310,1486,30.80815422101232,924,0.6218034993270525
1311,1486,30.80815422101232,924,0.6218034993270525
1312,1487,30.812124799112105,924,0.6213853396099529
1313,1487,30.81254232489146,924,0.6213853396099529
1314,1487,30.812579187518494,924,0.6213853396099529
1315,1487,30.812579187518494,924,0.6213853396099529
1316,1487,30.812579187518494,924,0.6213853396099529
1317,1487,30.812579187518494,924,0.6213853396099529
1318,1487,30.812579187518494,924,0.6213853396099529
1319,1485,30.82060315864337,922,0.6208754208754209
1320,1485,30.82060315864337,922,0.6208754208754209
1321,1485,30.82060315864337,922,0.6208754208754209
1322,1486,30.816168984915883,923,0.6211305518169583
1323,1487,30.81604749106308,924,0.6213853396099529
1324,1487,30.816082565688767,924,0.6213853396099529
1325,1488,30.81132336571183,925,0.6216397849462365
1326,1489,30.805124748944937,926,0.6218938885157824
1327,1491,30.79582458698444,928,0.6224010731052985
1328,1490,30.791866349513693,928,0.6228187919463087
1329,1490,30.792031897612215,928,0.6228187919463087
1330,1491,30.78952393161536,929,0.6230717639168344
1331,1493,30.782506675187744,931,0.62357669122572
1332,1493,30.782506675187744,931,0.62357669122572
1333,1493,30.782506675187744,931,0.62357669122572
1334,1494,30.78646340770784,931,0.6231593038821954
1335,1492,30.78530985626595,930,0.6233243967828418
1336,1496,30.776310666425136,934,0.6243315508021391
1337,1496,30.776401637682156,934,0.6243315508021391
1338,1497,30.782814252271013,934,0.6239144956579826
1339,1498,30.785318038195392,934,0.6234979973297731
1340,1498,30.785318038195392,934,0.6234979973297731
1341,1499,30.78091933708919,935,0.6237491661107405
1342,1501,30.779847912256432,937,0.6242504996668887
1343,1501,30.779847912256432,937,0.6242504996668887
1344,1501,30.78520505616069,937,0.6242504996668887
1345,1501,30.78520505616069,937,0.6242504996668887
1346,1501,30.78520505616069,937,0.6242504996668887
1347,1501,30.78520505616069,937,0.6242504996668887
1348,1501,30.78520505616069,937,0.6242504996668887
1349,1501,30.78520505616069,937,0.6242504996668887
1350,1500,30.780876486198,937,0.6246666666666667
1351,1501,30.77474251230433,938,0.6249167221852099
1352,1502,30.778571538191542,938,0.6245006657789614
1353,1502,30.778571538191542,938,0.6245006657789614
1354,1502,30.77874600316578,938,0.6245006657789614
1355,1502,30.774930555096606,938,0.6245006657789614
1356,1503,30.77578266069661,939,0.624750499001996
1357,1505,30.77405098507017,941,0.6252491694352159
1358,1504,30.770989637246934,941,0.6256648936170213
1359,1502,30.769292779240747,939,0.6251664447403462
1360,1503,30.764818459361017,940,0.6254158349966733
1361,1503,30.764818459361017,940,0.6254158349966733
1362,1507,30.76461111650531,944,0.6264100862641009
1363,1508,30.76343701577931,945,0.626657824933687
1364,1508,30.76343701577931,945,0.626657824933687
1365,1507,30.765775437390776,944,0.6264100862641009
1366,1502,30.749591816607857,943,0.6278295605858855
1367,1502,30.749550329886752,943,0.6278295605858855
1368,1453,30.903899534560637,896,0.616655196145905
1369,1445,30.891274451485675,892,0.6173010380622838
1370,1454,30.87004511698185,902,0.6203576341127923
1371,1466,30.88572860844379,907,0.6186903137789904
1372,1461,30.864033972831145,905,0.6194387405886379
1373,1468,30.86030440154019,912,0.6212534059945504
1374,1472,30.843970244056383,916,0.6222826086956522
1375,1473,30.83398511354318,918,0.6232179226069247
1376,1474,30.837978002447965,917,0.6221166892808684
1377,1431,30.82969002042229,880,0.6149545772187281
1378,1425,30.855856170098175,874,0.6133333333333333
1379,1422,30.89344404699592,868,0.6104078762306611
1380,1493,30.98322924694776,915,0.6128600133958473
1381,1494,30.982297516465863,916,0.6131191432396251
1382,1494,30.991977363675105,916,0.6131191432396251
1383,1485,31.061265164056497,904,0.6087542087542087
1384,1489,31.052015332068905,908,0.6098052384150436
1385,1485,31.06518573420014,904,0.6087542087542087
1386,1502,31.04034649908342,921,0.6131824234354194
1387,1520,31.020019518402105,939,0.6177631578947368
1388,1550,30.919643308480197,967,0.6238709677419355
1389,1557,30.91066683320598,974,0.6255619781631342
1390,1564,30.869221501955053,981,0.6272378516624041
1391,1569,30.84786172321619,986,0.6284257488846399
1392,1568,30.835963824943175,987,0.6294642857142857
1393,1576,30.89471455354264,985,0.625
1394,1587,30.8331618638816,994,0.626339004410838
1395,1590,30.816637137489245,998,0.6276729559748427
1396,1595,30.808622786459058,1002,0.6282131661442006
1397,1601,30.816528683742224,1005,0.6277326670830731
1398,1613,30.86515493503156,1005,0.6230626162430254
1399,1614,30.859756679627328,1006,0.6232961586121437
1400,1613,30.85400798332083,1006,0.6236825790452573
1401,1614,30.85934257293501,1006,0.6232961586121437
1402,1616,30.85153832848348,1008,0.6237623762376238
1403,1638,30.79902331809188,1028,0.6275946275946276
1404,1639,30.814386850061076,1027,0.62660158633313
1405,1641,30.819958457295915,1028,0.6264472882388787
1406,1653,30.79231004629486,1041,0.6297640653357531
1407,1663,30.78771560274065,1051,0.6319903788334336
1408,1663,30.78771560274065,1051,0.6319903788334336
1409,1666,30.785364585177135,1053,0.6320528211284514
1410,1666,30.785364585177135,1053,0.6320528211284514
1411,1667,30.788639919925675,1053,0.6316736652669466
1412,1669,30.788730341495448,1054,0.6315158777711204
1413,1671,30.784633857233217,1056,0.6319569120287253
1414,1673,30.78671781239211,1057,0.6317991631799164
1415,1674,30.785230813271987,1058,0.6320191158900836
1416,1674,30.785230813271987,1058,0.6320191158900836
1417,1675,30.790849758269676,1058,0.6316417910447761
1418,1674,30.792078905194927,1057,0.6314217443249701
1419,1674,30.792029015542415,1057,0.6314217443249701
1420,1674,30.792029015542415,1057,0.6314217443249701
1421,1674,30.792034620907707,1057,0.6314217443249701
1422,1673,30.786462945005024,1057,0.6317991631799164
1423,1673,30.786462945005024,1057,0.6317991631799164
1424,1673,30.786437457025944,1057,0.6317991631799164
1425,1673,30.786437457025944,1057,0.6317991631799164
1426,1674,30.792079460934648,1057,0.6314217443249701
1427,1675,30.788827323942808,1058,0.6316417910447761
1428,1682,30.78302465501926,1066,0.633769322235434
1429,1683,30.784107048851094,1067,0.6339869281045751
1430,1689,30.7826177231132,1072,0.6346950858496152
1431,1690,30.788643856485624,1072,0.6343195266272189
1432,1690,30.788643856485624,1072,0.6343195266272189
1433,1691,30.78519310435701,1073,0.6345357776463632
1434,1691,30.78519310435701,1073,0.6345357776463632
1435,1691,30.78519310435701,1073,0.6345357776463632
1436,1692,30.78875056850396,1073,0.6341607565011821
1437,1690,30.79287049707876,1071,0.6337278106508876
1438,1691,30.804252502339683,1070,0.6327616794795978
1439,1691,30.804252502339683,1070,0.6327616794795978
1440,1690,30.807980814748344,1069,0.6325443786982249
1441,1689,30.8114595060077,1068,0.6323268206039077
1442,1689,30.814199127650205,1068,0.6323268206039077
1443,1689,30.814203485131735,1068,0.6323268206039077
1444,1690,30.806492271202483,1069,0.6325443786982249
1445,1691,30.80313150655068,1070,0.6327616794795978
1446,1692,30.795840932185108,1071,0.6329787234042553
1447,1692,30.795840932185108,1071,0.6329787234042553
1448,1691,30.79888070146682,1070,0.6327616794795978
1449,1691,30.798840457212066,1070,0.6327616794795978
1450,1692,30.81276068679403,1069,0.6317966903073287
1451,1693,30.818448547563616,1069,0.6314235085646781
1452,1699,30.800523619543085,1075,0.6327251324308417
1453,1700,30.80654756615218,1075,0.6323529411764706
1454,1700,30.80654756615218,1075,0.6323529411764706
1455,1701,30.8045802680532,1076,0.6325690770135215
1456,1701,30.81333203674509,1075,0.631981187536743
1457,1700,30.814731932626003,1074,0.6317647058823529
1458,1700,30.814731932626003,1074,0.6317647058823529
1459,1700,30.814731932626003,1074,0.6317647058823529
1460,1700,30.814731932626003,1074,0.6317647058823529
1461,1700,30.81473717380235,1074,0.6317647058823529
1462,1699,30.82096096920983,1073,0.631547969393761
1463,1699,30.820837260787577,1073,0.631547969393761
1464,1699,30.820779221679462,1073,0.631547969393761
1465,1704,30.8179505106267,1078,0.6326291079812206
1466,1704,30.8179505106267,1078,0.6326291079812206
1467,1702,30.817556038810753,1077,0.6327849588719154
1468,1703,30.8113186635781,1079,0.6335877862595419
1469,1706,30.811701432099824,1081,0.6336459554513482
1470,1711,30.807201685189305,1085,0.6341320864991233
1471,1714,30.814543702102625,1087,0.6341890315052509
1472,1712,30.81961633412068,1085,0.6337616822429907
1473,1712,30.81961633412068,1085,0.6337616822429907
1474,1716,30.83415529930752,1085,0.6322843822843823
1475,1719,30.84128813538895,1086,0.631762652705061
1476,1727,30.84009986380764,1092,0.6323103647944412
1477,1730,30.849521834939427,1092,0.63121387283237
1478,1732,30.84098260131039,1094,0.6316397228637414
1479,1733,30.844999634276977,1094,0.6312752452394691
1480,1733,30.844994737746102,1094,0.6312752452394691
1481,1735,30.84963882084686,1095,0.6311239193083573
1482,1739,30.846646762397757,1098,0.6313973548016101
1483,1740,30.84174442058046,1099,0.6316091954022989
1484,1740,30.8510383656519,1098,0.6310344827586207
1485,1740,30.850916430175573,1099,0.6316091954022989
1486,1740,30.850916430175573,1099,0.6316091954022989
1487,1741,30.850766910770993,1100,0.6318207926479035
1488,1743,30.8516808272428,1101,0.6316695352839932
1489,1745,30.847717733423956,1103,0.6320916905444126
1490,1748,30.856039607450345,1104,0.631578947368421
1491,1748,30.85964400109685,1104,0.631578947368421
1492,1750,30.852202328524346,1106,0.632
1493,1754,30.83749571090758,1110,0.6328392246294184
1494,1755,30.843015131507123,1110,0.6324786324786325
1495,1755,30.843015131507123,1110,0.6324786324786325
1496,1759,30.839564113269475,1113,0.6327458783399659
1497,1761,30.841471837397616,1114,0.6325951164111301
1498,1763,30.84123011630868,1115,0.6324446965399887
1499,1763,30.84123011630868,1115,0.6324446965399887
1500,1763,30.84123011630868,1115,0.6324446965399887
1501,1764,30.83749536975278,1116,0.6326530612244898
1502,1764,30.83749536975278,1116,0.6326530612244898
1503,1765,30.83496533800385,1117,0.6328611898016997
1504,1766,30.840539314170783,1117,0.6325028312570782
1505,1768,30.844952787353904,1118,0.6323529411764706
1506,1772,30.858249381795208,1119,0.631489841986456
1507,1770,30.857451948023673,1118,0.631638418079096
1508,1769,30.860443227459296,1117,0.6314301865460712
1509,1769,30.860443227459296,1117,0.6314301865460712
1510,1769,30.86049432458259,1117,0.6314301865460712
1511,1768,30.864712860559894,1116,0.6312217194570136
1512,1770,30.862070491741303,1118,0.631638418079096
1513,1768,30.852717143974775,1118,0.6323529411764706
1514,1767,30.847948771506335,1118,0.6327108092812677
1515,1768,30.84863960679502,1119,0.6329185520361991
1516,1768,30.84863960679502,1119,0.6329185520361991
1517,1768,30.84863960679502,1119,0.6329185520361991
1518,1770,30.843889514065985,1121,0.6333333333333333
1519,1773,30.833025803892557,1124,0.6339537507050197
1520,1773,30.8330518487317,1124,0.6339537507050197
1521,1775,30.843593862545635,1124,0.6332394366197183
1522,1774,30.846450294250733,1123,0.6330326944757609
1523,1775,30.86058565027707,1122,0.632112676056338
1524,1778,30.857357743020525,1124,0.6321709786276716
1525,1777,30.852074020699547,1124,0.6325267304445695
1526,1781,30.840436983758735,1128,0.6333520494104435
1527,1780,30.84447448037887,1127,0.6331460674157303
1528,1784,30.828214572260254,1131,0.6339686098654709
1529,1784,30.835179477989296,1130,0.6334080717488789
1530,1784,30.83528238562954,1130,0.6334080717488789
1531,1785,30.835489194293057,1131,0.6336134453781512
1532,1782,30.843481623185298,1128,0.632996632996633
1533,1783,30.83918136147841,1129,0.6332024677509815
1534,1783,30.839137436632196,1129,0.6332024677509815
1535,1783,30.839140312715088,1129,0.6332024677509815
1536,1784,30.836257100189968,1130,0.6334080717488789
1537,1784,30.836257100189968,1130,0.6334080717488789
1538,1785,30.841124862221793,1130,0.6330532212885154
1539,1785,30.841124862221793,1130,0.6330532212885154
1540,1784,30.845765179783015,1129,0.632847533632287
1541,1784,30.84575270103324,1129,0.632847533632287
1542,1785,30.845972341539216,1130,0.6330532212885154
1543,1784,30.847743032662446,1129,0.632847533632287
1544,1785,30.843589471274345,1130,0.6330532212885154
1545,1785,30.843639350734232,1130,0.6330532212885154
1546,1784,30.84234105621592,1130,0.6334080717488789
1547,1784,30.84234105621592,1130,0.6334080717488789
1548,1784,30.842339327972027,1130,0.6334080717488789
1549,1785,30.843630314197704,1130,0.6330532212885154
1550,1785,30.843633874888734,1130,0.6330532212885154
1551,1786,30.848111943123907,1130,0.6326987681970885
1552,1786,30.848111943123907,1130,0.6326987681970885
1553,1786,30.843051777947988,1130,0.6326987681970885
1554,1786,30.84302571673858,1130,0.6326987681970885
1555,1786,30.84302571673858,1130,0.6326987681970885
1556,1786,30.84302571673858,1130,0.6326987681970885
1557,1787,30.843325727540627,1131,0.6329043088975937
1558,1787,30.843325727540627,1131,0.6329043088975937
1559,1789,30.835382077791284,1133,0.6333147009502516
1560,1790,30.83403311467687,1134,0.6335195530726258
1561,1791,30.82818485498107,1135,0.6337241764377443
1562,1791,30.82815369805818,1135,0.6337241764377443
1563,1795,30.816778902909356,1139,0.6345403899721448
1564,1795,30.816778902909356,1139,0.6345403899721448
1565,1795,30.814143502878437,1140,0.6350974930362117
1566,1795,30.818095153217325,1140,0.6350974930362117
1567,1798,30.81081690220172,1143,0.635706340378198
1568,1797,30.812799055484643,1142,0.6355036171396773
1569,1800,30.801712024899672,1145,0.6361111111111111
1570,1799,30.8068536586522,1144,0.6359088382434686
1571,1798,30.807331402622356,1143,0.635706340378198
1572,1799,30.80275083130929,1144,0.6359088382434686
1573,1800,30.79992360925111,1145,0.6361111111111111
1574,1801,30.79843621196263,1146,0.6363131593559134
1575,1800,30.80184724471673,1145,0.6361111111111111
1576,1800,30.80031919875061,1145,0.6361111111111111
1577,1806,30.774022280068053,1151,0.6373200442967885
1578,1807,30.772325942141613,1152,0.6375207526286663
1579,1806,30.77616394176074,1151,0.6373200442967885
1580,1807,30.772151651563643,1152,0.6375207526286663
1581,1807,30.77206977947814,1152,0.6375207526286663
1582,1807,30.77206977947814,1152,0.6375207526286663
1583,1809,30.77557977797789,1153,0.6373687119955777
1584,1811,30.767988363358477,1155,0.6377691882937604
1585,1813,30.76113676035786,1157,0.6381687810259239
1586,1814,30.757165237429053,1158,0.6383682469680264
1587,1816,30.75122782468899,1160,0.6387665198237885
1588,1816,30.751190355679626,1160,0.6387665198237885
1589,1816,30.754301924612665,1160,0.6387665198237885
1590,1817,30.74998676064761,1161,0.6389653274628508
1591,1817,30.749865614234395,1161,0.6389653274628508
1592,1815,30.757437347662975,1159,0.6385674931129477
1593,1815,30.757437347662975,1159,0.6385674931129477
1594,1815,30.757437347662975,1159,0.6385674931129477
1595,1816,30.753227510158812,1160,0.6387665198237885
1596,1815,30.753945931178624,1159,0.6385674931129477
1597,1817,30.748574668393893,1161,0.6389653274628508
1598,1817,30.748574668393893,1161,0.6389653274628508
1599,1817,30.748574668393893,1161,0.6389653274628508
1600,1817,30.746618177876773,1161,0.6389653274628508
1601,1819,30.745445713724024,1163,0.6393622869708631
1602,1818,30.74893418359076,1162,0.6391639163916392
1603,1818,30.74893418359076,1162,0.6391639163916392
1604,1819,30.744718237365472,1163,0.6393622869708631
1605,1820,30.741026749322856,1164,0.6395604395604395
1606,1820,30.741026749322856,1164,0.6395604395604395
1607,1820,30.741026749322856,1164,0.6395604395604395
1608,1821,30.738632701894502,1165,0.6397583745194948
1609,1821,30.738632701894502,1165,0.6397583745194948
1610,1821,30.738632701894502,1165,0.6397583745194948
1611,1821,30.738632701894502,1165,0.6397583745194948
1612,1821,30.738632701894502,1165,0.6397583745194948
1613,1821,30.738632701894502,1165,0.6397583745194948
1614,1821,30.738632701894502,1165,0.6397583745194948
1615,1821,30.738632701894502,1165,0.6397583745194948
1616,1821,30.738632701894502,1165,0.6397583745194948
1617,1821,30.738632701894502,1165,0.6397583745194948
1618,1821,30.738632701894502,1165,0.6397583745194948
1619,1820,30.742559806126483,1164,0.6395604395604395
1620,1819,30.74660917930143,1163,0.6393622869708631
1621,1819,30.74660917930143,1163,0.6393622869708631
1622,1820,30.742490978320216,1164,0.6395604395604395
1623,1821,30.739670234710875,1165,0.6397583745194948
1624,1822,30.73642734717535,1166,0.6399560922063666
1625,1822,30.73642734717535,1166,0.6399560922063666
1626,1822,30.73642734717535,1166,0.6399560922063666
1627,1822,30.73642734717535,1166,0.6399560922063666
1628,1822,30.736445003901704,1166,0.6399560922063666
1629,1822,30.736478033691437,1166,0.6399560922063666
1630,1827,30.725518339826102,1171,0.6409414340448824
1631,1828,30.723456676273635,1172,0.6411378555798687
1632,1828,30.723456676273635,1172,0.6411378555798687
1633,1830,30.716673084126068,1174,0.6415300546448087
1634,1830,30.71658089778448,1174,0.6415300546448087
1635,1830,30.7165717130453,1174,0.6415300546448087
1636,1830,30.7165717130453,1174,0.6415300546448087
1637,1830,30.7165717130453,1174,0.6415300546448087
1638,1830,30.7165717130453,1174,0.6415300546448087
1639,1832,30.71118506992096,1176,0.6419213973799127
1640,1832,30.711178170963812,1176,0.6419213973799127
1641,1832,30.71116916072107,1176,0.6419213973799127
1642,1832,30.71116916072107,1176,0.6419213973799127
1643,1832,30.71123796689754,1176,0.6419213973799127
1644,1829,30.720356558271625,1173,0.6413340623291416
1645,1830,30.71438890059623,1174,0.6415300546448087
1646,1830,30.71438890059623,1174,0.6415300546448087
1647,1830,30.71440348984957,1174,0.6415300546448087
1648,1823,30.726342704943608,1167,0.6401535929786067
1649,1824,30.721820559515788,1168,0.6403508771929824
1650,1824,30.721820559515788,1168,0.6403508771929824
1651,1821,30.709038690784844,1168,0.6414058209774849
1652,1820,30.709389373031645,1167,0.6412087912087913
1653,1813,30.672381393262658,1167,0.643684500827358
1654,1813,30.672381393262658,1167,0.643684500827358
1655,1808,30.6531342168255,1167,0.6454646017699115
1656,1798,30.654585168060404,1159,0.6446051167964405
1657,1797,30.65002608695192,1159,0.6449638286032277
1658,1787,30.68422525289664,1149,0.6429770565193061
1659,1763,30.70044815649614,1131,0.6415201361315939
1660,1757,30.660365150796867,1132,0.6442800227660785
1661,1724,30.728617040366935,1099,0.6374709976798144
1662,1720,30.719743282992265,1095,0.6366279069767442
1663,1710,30.73554269493404,1085,0.6345029239766082
1664,1707,30.74632502915472,1082,0.6338605741066198
1665,1704,30.75603859727594,1079,0.6332159624413145
1666,1704,30.75644835383932,1079,0.6332159624413145
1667,1686,30.786226227228944,1063,0.6304863582443654
1668,1677,30.794651422576564,1055,0.6290995825879547
1669,1673,30.79467109064794,1051,0.6282127913927077
1670,1668,30.808842055310432,1046,0.6270983213429256
1671,1666,30.815526262387095,1044,0.6266506602641057
1672,1665,30.81478014109826,1043,0.6264264264264264
1673,1665,30.81460522423826,1043,0.6264264264264264
1674,1665,30.81460522423826,1043,0.6264264264264264
1675,1666,30.81821013735648,1043,0.6260504201680672
1676,1666,30.81838494922437,1043,0.6260504201680672
1677,1666,30.81838494922437,1043,0.6260504201680672
1678,1665,30.81478014109826,1043,0.6264264264264264
1679,1664,30.814440979512376,1042,0.6262019230769231
1680,1664,30.81442468933191,1042,0.6262019230769231
1681,1664,30.81442468933191,1042,0.6262019230769231
1682,1664,30.81442468933191,1042,0.6262019230769231
1683,1665,30.819350648492613,1042,0.6258258258258258
1684,1661,30.83328838493871,1038,0.6249247441300422
1685,1661,30.830396679303675,1038,0.6249247441300422
1686,1660,30.833497544773017,1037,0.6246987951807229
1687,1653,30.84987651294943,1030,0.6231094978826376
1688,1642,30.88431919587552,1019,0.620584652862363
1689,1638,30.896121045770204,1015,0.6196581196581197
1690,1639,30.893719575652103,1016,0.6198901769371568
1691,1639,30.893719575652103,1016,0.6198901769371568
1692,1639,30.893719575652103,1016,0.6198901769371568
1693,1640,30.899629607548658,1016,0.6195121951219512
1694,1637,30.88141602182572,1016,0.6206475259621258
1695,1638,30.878236274584925,1017,0.6208791208791209
1696,1638,30.878236274584925,1017,0.6208791208791209
1697,1638,30.878236274584925,1017,0.6208791208791209
1698,1638,30.878236274584925,1017,0.6208791208791209
1699,1638,30.878236274584925,1017,0.6208791208791209
1700,1638,30.878236274584925,1017,0.6208791208791209
1701,1637,30.881256021851193,1016,0.6206475259621258
1702,1637,30.881256021851193,1016,0.6206475259621258
1703,1637,30.881256021851193,1016,0.6206475259621258
1704,1636,30.885972284089487,1015,0.6204156479217604
1705,1635,30.887588000946543,1014,0.6201834862385321
1706,1635,30.887588000946543,1014,0.6201834862385321
1707,1635,30.887588000946543,1014,0.6201834862385321
1708,1635,30.887588000946543,1014,0.6201834862385321
1709,1635,30.887605136862568,1014,0.6201834862385321
1710,1635,30.887605136862568,1014,0.6201834862385321
1711,1635,30.887605136862568,1014,0.6201834862385321
1712,1635,30.887605136862568,1014,0.6201834862385321
1713,1635,30.887605136862568,1014,0.6201834862385321
1714,1635,30.887605136862568,1014,0.6201834862385321
1715,1634,30.89047019508605,1013,0.6199510403916769
1716,1633,30.893632981488548,1012,0.6197183098591549
1717,1635,30.90535233563957,1012,0.618960244648318
1718,1637,30.916643348960353,1012,0.6182040317654246
1719,1636,30.91980559428386,1011,0.6179706601466992
1720,1635,30.925178526349907,1010,0.617737003058104
1721,1638,30.91890730686026,1013,0.6184371184371185
1722,1638,30.91890730686026,1013,0.6184371184371185
1723,1641,30.918707142554783,1015,0.6185252894576477
1724,1642,30.918728390361697,1016,0.6187576126674786
1725,1641,30.903124926696833,1018,0.6203534430225472
1726,1625,30.94471399450301,1004,0.6178461538461538
1727,1629,30.919843941634987,1010,0.620012277470841
1728,1640,30.919881501915548,1020,0.6219512195121951
1729,1646,30.911943229110264,1025,0.6227217496962333
1730,1648,30.909613105295755,1026,0.6225728155339806
1731,1656,30.90499354921824,1030,0.6219806763285024
1732,1653,30.924267258703686,1027,0.6212946158499697
1733,1653,30.91946286991597,1028,0.6218995765275257
1734,1655,30.91858215226465,1030,0.622356495468278
1735,1631,30.910035954273084,1010,0.6192519926425506
1736,1629,30.92019634624837,1008,0.6187845303867403
1737,1628,30.92318968552715,1007,0.6185503685503686
1738,1629,30.919090118101657,1008,0.6187845303867403
1739,1627,30.909281971903443,1008,0.6195451751690227
1740,1627,30.909281971903443,1008,0.6195451751690227
1741,1628,30.90614321881554,1009,0.6197788697788698
1742,1628,30.90614321881554,1009,0.6197788697788698
1743,1628,30.901676251489253,1010,0.6203931203931204
1744,1628,30.90169577049662,1010,0.6203931203931204
1745,1628,30.90169577049662,1010,0.6203931203931204
1746,1628,30.901753251152456,1010,0.6203931203931204
1747,1628,30.901692472418674,1010,0.6203931203931204
1748,1629,30.905169743050525,1010,0.620012277470841
1749,1630,30.901342615287177,1011,0.6202453987730061
1750,1630,30.901342615287177,1011,0.6202453987730061
1751,1630,30.901454948406684,1011,0.6202453987730061
1752,1630,30.901454948406684,1011,0.6202453987730061
1753,1630,30.901454948406684,1011,0.6202453987730061
1754,1630,30.899410155143865,1011,0.6202453987730061
1755,1630,30.899410155143865,1011,0.6202453987730061
1756,1630,30.89936636353405,1011,0.6202453987730061
1757,1630,30.89936636353405,1011,0.6202453987730061
1758,1627,30.896673484175473,1010,0.6207744314689613
1759,1629,30.902876831123756,1011,0.6206261510128913
1760,1630,30.903281777184173,1012,0.6208588957055214
1761,1626,30.898875284339116,1010,0.6211562115621156
1762,1624,30.887202770089043,1010,0.6219211822660099
1763,1624,30.882399396932826,1011,0.6225369458128078
1764,1624,30.878672747848217,1012,0.6231527093596059
1765,1624,30.8811497967806,1011,0.6225369458128078
1766,1625,30.87648671894135,1012,0.6227692307692307
1767,1626,30.87770194988524,1013,0.6230012300123001
1768,1627,30.878223579899444,1014,0.6232329440688383
1769,1627,30.878223579899444,1014,0.6232329440688383
1770,1627,30.87627605698648,1014,0.6232329440688383
1771,1630,30.86525659758908,1017,0.6239263803680981
1772,1630,30.86525659758908,1017,0.6239263803680981
1773,1630,30.86525659758908,1017,0.6239263803680981
1774,1630,30.86525659758908,1017,0.6239263803680981
1775,1630,30.86525659758908,1017,0.6239263803680981
1776,1632,30.86571493952855,1019,0.6243872549019608
1777,1631,30.862980504836663,1019,0.624770079705702
1778,1630,30.86177205047975,1019,0.6251533742331289
1779,1629,30.86139449159417,1018,0.6249232658072437
1780,1629,30.86139449159417,1018,0.6249232658072437
1781,1629,30.861326188249844,1018,0.6249232658072437
1782,1630,30.86312649120166,1018,0.6245398773006134
1783,1630,30.86312649120166,1018,0.6245398773006134
1784,1630,30.86312649120166,1018,0.6245398773006134
1785,1630,30.86312649120166,1018,0.6245398773006134
1786,1631,30.858919035964927,1019,0.624770079705702
1787,1630,30.863115820649572,1018,0.6245398773006134
1788,1630,30.863073213326807,1018,0.6245398773006134
1789,1630,30.863073213326807,1018,0.6245398773006134
1790,1630,30.863073213326807,1018,0.6245398773006134
1791,1630,30.863073213326807,1018,0.6245398773006134
1792,1630,30.863073213326807,1018,0.6245398773006134
1793,1630,30.863073213326807,1018,0.6245398773006134
1794,1630,30.863073213326807,1018,0.6245398773006134
1795,1630,30.863073213326807,1018,0.6245398773006134
1796,1627,30.85838559989871,1017,0.6250768285187461
1797,1626,30.861530677143236,1016,0.6248462484624846
1798,1628,30.853745401901044,1018,0.6253071253071253
1799,1628,30.853745401901044,1018,0.6253071253071253
1800,1629,30.855282814297116,1018,0.6249232658072437
1801,1629,30.855282814297116,1018,0.6249232658072437
1802,1630,30.85630499760902,1019,0.6251533742331289
1803,1630,30.856200684221967,1019,0.6251533742331289
1804,1630,30.856200684221967,1019,0.6251533742331289
1805,1630,30.856200684221967,1019,0.6251533742331289
1806,1630,30.856200684221967,1019,0.6251533742331289
1807,1630,30.856243291544725,1019,0.6251533742331289
1808,1631,30.855172472069405,1020,0.6253832004904967
1809,1630,30.85826944420423,1019,0.6251533742331289
1810,1630,30.85826944420423,1019,0.6251533742331289
1811,1633,30.847840767581445,1022,0.6258420085731782
1812,1633,30.847840767581445,1022,0.6258420085731782
1813,1633,30.847840767581445,1022,0.6258420085731782
1814,1633,30.847840767581445,1022,0.6258420085731782
1815,1633,30.847840767581445,1022,0.6258420085731782
1816,1633,30.847840767581445,1022,0.6258420085731782
1817,1634,30.845703128392717,1023,0.6260709914320686
1818,1634,30.845703128392717,1023,0.6260709914320686
1819,1634,30.845703128392717,1023,0.6260709914320686
1820,1634,30.845703128392717,1023,0.6260709914320686
1821,1635,30.846377832731317,1024,0.6262996941896024
1822,1636,30.845017837621395,1025,0.6265281173594132
1823,1638,30.844918106422593,1027,0.626984126984127
1824,1639,30.846720164177487,1027,0.62660158633313
1825,1637,30.841871969678863,1027,0.6273671350030544
1826,1637,30.841871969678863,1027,0.6273671350030544
1827,1637,30.841871969678863,1027,0.6273671350030544
1828,1637,30.841871969678863,1027,0.6273671350030544
1829,1638,30.845441103629796,1027,0.626984126984127
1830,1637,30.842995417443746,1027,0.6273671350030544
1831,1637,30.842995417443746,1027,0.6273671350030544
1832,1635,30.84066623178477,1026,0.6275229357798165
1833,1635,30.84066623178477,1026,0.6275229357798165
1834,1635,30.84066623178477,1026,0.6275229357798165
1835,1635,30.84066623178477,1026,0.6275229357798165
1836,1635,30.84066623178477,1026,0.6275229357798165
1837,1635,30.84066623178477,1026,0.6275229357798165
1838,1635,30.84066623178477,1026,0.6275229357798165
1839,1635,30.84066623178477,1026,0.6275229357798165
1840,1635,30.84068914001725,1026,0.6275229357798165
1841,1635,30.84068914001725,1026,0.6275229357798165
1842,1636,30.835461912547615,1027,0.6277506112469438
1843,1637,30.83156480352059,1028,0.6279780085522297
1844,1637,30.83156480352059,1028,0.6279780085522297
1845,1637,30.83156480352059,1028,0.6279780085522297
1846,1637,30.83156480352059,1028,0.6279780085522297
1847,1637,30.83156480352059,1028,0.6279780085522297
1848,1637,30.83156480352059,1028,0.6279780085522297
1849,1637,30.83156480352059,1028,0.6279780085522297
1850,1637,30.83156480352059,1028,0.6279780085522297
1851,1637,30.83161903466457,1028,0.6279780085522297
1852,1637,30.83161903466457,1028,0.6279780085522297
1853,1637,30.83161903466457,1028,0.6279780085522297
1854,1637,30.83161903466457,1028,0.6279780085522297
1855,1637,30.83161903466457,1028,0.6279780085522297
1856,1636,30.83430575026277,1027,0.6277506112469438
1857,1636,30.83430575026277,1027,0.6277506112469438
1858,1636,30.83430575026277,1027,0.6277506112469438
1859,1636,30.83430575026277,1027,0.6277506112469438
1860,1636,30.83430575026277,1027,0.6277506112469438
1861,1636,30.834261104681907,1027,0.6277506112469438
1862,1636,30.834261104681907,1027,0.6277506112469438
1863,1636,30.834261104681907,1027,0.6277506112469438
1864,1637,30.835897151055345,1027,0.6273671350030544
1865,1638,30.837035825913865,1028,0.6275946275946276
1866,1638,30.837035825913865,1028,0.6275946275946276
1867,1638,30.837035825913865,1028,0.6275946275946276
1868,1638,30.837035825913865,1028,0.6275946275946276
1869,1640,30.8272040500086,1030,0.6280487804878049
1870,1640,30.8272040500086,1030,0.6280487804878049
1871,1641,30.830045898612493,1030,0.6276660572821451
1872,1641,30.830045898612493,1030,0.6276660572821451
1873,1642,30.8343247335408,1030,0.6272838002436053
1874,1643,30.838146211488557,1030,0.6269020085209982
1875,1643,30.837093268945527,1030,0.6269020085209982
1876,1647,30.82088517867632,1034,0.6278081360048573
1877,1647,30.82088517867632,1034,0.6278081360048573
1878,1647,30.82088517867632,1034,0.6278081360048573
1879,1648,30.816505936051513,1035,0.6280339805825242
1880,1649,30.814613804924075,1036,0.6282595512431777
1881,1649,30.814253778251725,1036,0.6282595512431777
1882,1650,30.812708505758906,1037,0.6284848484848485
1883,1650,30.812708505758906,1037,0.6284848484848485
1884,1651,30.808561035753605,1038,0.628709872804361
1885,1651,30.808561035753605,1038,0.628709872804361
1886,1651,30.808561035753605,1038,0.628709872804361
1887,1658,30.777765925112305,1045,0.6302774427020507
1888,1658,30.777204540507597,1045,0.6302774427020507
1889,1658,30.777204540507597,1045,0.6302774427020507
1890,1658,30.777204540507597,1045,0.6302774427020507
1891,1658,30.777204540507597,1045,0.6302774427020507
1892,1658,30.777204540507597,1045,0.6302774427020507
1893,1658,30.777204540507597,1045,0.6302774427020507
1894,1659,30.77743503331507,1046,0.6305003013863774
1895,1659,30.77743503331507,1046,0.6305003013863774
1896,1659,30.77743503331507,1046,0.6305003013863774
1897,1660,30.78066133781319,1046,0.6301204819277109
1898,1661,30.780536202717705,1047,0.6303431667670079
1899,1662,30.774772284425033,1048,0.6305655836341757
1900,1664,30.765826529945432,1050,0.6310096153846154
1901,1665,30.762362370456756,1051,0.6312312312312313
1902,1665,30.762362370456756,1051,0.6312312312312313
1903,1665,30.75745188595405,1051,0.6312312312312313
1904,1666,30.75834254184502,1052,0.631452581032413
1905,1667,30.755017698954948,1053,0.6316736652669466
1906,1668,30.75137632060467,1054,0.63189448441247
1907,1670,30.749875323412095,1056,0.6323353293413174
1908,1681,30.72860102131862,1067,0.6347412254610351
1909,1682,30.727683033427347,1068,0.6349583828775267
1910,1682,30.729330169861356,1068,0.6349583828775267
1911,1695,30.726872727102357,1081,0.6377581120943953
