year,observed,null_mean,null_p95,null_p99
-221,0.0,0.0,0.0,0.0
-220,0.0,0.0,0.0,0.0
-219,0.0,0.0,0.0,0.0
-218,0.0,0.0,0.0,0.0
-217,0.0,0.0,0.0,0.0
-216,0.0,0.0,0.0,0.0
-215,0.0,0.0,0.0,0.0
-214,0.0,0.0,0.0,0.0
-213,0.0,0.0,0.0,0.0
-212,0.0,0.0,0.0,0.0
-211,0.0,0.0,0.0,0.0
-210,0.0,0.0,0.0,0.0
-209,0.0,0.0,0.0,0.0
-208,0.0,0.0,0.0,0.0
-207,0.0,0.00203125,0.004296874999999978,0.047499999999999876
-206,0.0,0.00203125,0.004296874999999978,0.047499999999999876
-205,0.0,0.00203125,0.004296874999999978,0.047499999999999876
-204,0.0,0.00203125,0.004296874999999978,0.047499999999999876
-203,0.0,0.00203125,0.004296874999999978,0.047499999999999876
-202,0.0,0.0025,0.012109374999999978,0.05132812499999989
-201,0.0,0.0025,0.012109374999999978,0.05132812499999989
-200,0.0,0.0025,0.012109374999999978,0.05132812499999989
-199,0.0,0.0025,0.012109374999999978,0.05132812499999989
-198,0.0,0.0025,0.012109374999999978,0.05132812499999989
-197,0.0,0.0028125,0.015625,0.05132812499999989
-196,0.0,0.0028125,0.015625,0.05132812499999989
-195,0.0,0.0028125,0.015625,0.05132812499999989
-194,0.0,0.0028125,0.015625,0.05132812499999989
-193,0.0,0.0028125,0.015625,0.05132812499999989
-192,0.0,0.0034375,0.015625,0.05132812499999989
-191,0.0,0.0034375,0.015625,0.05132812499999989
-190,0.0,0.0034375,0.015625,0.05132812499999989
-189,0.0,0.0034375,0.015625,0.05132812499999989
-188,0.0,0.0034375,0.015625,0.05132812499999989
-187,0.0,0.0071875,0.047656249999999956,0.07429687499999998
-186,0.0,0.0071875,0.047656249999999956,0.07429687499999998
-185,0.0,0.0071875,0.047656249999999956,0.07429687499999998
-184,0.0,0.0071875,0.047656249999999956,0.07429687499999998
-183,0.0,0.0071875,0.047656249999999956,0.07429687499999998
-182,0.0,0.00890625,0.06054687499999989,0.08992187499999998
-181,0.0,0.00890625,0.06054687499999989,0.08992187499999998
-180,0.0,0.00890625,0.06054687499999989,0.08992187499999998
-179,0.0,0.00890625,0.06054687499999989,0.08992187499999998
-178,0.0,0.00890625,0.06054687499999989,0.08992187499999998
-177,0.0,0.016875,0.07890624999999996,0.17984374999999997
-176,0.0,0.01484375,0.06679687499999998,0.17984374999999997
-175,0.0,0.01484375,0.06679687499999998,0.17984374999999997
-174,0.0,0.01484375,0.06679687499999998,0.17984374999999997
-173,0.0,0.01484375,0.06679687499999998,0.17984374999999997
-172,0.0,0.01953125,0.09179687499999989,0.17984374999999997
-171,0.0,0.0190625,0.09179687499999989,0.17984374999999997
-170,0.0,0.0190625,0.09179687499999989,0.17984374999999997
-169,0.0,0.0190625,0.09179687499999989,0.17984374999999997
-168,0.0,0.0190625,0.09179687499999989,0.17984374999999997
-167,0.0,0.0203125,0.10039062499999984,0.17984374999999997
-166,0.0,0.02,0.10039062499999984,0.17984374999999997
-165,0.0,0.02,0.10039062499999984,0.17984374999999997
-164,0.0,0.02,0.10039062499999984,0.17984374999999997
-163,0.0,0.02,0.10039062499999984,0.17984374999999997
-162,0.0,0.0228125,0.10039062499999984,0.17984374999999997
-161,0.0,0.0221875,0.10039062499999984,0.17984374999999997
-160,0.0,0.0221875,0.10039062499999984,0.17984374999999997
-159,0.0,0.0221875,0.10039062499999984,0.17984374999999997
-158,0.0,0.0221875,0.10039062499999984,0.17984374999999997
-157,0.0,0.0253125,0.11093749999999991,0.17984374999999997
-156,0.0,0.0215625,0.09804687499999998,0.12898437499999998
-155,0.0,0.0215625,0.09804687499999998,0.12898437499999998
-154,0.0,0.0215625,0.09804687499999998,0.12898437499999998
-153,0.0,0.0215625,0.09804687499999998,0.12898437499999998
-152,0.0,0.02890625,0.11445312499999993,0.24835937499999955
-151,0.0,0.0271875,0.09023437499999998,0.24453124999999953
-150,0.0,0.0271875,0.09023437499999998,0.24453124999999953
-149,0.0,0.0271875,0.09023437499999998,0.24453124999999953
-148,0.0,0.0271875,0.09023437499999998,0.24453124999999953
-147,0.0,0.03015625,0.09375,0.24453124999999953
-146,0.0,0.0221875,0.08671874999999996,0.24070312499999952
-145,0.0,0.0221875,0.08671874999999996,0.24070312499999952
-144,0.0,0.0221875,0.08671874999999996,0.24070312499999952
-143,0.0,0.0221875,0.08671874999999996,0.24070312499999952
-142,0.0,0.02234375,0.08671874999999996,0.24070312499999952
-141,0.0,0.01765625,0.07109374999999996,0.22921874999999947
-140,0.0,0.01765625,0.07109374999999996,0.22921874999999947
-139,0.0,0.01765625,0.07109374999999996,0.22921874999999947
-138,0.0,0.01765625,0.07109374999999996,0.22921874999999947
-137,0.0,0.0340625,0.12578124999999996,0.37429687499999936
-136,0.0,0.0328125,0.12578124999999996,0.37429687499999936
-135,0.0,0.0328125,0.12578124999999996,0.37429687499999936
-134,0.0,0.0328125,0.12578124999999996,0.37429687499999936
-133,0.0,0.0328125,0.12578124999999996,0.37429687499999936
-132,0.0,0.04359375,0.18984374999999987,0.39726562499999946
-131,0.0,0.04078125,0.18984374999999987,0.39726562499999946
-130,0.0,0.04078125,0.18984374999999987,0.39726562499999946
-129,0.0,0.04078125,0.18984374999999987,0.39726562499999946
-128,0.0,0.04078125,0.18984374999999987,0.39726562499999946
-127,0.328125,0.07,0.37968749999999973,0.5750781249999999
-126,0.328125,0.066875,0.37968749999999973,0.5291406249999997
-125,0.328125,0.066875,0.37968749999999973,0.5291406249999997
-124,0.328125,0.066875,0.37968749999999973,0.5291406249999997
-123,0.328125,0.066875,0.37968749999999973,0.5291406249999997
-122,0.328125,0.07734375,0.40078124999999987,0.5809374999999994
-121,0.328125,0.07046875,0.35390624999999987,0.5732812499999994
-120,0.328125,0.07046875,0.35390624999999987,0.5732812499999994
-119,0.328125,0.07046875,0.35390624999999987,0.5732812499999994
-118,0.328125,0.07046875,0.35390624999999987,0.5732812499999994
-117,0.328125,0.07640625,0.35390624999999987,0.5772656249999994
-116,0.328125,0.0734375,0.35390624999999987,0.5772656249999994
-115,0.328125,0.0734375,0.35390624999999987,0.5772656249999994
-114,0.328125,0.0734375,0.35390624999999987,0.5772656249999994
-113,0.328125,0.0734375,0.35390624999999987,0.5772656249999994
-112,0.328125,0.0784375,0.35390624999999987,0.5772656249999994
-111,0.328125,0.07828125,0.35390624999999987,0.5772656249999994
-110,0.328125,0.07828125,0.35390624999999987,0.5772656249999994
-109,0.328125,0.07828125,0.35390624999999987,0.5772656249999994
-108,0.328125,0.07828125,0.35390624999999987,0.5772656249999994
-107,0.328125,0.086875,0.35390624999999987,0.5772656249999994
-106,0.328125,0.07046875,0.31757812499999993,0.5542968749999992
-105,0.328125,0.07046875,0.31757812499999993,0.5542968749999992
-104,0.328125,0.07046875,0.31757812499999993,0.5542968749999992
-103,0.328125,0.07046875,0.31757812499999993,0.5542968749999992
-102,0.328125,0.07484375,0.31757812499999993,0.5542968749999992
-101,0.328125,0.0640625,0.25078124999999996,0.5542968749999992
-100,0.328125,0.0640625,0.25078124999999996,0.5542968749999992
-99,0.328125,0.0640625,0.25078124999999996,0.5542968749999992
-98,0.328125,0.0640625,0.25078124999999996,0.5542968749999992
-97,0.328125,0.0690625,0.2964843749999998,0.5542968749999992
-96,0.0,0.03984375,0.1699218749999999,0.3480468749999999
-95,0.0,0.03984375,0.1699218749999999,0.3480468749999999
-94,0.0,0.03984375,0.1699218749999999,0.3480468749999999
-93,0.0,0.03984375,0.1699218749999999,0.3480468749999999
-92,0.0,0.043125,0.1699218749999999,0.3950781249999999
-91,0.0,0.0321875,0.14492187499999998,0.30703124999999953
-90,0.0,0.0321875,0.14492187499999998,0.30703124999999953
-89,0.0,0.0321875,0.14492187499999998,0.30703124999999953
-88,0.0,0.0321875,0.14492187499999998,0.30703124999999953
-87,0.0,0.0346875,0.14492187499999998,0.30703124999999953
-86,0.0,0.02875,0.14492187499999998,0.30703124999999953
-85,0.0,0.02875,0.14492187499999998,0.30703124999999953
-84,0.0,0.02875,0.14492187499999998,0.30703124999999953
-83,0.0,0.02875,0.14492187499999998,0.30703124999999953
-82,0.0,0.038125,0.18046874999999996,0.37976562499999983
-81,0.0,0.033125,0.17695312499999993,0.37976562499999983
-80,0.0,0.033125,0.17695312499999993,0.37976562499999983
-79,0.0,0.033125,0.17695312499999993,0.37976562499999983
-78,0.0,0.033125,0.17695312499999993,0.37976562499999983
-77,0.0,0.0471875,0.27343749999999956,0.4457812499999999
-76,0.0,0.03859375,0.27343749999999956,0.4457812499999999
-75,0.0,0.03859375,0.27343749999999956,0.4457812499999999
-74,0.0,0.03859375,0.27343749999999956,0.4457812499999999
-73,0.0,0.03859375,0.27343749999999956,0.4457812499999999
-72,0.0,0.04625,0.31640624999999933,0.5763281249999996
-71,0.0,0.041875,0.21757812499999984,0.5763281249999996
-70,0.0,0.041875,0.21757812499999984,0.5763281249999996
-69,0.0,0.041875,0.21757812499999984,0.5763281249999996
-68,0.0,0.041875,0.21757812499999984,0.5763281249999996
-67,0.0,0.05984375,0.3367187499999995,0.5763281249999996
-66,0.0,0.05484375,0.31210937499999936,0.5763281249999996
-65,0.0,0.05484375,0.31210937499999936,0.5763281249999996
-64,0.0,0.05484375,0.31210937499999936,0.5763281249999996
-63,0.0,0.05484375,0.31210937499999936,0.5763281249999996
-62,0.0,0.063125,0.36132812499999967,0.5763281249999996
-61,0.0,0.05984375,0.36132812499999967,0.5763281249999996
-60,0.0,0.05984375,0.36132812499999967,0.5763281249999996
-59,0.0,0.05984375,0.36132812499999967,0.5763281249999996
-58,0.0,0.05984375,0.36132812499999967,0.5763281249999996
-57,0.0,0.08328125,0.42265624999999996,0.6121874999999994
-56,0.0,0.08078125,0.42265624999999996,0.6121874999999994
-55,0.0,0.08078125,0.42265624999999996,0.6121874999999994
-54,0.0,0.08078125,0.42265624999999996,0.6121874999999994
-53,0.0,0.08078125,0.42265624999999996,0.6121874999999994
-52,0.0,0.08796875,0.4546874999999999,0.7155468749999998
-51,0.0,0.07859375,0.4234374999999999,0.7155468749999998
-50,0.0,0.07859375,0.4234374999999999,0.7155468749999998
-49,0.0,0.07859375,0.4234374999999999,0.7155468749999998
-48,0.0,0.07859375,0.4234374999999999,0.7155468749999998
-47,0.0,0.0865625,0.4234374999999999,0.7155468749999998
-46,0.0,0.07265625,0.40625,0.5610156249999996
-45,0.0,0.07265625,0.40625,0.5610156249999996
-44,0.0,0.07265625,0.40625,0.5610156249999996
-43,0.0,0.07265625,0.40625,0.5610156249999996
-42,0.0,0.07375,0.40625,0.5610156249999996
-41,0.0,0.06609375,0.36406249999999973,0.5610156249999996
-40,0.0,0.06609375,0.36406249999999973,0.5610156249999996
-39,0.0,0.06609375,0.36406249999999973,0.5610156249999996
-38,0.0,0.06609375,0.36406249999999973,0.5610156249999996
-37,0.015625,0.11046875,0.5031249999999998,0.7414843749999993
-36,0.015625,0.0925,0.40312499999999973,0.7414843749999993
-35,0.015625,0.0925,0.40312499999999973,0.7414843749999993
-34,0.015625,0.0925,0.40312499999999973,0.7414843749999993
-33,0.015625,0.0925,0.40312499999999973,0.7414843749999993
-32,0.015625,0.1140625,0.5394531249999998,0.8333593749999997
-31,0.015625,0.10578125,0.5222656249999998,0.8333593749999997
-30,0.015625,0.10578125,0.5222656249999998,0.8333593749999997
-29,0.015625,0.10578125,0.5222656249999998,0.8333593749999997
-28,0.015625,0.10578125,0.5222656249999998,0.8333593749999997
-27,0.015625,0.123125,0.5222656249999998,0.8333593749999997
-26,0.015625,0.0996875,0.37929687499999953,0.6201562499999994
-25,0.015625,0.0996875,0.37929687499999953,0.6201562499999994
-24,0.015625,0.0996875,0.37929687499999953,0.6201562499999994
-23,0.015625,0.0996875,0.37929687499999953,0.6201562499999994
-22,0.015625,0.1034375,0.3914062499999995,0.6775781249999997
-21,0.015625,0.09625,0.26640624999999996,0.6775781249999997
-20,0.015625,0.09625,0.26640624999999996,0.6775781249999997
-19,0.015625,0.09625,0.26640624999999996,0.6775781249999997
-18,0.015625,0.09625,0.26640624999999996,0.6775781249999997
-17,0.015625,0.1053125,0.27070312499999993,0.7696093749999999
-16,0.015625,0.0971875,0.2671874999999999,0.765625
-15,0.015625,0.0971875,0.2671874999999999,0.765625
-14,0.015625,0.0971875,0.2671874999999999,0.765625
-13,0.015625,0.0971875,0.2671874999999999,0.765625
-12,0.015625,0.11046875,0.33281249999999973,0.8413281249999998
-11,0.015625,0.109375,0.33281249999999973,0.8413281249999998
-10,0.015625,0.109375,0.33281249999999973,0.8413281249999998
-9,0.015625,0.109375,0.33281249999999973,0.8413281249999998
-8,0.015625,0.109375,0.33281249999999973,0.8413281249999998
-7,0.015625,0.11921875,0.4234374999999999,0.8532812499999997
-6,0.0,0.07484375,0.31835937499999944,0.8532812499999997
-5,0.0,0.07484375,0.31835937499999944,0.8532812499999997
-4,0.0,0.07484375,0.31835937499999944,0.8532812499999997
-3,0.0,0.07484375,0.31835937499999944,0.8532812499999997
-2,0.0,0.0790625,0.33242187499999953,0.8532812499999997
-1,0.0,0.05765625,0.19960937499999998,0.6771874999999989
0,0.0,0.05765625,0.19960937499999998,0.6771874999999989
1,0.0,0.05765625,0.19960937499999998,0.6771874999999989
2,0.0,0.05765625,0.19960937499999998,0.6771874999999989
3,0.0,0.0703125,0.37656249999999947,0.7460937499999992
4,0.0,0.05296875,0.3624999999999994,0.511953125
5,0.0,0.05296875,0.3624999999999994,0.511953125
6,0.0,0.05296875,0.3624999999999994,0.511953125
7,0.0,0.05296875,0.3624999999999994,0.511953125
8,0.0,0.0640625,0.3941406249999996,0.511953125
9,0.0,0.0603125,0.34257812499999984,0.4928124999999999
10,0.0,0.0603125,0.34257812499999984,0.4928124999999999
11,0.0,0.0603125,0.34257812499999984,0.4928124999999999
12,0.0,0.0603125,0.34257812499999984,0.4928124999999999
13,0.265625,0.06625,0.34257812499999984,0.4928124999999999
14,0.265625,0.0571875,0.2949218749999999,0.48132812499999983
15,0.265625,0.0571875,0.2949218749999999,0.48132812499999983
16,0.265625,0.0571875,0.2949218749999999,0.48132812499999983
17,0.265625,0.0571875,0.2949218749999999,0.48132812499999983
18,0.265625,0.0765625,0.3554687499999998,0.6828124999999994
19,0.265625,0.06328125,0.3554687499999998,0.6253906249999992
20,0.265625,0.06328125,0.3554687499999998,0.6253906249999992
21,0.265625,0.06328125,0.3554687499999998,0.6253906249999992
22,0.265625,0.06328125,0.3554687499999998,0.6253906249999992
23,0.265625,0.08578125,0.4234374999999999,0.7623437499999991
24,0.265625,0.0759375,0.39531249999999973,0.6906249999999994
25,0.265625,0.0759375,0.39531249999999973,0.6906249999999994
26,0.265625,0.0759375,0.39531249999999973,0.6906249999999994
27,0.265625,0.0759375,0.39531249999999973,0.6906249999999994
28,0.265625,0.0840625,0.39531249999999973,0.8399218749999999
29,0.265625,0.0796875,0.39531249999999973,0.8399218749999999
30,0.265625,0.0796875,0.39531249999999973,0.8399218749999999
31,0.265625,0.0796875,0.39531249999999973,0.8399218749999999
32,0.265625,0.0796875,0.39531249999999973,0.8399218749999999
33,0.265625,0.08265625,0.39531249999999973,0.9074999999999998
34,0.265625,0.07,0.39531249999999973,0.7620312499999992
35,0.265625,0.07,0.39531249999999973,0.7620312499999992
36,0.265625,0.07,0.39531249999999973,0.7620312499999992
37,0.265625,0.07,0.39531249999999973,0.7620312499999992
38,0.265625,0.07390625,0.39531249999999973,0.7620312499999992
39,0.265625,0.0628125,0.39531249999999973,0.7620312499999992
40,0.265625,0.0628125,0.39531249999999973,0.7620312499999992
41,0.265625,0.0628125,0.39531249999999973,0.7620312499999992
42,0.265625,0.0628125,0.39531249999999973,0.7620312499999992
43,0.265625,0.0740625,0.42695312499999993,0.7620312499999992
44,0.0,0.068125,0.42695312499999993,0.7620312499999992
45,0.0,0.068125,0.42695312499999993,0.7620312499999992
46,0.0,0.068125,0.42695312499999993,0.7620312499999992
47,0.0,0.068125,0.42695312499999993,0.7620312499999992
48,0.0,0.08171875,0.42695312499999993,0.7620312499999992
49,0.0,0.06234375,0.3609374999999999,0.696953124999999
50,0.0,0.06234375,0.3609374999999999,0.696953124999999
51,0.0,0.06234375,0.3609374999999999,0.696953124999999
52,0.0,0.06234375,0.3609374999999999,0.696953124999999
53,0.0,0.07421875,0.3609374999999999,0.696953124999999
54,0.0,0.05171875,0.31874999999999964,0.42601562499999995
55,0.0,0.05171875,0.31874999999999964,0.42601562499999995
56,0.0,0.05171875,0.31874999999999964,0.42601562499999995
57,0.0,0.05171875,0.31874999999999964,0.42601562499999995
58,0.0,0.05515625,0.31874999999999964,0.4375
59,0.0,0.04703125,0.24296874999999996,0.4068749999999999
60,0.0,0.04703125,0.24296874999999996,0.4068749999999999
61,0.0,0.04703125,0.24296874999999996,0.4068749999999999
62,0.0,0.04703125,0.24296874999999996,0.4068749999999999
63,0.0,0.05375,0.24296874999999996,0.4068749999999999
64,0.0,0.05078125,0.24296874999999996,0.4068749999999999
65,0.0,0.05078125,0.24296874999999996,0.4068749999999999
66,0.0,0.05078125,0.24296874999999996,0.4068749999999999
67,0.0,0.05078125,0.24296874999999996,0.4068749999999999
68,0.0,0.05578125,0.24296874999999996,0.41484374999999984
69,0.0,0.051875,0.24296874999999996,0.3520312499999999
70,0.0,0.051875,0.24296874999999996,0.3520312499999999
71,0.0,0.051875,0.24296874999999996,0.3520312499999999
72,0.0,0.051875,0.24296874999999996,0.3520312499999999
73,0.0,0.0540625,0.2671874999999999,0.3520312499999999
74,0.0,0.0428125,0.24296874999999996,0.31710937499999986
75,0.0,0.0428125,0.24296874999999996,0.31710937499999986
76,0.0,0.0428125,0.24296874999999996,0.31710937499999986
77,0.0,0.0428125,0.24296874999999996,0.31710937499999986
78,0.0,0.05296875,0.2671874999999999,0.36351562499999995
79,0.0,0.039375,0.2203124999999999,0.3290624999999998
80,0.0,0.039375,0.2203124999999999,0.3290624999999998
81,0.0,0.039375,0.2203124999999999,0.3290624999999998
82,0.0,0.039375,0.2203124999999999,0.3290624999999998
83,0.0,0.045625,0.2203124999999999,0.3290624999999998
84,0.0,0.03375,0.15156249999999982,0.3290624999999998
85,0.0,0.03375,0.15156249999999982,0.3290624999999998
86,0.0,0.03375,0.15156249999999982,0.3290624999999998
87,0.0,0.03375,0.15156249999999982,0.3290624999999998
88,0.0,0.04296875,0.2324218749999999,0.3290624999999998
89,0.0,0.03953125,0.2324218749999999,0.3290624999999998
90,0.0,0.03953125,0.2324218749999999,0.3290624999999998
91,0.0,0.03953125,0.2324218749999999,0.3290624999999998
92,0.0,0.03953125,0.2324218749999999,0.3290624999999998
93,0.0,0.05203125,0.2671874999999999,0.34054687499999986
94,0.0,0.0453125,0.2671874999999999,0.34054687499999986
95,0.0,0.0453125,0.2671874999999999,0.34054687499999986
96,0.0,0.0453125,0.2671874999999999,0.34054687499999986
97,0.0,0.0453125,0.2671874999999999,0.34054687499999986
98,0.0,0.04921875,0.2671874999999999,0.375
99,0.0,0.04421875,0.24648437499999998,0.375
100,0.0,0.04421875,0.24648437499999998,0.375
101,0.0,0.04421875,0.24648437499999998,0.375
102,0.0,0.04421875,0.24648437499999998,0.375
103,0.0,0.07515625,0.35390624999999987,0.4267968749999998
104,0.0,0.07296875,0.35390624999999987,0.4267968749999998
105,0.0,0.07296875,0.35390624999999987,0.4267968749999998
106,0.0,0.07296875,0.35390624999999987,0.4267968749999998
107,0.0,0.07296875,0.35390624999999987,0.4267968749999998
108,0.0,0.08578125,0.38789062499999993,0.46124999999999994
109,0.0,0.075625,0.38789062499999993,0.46124999999999994
110,0.0,0.075625,0.38789062499999993,0.46124999999999994
111,0.0,0.075625,0.38789062499999993,0.46124999999999994
112,0.0,0.075625,0.38789062499999993,0.46124999999999994
113,0.0,0.08515625,0.38789062499999993,0.46124999999999994
114,0.0,0.07890625,0.38789062499999993,0.46124999999999994
115,0.0,0.07890625,0.38789062499999993,0.46124999999999994
116,0.0,0.07890625,0.38789062499999993,0.46124999999999994
117,0.0,0.07890625,0.38789062499999993,0.46124999999999994
118,0.0,0.086875,0.38789062499999993,0.46124999999999994
119,0.0,0.07765625,0.38789062499999993,0.46124999999999994
120,0.0,0.07765625,0.38789062499999993,0.46124999999999994
121,0.0,0.07765625,0.38789062499999993,0.46124999999999994
122,0.0,0.07765625,0.38789062499999993,0.46124999999999994
123,0.0,0.09359375,0.449609375,0.5471874999999999
124,0.0,0.08140625,0.42421874999999987,0.5471874999999999
125,0.0,0.08140625,0.42421874999999987,0.5471874999999999
126,0.0,0.08140625,0.42421874999999987,0.5471874999999999
127,0.0,0.08140625,0.42421874999999987,0.5471874999999999
128,0.0,0.09703125,0.42421874999999987,0.6860156249999996
129,0.0,0.093125,0.42421874999999987,0.6860156249999996
130,0.0,0.093125,0.42421874999999987,0.6860156249999996
131,0.0,0.093125,0.42421874999999987,0.6860156249999996
132,0.0,0.093125,0.42421874999999987,0.6860156249999996
133,0.0,0.09875,0.42421874999999987,0.6860156249999996
134,0.0,0.0678125,0.32539062499999993,0.5299218749999994
135,0.0,0.0678125,0.32539062499999993,0.5299218749999994
136,0.0,0.0678125,0.32539062499999993,0.5299218749999994
137,0.0,0.0678125,0.32539062499999993,0.5299218749999994
138,0.0,0.069375,0.32539062499999993,0.5452343749999995
139,0.0,0.0565625,0.28789062499999984,0.49546874999999935
140,0.0,0.0565625,0.28789062499999984,0.49546874999999935
141,0.0,0.0565625,0.28789062499999984,0.49546874999999935
142,0.0,0.0565625,0.28789062499999984,0.49546874999999935
143,0.0,0.06953125,0.32109374999999996,0.6115624999999996
144,0.0,0.06,0.28789062499999984,0.6115624999999996
145,0.0,0.06,0.28789062499999984,0.6115624999999996
146,0.0,0.06,0.28789062499999984,0.6115624999999996
147,0.0,0.06,0.28789062499999984,0.6115624999999996
148,0.0,0.0753125,0.28789062499999984,0.9035156249999998
149,0.0,0.06734375,0.27031249999999973,0.9035156249999998
150,0.0,0.06734375,0.27031249999999973,0.9035156249999998
151,0.0,0.06734375,0.27031249999999973,0.9035156249999998
152,0.0,0.06734375,0.27031249999999973,0.9035156249999998
153,0.0,0.07046875,0.27031249999999973,0.9035156249999998
154,0.0,0.05421875,0.22304687499999998,0.715937499999999
155,0.0,0.05421875,0.22304687499999998,0.715937499999999
156,0.0,0.05421875,0.22304687499999998,0.715937499999999
157,0.0,0.05421875,0.22304687499999998,0.715937499999999
158,0.0,0.06125,0.23085937499999998,0.715937499999999
159,0.0,0.045625,0.2046874999999999,0.6049218749999985
160,0.0,0.045625,0.2046874999999999,0.6049218749999985
161,0.0,0.045625,0.2046874999999999,0.6049218749999985
162,0.0,0.045625,0.2046874999999999,0.6049218749999985
163,0.0,0.054375,0.22734374999999996,0.6248437499999985
164,0.0,0.04875,0.20390624999999996,0.6248437499999985
165,0.0,0.04875,0.20390624999999996,0.6248437499999985
166,0.0,0.04875,0.20390624999999996,0.6248437499999985
167,0.0,0.04875,0.20390624999999996,0.6248437499999985
168,0.015625,0.05375,0.20390624999999996,0.6286718749999984
169,0.015625,0.0521875,0.20390624999999996,0.6286718749999984
170,0.015625,0.0521875,0.20390624999999996,0.6286718749999984
171,0.015625,0.0521875,0.20390624999999996,0.6286718749999984
172,0.015625,0.0521875,0.20390624999999996,0.6286718749999984
173,0.015625,0.0646875,0.21523437499999998,0.6286718749999984
174,0.015625,0.05171875,0.21523437499999998,0.3736718749999995
175,0.015625,0.05171875,0.21523437499999998,0.3736718749999995
176,0.015625,0.05171875,0.21523437499999998,0.3736718749999995
177,0.015625,0.05171875,0.21523437499999998,0.3736718749999995
178,0.015625,0.0728125,0.3152343749999996,0.6633593749999993
179,0.015625,0.0575,0.23515624999999996,0.6021093749999991
180,0.015625,0.0575,0.23515624999999996,0.6021093749999991
181,0.015625,0.0575,0.23515624999999996,0.6021093749999991
182,0.015625,0.0575,0.23515624999999996,0.6021093749999991
183,0.0625,0.0740625,0.3152343749999996,0.8164843749999999
184,0.0625,0.0709375,0.3152343749999996,0.8164843749999999
185,0.0625,0.0709375,0.3152343749999996,0.8164843749999999
186,0.0625,0.0709375,0.3152343749999996,0.8164843749999999
187,0.0625,0.0709375,0.3152343749999996,0.8164843749999999
188,0.0625,0.07875,0.3152343749999996,0.8164843749999999
189,0.0625,0.07171875,0.3082031249999996,0.8164843749999999
190,0.0625,0.07171875,0.3082031249999996,0.8164843749999999
191,0.0625,0.07171875,0.3082031249999996,0.8164843749999999
192,0.0625,0.07171875,0.3082031249999996,0.8164843749999999
193,0.0625,0.08609375,0.5296874999999992,0.832265625
194,0.0625,0.07734375,0.5296874999999992,0.832265625
195,0.0625,0.07734375,0.5296874999999992,0.832265625
196,0.0625,0.07734375,0.5296874999999992,0.832265625
197,0.0625,0.07734375,0.5296874999999992,0.832265625
198,0.078125,0.0778125,0.5296874999999992,0.832265625
199,0.0625,0.0728125,0.5296874999999992,0.832265625
200,0.0625,0.0728125,0.5296874999999992,0.832265625
201,0.0625,0.0728125,0.5296874999999992,0.832265625
202,0.0625,0.0728125,0.5296874999999992,0.832265625
203,0.1484375,0.07453125,0.5296874999999992,0.832265625
204,0.1484375,0.06203125,0.5156249999999991,0.8131249999999999
205,0.1484375,0.06203125,0.5156249999999991,0.8131249999999999
206,0.1484375,0.06203125,0.5156249999999991,0.8131249999999999
207,0.1484375,0.06203125,0.5156249999999991,0.8131249999999999
208,0.2109375,0.068125,0.5156249999999991,0.8131249999999999
209,0.2109375,0.04703125,0.3121093749999998,0.7279687499999997
210,0.2109375,0.04703125,0.3121093749999998,0.7279687499999997
211,0.2109375,0.04703125,0.3121093749999998,0.7279687499999997
212,0.2109375,0.04703125,0.3121093749999998,0.7279687499999997
213,0.2109375,0.06828125,0.4402343749999996,0.7279687499999997
214,0.1640625,0.05171875,0.32499999999999973,0.5796874999999997
215,0.1640625,0.05171875,0.32499999999999973,0.5796874999999997
216,0.1640625,0.05171875,0.32499999999999973,0.5796874999999997
217,0.1640625,0.05171875,0.32499999999999973,0.5796874999999997
218,0.1640625,0.0546875,0.32499999999999973,0.5796874999999997
219,0.1640625,0.046875,0.23124999999999973,0.511953125
220,0.1640625,0.046875,0.23124999999999973,0.511953125
221,0.1640625,0.046875,0.23124999999999973,0.511953125
222,0.1640625,0.046875,0.23124999999999973,0.511953125
223,0.1640625,0.069375,0.4085937499999994,0.511953125
224,0.1640625,0.055,0.28203124999999996,0.5
225,0.1640625,0.055,0.28203124999999996,0.5
226,0.1640625,0.055,0.28203124999999996,0.5
227,0.1640625,0.055,0.28203124999999996,0.5
228,0.1640625,0.0678125,0.3121093749999998,0.754999999999999
229,0.1484375,0.06734375,0.3078124999999998,0.754999999999999
230,0.1484375,0.06734375,0.3078124999999998,0.754999999999999
231,0.1484375,0.06734375,0.3078124999999998,0.754999999999999
232,0.1484375,0.06734375,0.3078124999999998,0.754999999999999
233,0.1484375,0.07765625,0.39804687499999936,0.766484374999999
234,0.0625,0.0759375,0.39804687499999936,0.762656249999999
235,0.0625,0.0759375,0.39804687499999936,0.762656249999999
236,0.0625,0.0759375,0.39804687499999936,0.762656249999999
237,0.0625,0.0759375,0.39804687499999936,0.762656249999999
238,0.0625,0.0790625,0.39804687499999936,0.762656249999999
239,0.0,0.07296875,0.38046874999999925,0.762656249999999
240,0.0,0.07296875,0.38046874999999925,0.762656249999999
241,0.0,0.07296875,0.38046874999999925,0.762656249999999
242,0.0,0.07296875,0.38046874999999925,0.762656249999999
243,0.015625,0.0903125,0.5,0.7817968749999991
244,0.015625,0.0690625,0.3734374999999992,0.766484374999999
245,0.015625,0.0690625,0.3734374999999992,0.766484374999999
246,0.015625,0.0690625,0.3734374999999992,0.766484374999999
247,0.015625,0.0690625,0.3734374999999992,0.766484374999999
248,0.4375,0.0790625,0.4507812499999997,0.8239062499999993
249,0.4375,0.07609375,0.4507812499999997,0.8239062499999993
250,0.4375,0.07609375,0.4507812499999997,0.8239062499999993
251,0.4375,0.07609375,0.4507812499999997,0.8239062499999993
252,0.4375,0.07609375,0.4507812499999997,0.8239062499999993
253,0.5,0.08421875,0.5601562499999997,0.8239062499999993
254,0.5,0.06171875,0.4542968749999997,0.5557812499999998
255,0.5,0.06171875,0.4542968749999997,0.5557812499999998
256,0.5,0.06171875,0.4542968749999997,0.5557812499999998
257,0.5,0.06171875,0.4542968749999997,0.5557812499999998
258,0.5,0.0778125,0.5,0.5637499999999998
259,0.5,0.065,0.4507812499999997,0.5517968749999997
260,0.5,0.065,0.4507812499999997,0.5517968749999997
261,0.5,0.065,0.4507812499999997,0.5517968749999997
262,0.5,0.065,0.4507812499999997,0.5517968749999997
263,0.78125,0.09015625,0.5,0.6971874999999996
264,0.78125,0.07984375,0.5,0.6493749999999998
265,0.78125,0.07984375,0.5,0.6493749999999998
266,0.78125,0.07984375,0.5,0.6493749999999998
267,0.78125,0.07984375,0.5,0.6493749999999998
268,0.8515625,0.0846875,0.5,0.6493749999999998
269,0.8515625,0.0815625,0.46132812499999976,0.6340624999999998
270,0.8515625,0.0815625,0.46132812499999976,0.6340624999999998
271,0.8515625,0.0815625,0.46132812499999976,0.6340624999999998
272,0.8515625,0.0815625,0.46132812499999976,0.6340624999999998
273,0.8515625,0.0978125,0.46132812499999976,0.6340624999999998
274,0.8359375,0.08046875,0.3605468749999997,0.5956249999999996
275,0.8359375,0.08046875,0.3605468749999997,0.5956249999999996
276,0.8359375,0.08046875,0.3605468749999997,0.5956249999999996
277,0.8359375,0.08046875,0.3605468749999997,0.5956249999999996
278,0.8359375,0.09109375,0.4140625,0.5956249999999996
279,0.4140625,0.08109375,0.38945312499999984,0.5956249999999996
280,0.4140625,0.08109375,0.38945312499999984,0.5956249999999996
281,0.4140625,0.08109375,0.38945312499999984,0.5956249999999996
282,0.4140625,0.08109375,0.38945312499999984,0.5956249999999996
283,0.4140625,0.13140625,0.6074218749999994,0.8011718749999999
284,0.3515625,0.12328125,0.6074218749999994,0.793515625
285,0.3515625,0.12328125,0.6074218749999994,0.793515625
286,0.3515625,0.12328125,0.6074218749999994,0.793515625
287,0.3515625,0.12328125,0.6074218749999994,0.793515625
288,0.3515625,0.1665625,0.7957031249999998,0.9228124999999998
289,0.3515625,0.15046875,0.7957031249999998,0.9228124999999998
290,0.3515625,0.15046875,0.7957031249999998,0.9228124999999998
291,0.3515625,0.15046875,0.7957031249999998,0.9228124999999998
292,0.3515625,0.15046875,0.7957031249999998,0.9228124999999998
293,0.3515625,0.16921875,0.8097656249999999,0.9228124999999998
294,0.0703125,0.14453125,0.7374999999999998,0.9228124999999998
295,0.0703125,0.14453125,0.7374999999999998,0.9228124999999998
296,0.0703125,0.14453125,0.7374999999999998,0.9228124999999998
297,0.0703125,0.14453125,0.7374999999999998,0.9228124999999998
298,0.0703125,0.15546875,0.7374999999999998,0.9387499999999998
299,0.0,0.150625,0.652734375,0.9387499999999998
300,0.0,0.150625,0.652734375,0.9387499999999998
301,0.0,0.150625,0.652734375,0.9387499999999998
302,0.0,0.150625,0.652734375,0.9387499999999998
303,0.1640625,0.16703125,0.652734375,0.9387499999999998
304,0.1640625,0.15078125,0.6097656249999998,0.9387499999999998
305,0.1640625,0.15078125,0.6097656249999998,0.9387499999999998
306,0.1640625,0.15078125,0.6097656249999998,0.9387499999999998
307,0.1640625,0.15078125,0.6097656249999998,0.9387499999999998
308,0.1640625,0.16484375,0.7601562499999994,0.9387499999999998
309,0.1640625,0.15421875,0.7601562499999994,0.9387499999999998
310,0.1640625,0.15421875,0.7601562499999994,0.9387499999999998
311,0.1640625,0.15421875,0.7601562499999994,0.9387499999999998
312,0.1640625,0.15421875,0.7601562499999994,0.9387499999999998
313,0.1640625,0.16984375,0.7644531249999994,0.9387499999999998
314,0.1640625,0.1196875,0.6062499999999997,0.8207812499999999
315,0.1640625,0.1196875,0.6062499999999997,0.8207812499999999
316,0.1640625,0.1196875,0.6062499999999997,0.8207812499999999
317,0.1640625,0.1196875,0.6062499999999997,0.8207812499999999
318,0.1640625,0.139375,0.6718749999999996,0.8207812499999999
319,0.1640625,0.09609375,0.5335937499999999,0.6656249999999997
320,0.1640625,0.09609375,0.5335937499999999,0.6656249999999997
321,0.1640625,0.09609375,0.5335937499999999,0.6656249999999997
322,0.1640625,0.09609375,0.5335937499999999,0.6656249999999997
323,0.1640625,0.125625,0.6281249999999998,0.7230468749999999
324,0.1640625,0.10640625,0.5335937499999999,0.6256249999999999
325,0.1640625,0.10640625,0.5335937499999999,0.6256249999999999
326,0.1640625,0.10640625,0.5335937499999999,0.6256249999999999
327,0.1640625,0.10640625,0.5335937499999999,0.6256249999999999
328,0.1640625,0.139375,0.6355468749999996,1.0
329,0.1640625,0.1284375,0.6355468749999996,1.0
330,0.1640625,0.1284375,0.6355468749999996,1.0
331,0.1640625,0.1284375,0.6355468749999996,1.0
332,0.1640625,0.1284375,0.6355468749999996,1.0
333,0.1640625,0.1384375,0.7171874999999992,1.0
334,0.0,0.12203125,0.685546874999999,0.9540624999999998
335,0.0,0.12203125,0.685546874999999,0.9540624999999998
336,0.0,0.12203125,0.685546874999999,0.9540624999999998
337,0.0,0.12203125,0.685546874999999,0.9540624999999998
338,0.0,0.12578125,0.685546874999999,0.9540624999999998
339,0.0,0.11171875,0.685546874999999,0.9540624999999998
340,0.0,0.11171875,0.685546874999999,0.9540624999999998
341,0.0,0.11171875,0.685546874999999,0.9540624999999998
342,0.0,0.11171875,0.685546874999999,0.9540624999999998
343,0.0,0.1228125,0.7136718749999992,0.9540624999999998
344,0.0,0.10703125,0.7136718749999992,0.9540624999999998
345,0.0,0.10703125,0.7136718749999992,0.9540624999999998
346,0.0,0.10703125,0.7136718749999992,0.9540624999999998
347,0.0,0.10703125,0.7136718749999992,0.9540624999999998
348,0.0,0.10984375,0.7136718749999992,0.9540624999999998
349,0.0,0.09015625,0.54765625,0.9234374999999997
350,0.0,0.09015625,0.54765625,0.9234374999999997
351,0.0,0.09015625,0.54765625,0.9234374999999997
352,0.0,0.09015625,0.54765625,0.9234374999999997
353,0.0,0.09109375,0.54765625,0.9234374999999997
354,0.0,0.0615625,0.3781249999999998,0.46109374999999997
355,0.0,0.0615625,0.3781249999999998,0.46109374999999997
356,0.0,0.0615625,0.3781249999999998,0.46109374999999997
357,0.0,0.0615625,0.3781249999999998,0.46109374999999997
358,0.0,0.07171875,0.39570312499999993,0.46109374999999997
359,0.0,0.03875,0.14140624999999996,0.41867187499999986
360,0.0,0.03875,0.14140624999999996,0.41867187499999986
361,0.0,0.03875,0.14140624999999996,0.41867187499999986
362,0.0,0.03875,0.14140624999999996,0.41867187499999986
363,0.0,0.04578125,0.23007812499999958,0.42265624999999984
364,0.0,0.03578125,0.21249999999999947,0.42265624999999984
365,0.0,0.03578125,0.21249999999999947,0.42265624999999984
366,0.0,0.03578125,0.21249999999999947,0.42265624999999984
367,0.0,0.03578125,0.21249999999999947,0.42265624999999984
368,0.0,0.0453125,0.35976562499999976,0.44562499999999994
369,0.0,0.0415625,0.35976562499999976,0.41437499999999994
370,0.0,0.0415625,0.35976562499999976,0.41437499999999994
371,0.0,0.0415625,0.35976562499999976,0.41437499999999994
372,0.0,0.0415625,0.35976562499999976,0.41437499999999994
373,0.0,0.0540625,0.3984375,0.4296875
374,0.0,0.04296875,0.3468749999999998,0.4296875
375,0.0,0.04296875,0.3468749999999998,0.4296875
376,0.0,0.04296875,0.3468749999999998,0.4296875
377,0.0,0.04296875,0.3468749999999998,0.4296875
378,0.0,0.04421875,0.3468749999999998,0.4296875
379,0.0,0.04140625,0.3468749999999998,0.4296875
380,0.0,0.04140625,0.3468749999999998,0.4296875
381,0.0,0.04140625,0.3468749999999998,0.4296875
382,0.0,0.04140625,0.3468749999999998,0.4296875
383,0.0,0.05390625,0.3468749999999998,0.4296875
384,0.0,0.05296875,0.3468749999999998,0.4296875
385,0.0,0.05296875,0.3468749999999998,0.4296875
386,0.0,0.05296875,0.3468749999999998,0.4296875
387,0.0,0.05296875,0.3468749999999998,0.4296875
388,0.0,0.068125,0.3468749999999998,0.4774999999999998
389,0.0,0.05796875,0.3125,0.4774999999999998
390,0.0,0.05796875,0.3125,0.4774999999999998
391,0.0,0.05796875,0.3125,0.4774999999999998
392,0.0,0.05796875,0.3125,0.4774999999999998
393,0.0078125,0.0734375,0.3839843749999997,0.5473437499999999
394,0.0078125,0.06640625,0.32109374999999996,0.5473437499999999
395,0.0078125,0.06640625,0.32109374999999996,0.5473437499999999
396,0.0078125,0.06640625,0.32109374999999996,0.5473437499999999
397,0.0078125,0.06640625,0.32109374999999996,0.5473437499999999
398,0.0078125,0.0715625,0.32109374999999996,0.5828906249999999
399,0.0078125,0.06203125,0.32109374999999996,0.5790624999999998
400,0.0078125,0.06203125,0.32109374999999996,0.5790624999999998
401,0.0078125,0.06203125,0.32109374999999996,0.5790624999999998
402,0.0078125,0.06203125,0.32109374999999996,0.5790624999999998
403,0.0078125,0.07265625,0.3453124999999999,0.5790624999999998
404,0.0078125,0.06015625,0.32109374999999996,0.49484374999999947
405,0.0078125,0.06015625,0.32109374999999996,0.49484374999999947
406,0.0078125,0.06015625,0.32109374999999996,0.49484374999999947
407,0.0078125,0.06015625,0.32109374999999996,0.49484374999999947
408,0.0078125,0.065625,0.32109374999999996,0.49484374999999947
409,0.0078125,0.064375,0.32109374999999996,0.49484374999999947
410,0.0078125,0.064375,0.32109374999999996,0.49484374999999947
411,0.0078125,0.064375,0.32109374999999996,0.49484374999999947
412,0.0078125,0.064375,0.32109374999999996,0.49484374999999947
413,0.0078125,0.0815625,0.3453124999999999,0.598203125
414,0.0078125,0.0690625,0.3453124999999999,0.5714062499999998
415,0.0078125,0.0690625,0.3453124999999999,0.5714062499999998
416,0.0078125,0.0690625,0.3453124999999999,0.5714062499999998
417,0.0078125,0.0690625,0.3453124999999999,0.5714062499999998
418,0.0859375,0.075625,0.3453124999999999,0.5714062499999998
419,0.0859375,0.06046875,0.328125,0.4390624999999997
420,0.0859375,0.06046875,0.328125,0.4390624999999997
421,0.0859375,0.06046875,0.328125,0.4390624999999997
422,0.0859375,0.06046875,0.328125,0.4390624999999997
423,0.1015625,0.09796875,0.44531249999999956,0.766484374999999
424,0.09375,0.08265625,0.44531249999999956,0.766484374999999
425,0.09375,0.08265625,0.44531249999999956,0.766484374999999
426,0.09375,0.08265625,0.44531249999999956,0.766484374999999
427,0.09375,0.08265625,0.44531249999999956,0.766484374999999
428,0.09375,0.08328125,0.44531249999999956,0.766484374999999
429,0.09375,0.078125,0.44531249999999956,0.766484374999999
430,0.09375,0.078125,0.44531249999999956,0.766484374999999
431,0.09375,0.078125,0.44531249999999956,0.766484374999999
432,0.09375,0.078125,0.44531249999999956,0.766484374999999
433,0.140625,0.0890625,0.50859375,0.766484374999999
434,0.140625,0.0784375,0.50859375,0.766484374999999
435,0.140625,0.0784375,0.50859375,0.766484374999999
436,0.140625,0.0784375,0.50859375,0.766484374999999
437,0.140625,0.0784375,0.50859375,0.766484374999999
438,0.140625,0.0890625,0.519921875,0.8621874999999994
439,0.140625,0.08359375,0.519921875,0.8621874999999994
440,0.140625,0.08359375,0.519921875,0.8621874999999994
441,0.140625,0.08359375,0.519921875,0.8621874999999994
442,0.140625,0.08359375,0.519921875,0.8621874999999994
443,0.140625,0.09671875,0.519921875,1.0
444,0.140625,0.07953125,0.37226562499999905,1.0
445,0.140625,0.07953125,0.37226562499999905,1.0
446,0.140625,0.07953125,0.37226562499999905,1.0
447,0.140625,0.07953125,0.37226562499999905,1.0
448,0.140625,0.1034375,0.4742187499999997,1.0
449,0.0625,0.096875,0.4699218749999997,1.0
450,0.0625,0.096875,0.4699218749999997,1.0
451,0.0625,0.096875,0.4699218749999997,1.0
452,0.0625,0.096875,0.4699218749999997,1.0
453,0.0703125,0.10765625,0.50859375,1.0
454,0.0546875,0.07,0.36796874999999996,0.754999999999999
455,0.0546875,0.07,0.36796874999999996,0.754999999999999
456,0.0546875,0.07,0.36796874999999996,0.754999999999999
457,0.0546875,0.07,0.36796874999999996,0.754999999999999
458,0.109375,0.09515625,0.4718749999999998,0.8315624999999993
459,0.109375,0.09453125,0.4718749999999998,0.8315624999999993
460,0.109375,0.09453125,0.4718749999999998,0.8315624999999993
461,0.109375,0.09453125,0.4718749999999998,0.8315624999999993
462,0.109375,0.09453125,0.4718749999999998,0.8315624999999993
463,0.1953125,0.10625,0.4718749999999998,0.8315624999999993
464,0.1484375,0.0953125,0.4718749999999998,0.5796874999999997
465,0.1484375,0.0953125,0.4718749999999998,0.5796874999999997
466,0.1484375,0.0953125,0.4718749999999998,0.5796874999999997
467,0.1484375,0.0953125,0.4718749999999998,0.5796874999999997
468,0.1484375,0.09953125,0.4718749999999998,0.5796874999999997
469,0.1484375,0.08890625,0.4093749999999998,0.5796874999999997
470,0.1484375,0.08890625,0.4093749999999998,0.5796874999999997
471,0.1484375,0.08890625,0.4093749999999998,0.5796874999999997
472,0.1484375,0.08890625,0.4093749999999998,0.5796874999999997
473,0.1484375,0.0996875,0.4718749999999998,0.6026562499999998
474,0.1484375,0.0865625,0.4718749999999998,0.5986718749999997
475,0.1484375,0.0865625,0.4718749999999998,0.5986718749999997
476,0.1484375,0.0865625,0.4718749999999998,0.5986718749999997
477,0.1484375,0.0865625,0.4718749999999998,0.5986718749999997
478,0.1484375,0.0896875,0.4718749999999998,0.5986718749999997
479,0.1484375,0.06578125,0.375,0.4932812499999998
480,0.1484375,0.06578125,0.375,0.4932812499999998
481,0.1484375,0.06578125,0.375,0.4932812499999998
482,0.1484375,0.06578125,0.375,0.4932812499999998
483,0.2578125,0.0765625,0.375,0.4932812499999998
484,0.25,0.06578125,0.375,0.4932812499999998
485,0.25,0.06578125,0.375,0.4932812499999998
486,0.25,0.06578125,0.375,0.4932812499999998
487,0.25,0.06578125,0.375,0.4932812499999998
488,0.265625,0.06890625,0.40351562499999993,0.4932812499999998
489,0.2109375,0.04375,0.2539062499999998,0.43492187499999974
490,0.2109375,0.04375,0.2539062499999998,0.43492187499999974
491,0.2109375,0.04375,0.2539062499999998,0.43492187499999974
492,0.2109375,0.04375,0.2539062499999998,0.43492187499999974
493,0.21875,0.07015625,0.4492187499999998,0.5199218749999999
494,0.1328125,0.0584375,0.39648437499999944,0.5199218749999999
495,0.1328125,0.0584375,0.39648437499999944,0.5199218749999999
496,0.1328125,0.0584375,0.39648437499999944,0.5199218749999999
497,0.1328125,0.0584375,0.39648437499999944,0.5199218749999999
498,0.1328125,0.06984375,0.4210937499999996,0.5199218749999999
499,0.1328125,0.065625,0.4210937499999996,0.5199218749999999
500,0.1328125,0.065625,0.4210937499999996,0.5199218749999999
501,0.1328125,0.065625,0.4210937499999996,0.5199218749999999
502,0.1328125,0.065625,0.4210937499999996,0.5199218749999999
503,0.1328125,0.07375,0.42812499999999964,0.5199218749999999
504,0.1328125,0.06296875,0.359375,0.512265625
505,0.1328125,0.06296875,0.359375,0.512265625
506,0.1328125,0.06296875,0.359375,0.512265625
507,0.1328125,0.06296875,0.359375,0.512265625
508,0.1328125,0.0940625,0.5285156249999999,0.8966406249999996
509,0.1328125,0.09109375,0.5285156249999999,0.8966406249999996
510,0.1328125,0.09109375,0.5285156249999999,0.8966406249999996
511,0.1328125,0.09109375,0.5285156249999999,0.8966406249999996
512,0.1328125,0.09109375,0.5285156249999999,0.8966406249999996
513,0.1328125,0.09671875,0.543359375,0.9157812499999997
514,0.0234375,0.0859375,0.5179687499999999,0.9157812499999997
515,0.0234375,0.0859375,0.5179687499999999,0.9157812499999997
516,0.0234375,0.0859375,0.5179687499999999,0.9157812499999997
517,0.0234375,0.0859375,0.5179687499999999,0.9157812499999997
518,0.0234375,0.0921875,0.5179687499999999,0.9157812499999997
519,0.0078125,0.0890625,0.5074218749999998,0.9157812499999997
520,0.0078125,0.0890625,0.5074218749999998,0.9157812499999997
521,0.0078125,0.0890625,0.5074218749999998,0.9157812499999997
522,0.0078125,0.0890625,0.5074218749999998,0.9157812499999997
523,0.0078125,0.09796875,0.5847656249999994,0.9157812499999997
524,0.0,0.0715625,0.3277343749999998,0.9157812499999997
525,0.0,0.0715625,0.3277343749999998,0.9157812499999997
526,0.0,0.0715625,0.3277343749999998,0.9157812499999997
527,0.0,0.0715625,0.3277343749999998,0.9157812499999997
528,0.0,0.07671875,0.3277343749999998,0.9157812499999997
529,0.0,0.0653125,0.24882812499999984,0.9157812499999997
530,0.0,0.0653125,0.24882812499999984,0.9157812499999997
531,0.0,0.0653125,0.24882812499999984,0.9157812499999997
532,0.0,0.0653125,0.24882812499999984,0.9157812499999997
533,0.0,0.07765625,0.3464843749999996,0.9157812499999997
534,0.0,0.06953125,0.3464843749999996,0.7396874999999989
535,0.0,0.06953125,0.3464843749999996,0.7396874999999989
536,0.0,0.06953125,0.3464843749999996,0.7396874999999989
537,0.0,0.06953125,0.3464843749999996,0.7396874999999989
538,0.0,0.08625,0.465234375,0.743515624999999
539,0.0,0.055,0.3429687499999996,0.46890624999999997
540,0.0,0.055,0.3429687499999996,0.46890624999999997
541,0.0,0.055,0.3429687499999996,0.46890624999999997
542,0.0,0.055,0.3429687499999996,0.46890624999999997
543,0.0,0.06640625,0.3746093749999998,0.5801562499999996
544,0.0,0.06078125,0.3746093749999998,0.5801562499999996
545,0.0,0.06078125,0.3746093749999998,0.5801562499999996
546,0.0,0.06078125,0.3746093749999998,0.5801562499999996
547,0.0,0.06078125,0.3746093749999998,0.5801562499999996
548,0.0,0.06203125,0.3746093749999998,0.5801562499999996
549,0.0,0.05578125,0.3746093749999998,0.5801562499999996
550,0.0,0.05578125,0.3746093749999998,0.5801562499999996
551,0.0,0.05578125,0.3746093749999998,0.5801562499999996
552,0.0,0.05578125,0.3746093749999998,0.5801562499999996
553,0.0,0.06609375,0.3746093749999998,0.5801562499999996
554,0.0,0.0571875,0.3746093749999998,0.5648437499999995
555,0.0,0.0571875,0.3746093749999998,0.5648437499999995
556,0.0,0.0571875,0.3746093749999998,0.5648437499999995
557,0.0,0.0571875,0.3746093749999998,0.5648437499999995
558,0.0,0.06015625,0.3746093749999998,0.5648437499999995
559,0.0,0.055,0.3746093749999998,0.5648437499999995
560,0.0,0.055,0.3746093749999998,0.5648437499999995
561,0.0,0.055,0.3746093749999998,0.5648437499999995
562,0.0,0.055,0.3746093749999998,0.5648437499999995
563,0.0,0.05921875,0.3746093749999998,0.5648437499999995
564,0.0,0.046875,0.2648437499999996,0.5106249999999994
565,0.0,0.046875,0.2648437499999996,0.5106249999999994
566,0.0,0.046875,0.2648437499999996,0.5106249999999994
567,0.0,0.046875,0.2648437499999996,0.5106249999999994
568,0.0,0.04875,0.28593749999999973,0.5106249999999994
569,0.0,0.03203125,0.19765624999999987,0.27023437499999986
570,0.0,0.03203125,0.19765624999999987,0.27023437499999986
571,0.0,0.03203125,0.19765624999999987,0.27023437499999986
572,0.0,0.03203125,0.19765624999999987,0.27023437499999986
573,0.03125,0.043125,0.2617187499999998,0.39632812499999964
574,0.03125,0.03171875,0.14726562499999984,0.3924999999999996
575,0.03125,0.03171875,0.14726562499999984,0.3924999999999996
576,0.03125,0.03171875,0.14726562499999984,0.3924999999999996
577,0.03125,0.03171875,0.14726562499999984,0.3924999999999996
578,0.03125,0.03203125,0.14726562499999984,0.3964843749999996
579,0.03125,0.03078125,0.14726562499999984,0.3888281249999996
580,0.03125,0.03078125,0.14726562499999984,0.3888281249999996
581,0.03125,0.03078125,0.14726562499999984,0.3888281249999996
582,0.03125,0.03078125,0.14726562499999984,0.3888281249999996
583,0.03125,0.04609375,0.18046874999999996,0.6478124999999986
584,0.03125,0.03578125,0.17695312499999993,0.6439843749999985
585,0.03125,0.03578125,0.17695312499999993,0.6439843749999985
586,0.03125,0.03578125,0.17695312499999993,0.6439843749999985
587,0.03125,0.03578125,0.17695312499999993,0.6439843749999985
588,0.03125,0.0415625,0.18046874999999996,0.6439843749999985
589,0.03125,0.03859375,0.1558593749999998,0.6439843749999985
590,0.03125,0.03859375,0.1558593749999998,0.6439843749999985
591,0.03125,0.03859375,0.1558593749999998,0.6439843749999985
592,0.03125,0.03859375,0.1558593749999998,0.6439843749999985
593,0.03125,0.05234375,0.269921875,0.6975781249999988
594,0.03125,0.048125,0.23046874999999978,0.6975781249999988
595,0.03125,0.048125,0.23046874999999978,0.6975781249999988
596,0.03125,0.048125,0.23046874999999978,0.6975781249999988
597,0.03125,0.048125,0.23046874999999978,0.6975781249999988
598,0.03125,0.05609375,0.27343749999999956,0.6975781249999988
599,0.03125,0.05421875,0.2664062499999995,0.6975781249999988
600,0.03125,0.05421875,0.2664062499999995,0.6975781249999988
601,0.03125,0.05421875,0.2664062499999995,0.6975781249999988
602,0.03125,0.05421875,0.2664062499999995,0.6975781249999988
603,0.1953125,0.054375,0.2664062499999995,0.6975781249999988
604,0.1796875,0.04328125,0.2664062499999995,0.45054687499999974
605,0.1796875,0.04328125,0.2664062499999995,0.45054687499999974
606,0.1796875,0.04328125,0.2664062499999995,0.45054687499999974
607,0.1796875,0.04328125,0.2664062499999995,0.45054687499999974
608,0.6484375,0.0753125,0.40859374999999987,0.6989062499999993
609,0.6484375,0.075,0.40859374999999987,0.6950781249999993
610,0.6484375,0.075,0.40859374999999987,0.6950781249999993
611,0.6484375,0.075,0.40859374999999987,0.6950781249999993
612,0.6484375,0.075,0.40859374999999987,0.6950781249999993
613,0.7265625,0.09078125,0.504296875,0.7142187499999993
614,0.7265625,0.07546875,0.46757812499999984,0.6912499999999993
615,0.7265625,0.07546875,0.46757812499999984,0.6912499999999993
616,0.7265625,0.07546875,0.46757812499999984,0.6912499999999993
617,0.7265625,0.07546875,0.46757812499999984,0.6912499999999993
618,0.7265625,0.08703125,0.4718749999999998,0.6912499999999993
619,0.7265625,0.08125,0.433984375,0.6874218749999992
620,0.7265625,0.08125,0.433984375,0.6874218749999992
621,0.7265625,0.08125,0.433984375,0.6874218749999992
622,0.7265625,0.08125,0.433984375,0.6874218749999992
623,0.7421875,0.09296875,0.44609374999999996,0.6874218749999992
624,0.7421875,0.079375,0.4058593749999998,0.6874218749999992
625,0.7421875,0.079375,0.4058593749999998,0.6874218749999992
626,0.7421875,0.079375,0.4058593749999998,0.6874218749999992
627,0.7421875,0.079375,0.4058593749999998,0.6874218749999992
628,0.7421875,0.0865625,0.46757812499999984,0.6874218749999992
629,0.7421875,0.07859375,0.46757812499999984,0.6874218749999992
630,0.7421875,0.07859375,0.46757812499999984,0.6874218749999992
631,0.7421875,0.07859375,0.46757812499999984,0.6874218749999992
632,0.7421875,0.07859375,0.46757812499999984,0.6874218749999992
633,0.7421875,0.1059375,0.5,0.8200781249999993
634,0.5625,0.10578125,0.5,0.8200781249999993
635,0.5625,0.10578125,0.5,0.8200781249999993
636,0.5625,0.10578125,0.5,0.8200781249999993
637,0.5625,0.10578125,0.5,0.8200781249999993
638,0.5625,0.12,0.5,0.8200781249999993
639,0.09375,0.08796875,0.496484375,0.5677343749999997
640,0.09375,0.08796875,0.496484375,0.5677343749999997
641,0.09375,0.08796875,0.496484375,0.5677343749999997
642,0.09375,0.08796875,0.496484375,0.5677343749999997
643,0.09375,0.09921875,0.5,0.5983593749999998
644,0.015625,0.0834375,0.5,0.5677343749999997
645,0.015625,0.0834375,0.5,0.5677343749999997
646,0.015625,0.0834375,0.5,0.5677343749999997
647,0.015625,0.0834375,0.5,0.5677343749999997
648,0.03125,0.09265625,0.5,0.5677343749999997
649,0.03125,0.08109375,0.5,0.5677343749999997
650,0.03125,0.08109375,0.5,0.5677343749999997
651,0.03125,0.08109375,0.5,0.5677343749999997
652,0.03125,0.08109375,0.5,0.5677343749999997
653,0.125,0.1003125,0.50859375,0.676015625
654,0.109375,0.0884375,0.50859375,0.676015625
655,0.109375,0.0884375,0.50859375,0.676015625
656,0.109375,0.0884375,0.50859375,0.676015625
657,0.109375,0.0884375,0.50859375,0.676015625
658,0.171875,0.09875,0.5902343749999995,0.7632031249999998
659,0.171875,0.0915625,0.5824218749999995,0.7592187499999997
660,0.171875,0.0915625,0.5824218749999995,0.7592187499999997
661,0.171875,0.0915625,0.5824218749999995,0.7592187499999997
662,0.171875,0.0915625,0.5824218749999995,0.7592187499999997
663,0.171875,0.1103125,0.5859374999999996,0.7592187499999997
664,0.171875,0.08296875,0.4605468749999998,0.5956249999999996
665,0.171875,0.08296875,0.4605468749999998,0.5956249999999996
666,0.171875,0.08296875,0.4605468749999998,0.5956249999999996
667,0.171875,0.08296875,0.4605468749999998,0.5956249999999996
668,0.1953125,0.0896875,0.4605468749999998,0.5956249999999996
669,0.1953125,0.07546875,0.4039062499999997,0.5478124999999998
670,0.1953125,0.07546875,0.4039062499999997,0.5478124999999998
671,0.1953125,0.07546875,0.4039062499999997,0.5478124999999998
672,0.1953125,0.07546875,0.4039062499999997,0.5478124999999998
673,0.1953125,0.081875,0.4039062499999997,0.5478124999999998
674,0.1953125,0.07078125,0.34375,0.4310937499999997
675,0.1953125,0.07078125,0.34375,0.4310937499999997
676,0.1953125,0.07078125,0.34375,0.4310937499999997
677,0.1953125,0.07078125,0.34375,0.4310937499999997
678,0.1953125,0.07953125,0.359375,0.5517968749999997
679,0.1796875,0.0703125,0.35234374999999996,0.5517968749999997
680,0.1796875,0.0703125,0.35234374999999996,0.5517968749999997
681,0.1796875,0.0703125,0.35234374999999996,0.5517968749999997
682,0.1796875,0.0703125,0.35234374999999996,0.5517968749999997
683,0.1796875,0.09984375,0.50859375,0.6533593749999997
684,0.0859375,0.080625,0.49296874999999996,0.6112499999999996
685,0.0859375,0.080625,0.49296874999999996,0.6112499999999996
686,0.0859375,0.080625,0.49296874999999996,0.6112499999999996
687,0.0859375,0.080625,0.49296874999999996,0.6112499999999996
688,0.0859375,0.105,0.6144531249999995,0.7907812499999997
689,0.0234375,0.09484375,0.6144531249999995,0.7907812499999997
690,0.0234375,0.09484375,0.6144531249999995,0.7907812499999997
691,0.0234375,0.09484375,0.6144531249999995,0.7907812499999997
692,0.0234375,0.09484375,0.6144531249999995,0.7907812499999997
693,0.0234375,0.0965625,0.6144531249999995,0.7907812499999997
694,0.0234375,0.0778125,0.44531249999999956,0.7907812499999997
695,0.0234375,0.0778125,0.44531249999999956,0.7907812499999997
696,0.0234375,0.0778125,0.44531249999999956,0.7907812499999997
697,0.0234375,0.0778125,0.44531249999999956,0.7907812499999997
698,0.0234375,0.083125,0.44531249999999956,0.7907812499999997
699,0.0,0.07640625,0.44531249999999956,0.7907812499999997
700,0.0,0.07640625,0.44531249999999956,0.7907812499999997
701,0.0,0.07640625,0.44531249999999956,0.7907812499999997
702,0.0,0.07640625,0.44531249999999956,0.7907812499999997
703,0.0,0.09921875,0.515625,0.7907812499999997
704,0.0,0.09265625,0.50859375,0.7907812499999997
705,0.0,0.09265625,0.50859375,0.7907812499999997
706,0.0,0.09265625,0.50859375,0.7907812499999997
707,0.0,0.09265625,0.50859375,0.7907812499999997
708,0.0,0.1103125,0.512109375,0.7907812499999997
709,0.0,0.1015625,0.504296875,0.7907812499999997
710,0.0,0.1015625,0.504296875,0.7907812499999997
711,0.0,0.1015625,0.504296875,0.7907812499999997
712,0.0,0.1015625,0.504296875,0.7907812499999997
713,0.0,0.14890625,0.7289062499999999,0.8596874999999999
714,0.0,0.119375,0.6410156249999993,0.8284374999999999
715,0.0,0.119375,0.6410156249999993,0.8284374999999999
716,0.0,0.119375,0.6410156249999993,0.8284374999999999
717,0.0,0.119375,0.6410156249999993,0.8284374999999999
718,0.0,0.130625,0.6410156249999993,0.9081249999999996
719,0.0,0.10609375,0.4937499999999999,0.8774999999999995
720,0.0,0.10609375,0.4937499999999999,0.8774999999999995
721,0.0,0.10609375,0.4937499999999999,0.8774999999999995
722,0.0,0.10609375,0.4937499999999999,0.8774999999999995
723,0.0,0.1359375,0.7843749999999998,0.9196093749999996
724,0.0,0.13421875,0.7843749999999998,0.9157812499999997
725,0.0,0.13421875,0.7843749999999998,0.9157812499999997
726,0.0,0.13421875,0.7843749999999998,0.9157812499999997
727,0.0,0.13421875,0.7843749999999998,0.9157812499999997
728,0.0,0.1559375,0.82109375,1.0
729,0.0,0.150625,0.82109375,1.0
730,0.0,0.150625,0.82109375,1.0
731,0.0,0.150625,0.82109375,1.0
732,0.0,0.150625,0.82109375,1.0
733,0.0,0.16515625,0.82109375,1.0
734,0.0,0.14234375,0.82109375,1.0
735,0.0,0.14234375,0.82109375,1.0
736,0.0,0.14234375,0.82109375,1.0
737,0.0,0.14234375,0.82109375,1.0
738,0.0,0.14984375,0.82109375,1.0
739,0.0,0.1321875,0.82109375,1.0
740,0.0,0.1321875,0.82109375,1.0
741,0.0,0.1321875,0.82109375,1.0
742,0.0,0.1321875,0.82109375,1.0
743,0.0,0.14953125,0.82109375,1.0
744,0.0,0.1021875,0.657812499999999,0.9157812499999997
745,0.0,0.1021875,0.657812499999999,0.9157812499999997
746,0.0,0.1021875,0.657812499999999,0.9157812499999997
747,0.0,0.1021875,0.657812499999999,0.9157812499999997
748,0.0,0.11078125,0.6824218749999992,0.9157812499999997
749,0.0,0.09953125,0.51640625,0.9081249999999996
750,0.0,0.09953125,0.51640625,0.9081249999999996
751,0.0,0.09953125,0.51640625,0.9081249999999996
752,0.0,0.09953125,0.51640625,0.9081249999999996
753,0.0,0.108125,0.51640625,0.9081249999999996
754,0.0,0.07828125,0.4511718749999999,0.766484374999999
755,0.0,0.07828125,0.4511718749999999,0.766484374999999
756,0.0,0.07828125,0.4511718749999999,0.766484374999999
757,0.0,0.07828125,0.4511718749999999,0.766484374999999
758,0.0,0.07890625,0.4511718749999999,0.766484374999999
759,0.0,0.0571875,0.40078124999999987,0.4966406249999999
760,0.0,0.0571875,0.40078124999999987,0.4966406249999999
761,0.0,0.0571875,0.40078124999999987,0.4966406249999999
762,0.0,0.0571875,0.40078124999999987,0.4966406249999999
763,0.0,0.08046875,0.44765624999999987,0.6867968749999993
764,0.0,0.06625,0.42656249999999973,0.6788281249999994
765,0.0,0.06625,0.42656249999999973,0.6788281249999994
766,0.0,0.06625,0.42656249999999973,0.6788281249999994
767,0.0,0.06625,0.42656249999999973,0.6788281249999994
768,0.0,0.07953125,0.49882812499999984,0.7738281249999992
769,0.0,0.0721875,0.4371093749999998,0.7738281249999992
770,0.0,0.0721875,0.4371093749999998,0.7738281249999992
771,0.0,0.0721875,0.4371093749999998,0.7738281249999992
772,0.0,0.0721875,0.4371093749999998,0.7738281249999992
773,0.0,0.07359375,0.4371093749999998,0.7738281249999992
774,0.0,0.05625,0.34570312499999967,0.7738281249999992
775,0.0,0.05625,0.34570312499999967,0.7738281249999992
776,0.0,0.05625,0.34570312499999967,0.7738281249999992
777,0.0,0.05625,0.34570312499999967,0.7738281249999992
778,0.0,0.06203125,0.34570312499999967,0.7738281249999992
779,0.0,0.0534375,0.2636718749999999,0.7738281249999992
780,0.0,0.0534375,0.2636718749999999,0.7738281249999992
781,0.0,0.0534375,0.2636718749999999,0.7738281249999992
782,0.0,0.0534375,0.2636718749999999,0.7738281249999992
783,0.0,0.0684375,0.3414062499999997,0.7738281249999992
784,0.0,0.05984375,0.31445312499999967,0.7164062499999989
785,0.0,0.05984375,0.31445312499999967,0.7164062499999989
786,0.0,0.05984375,0.31445312499999967,0.7164062499999989
787,0.0,0.05984375,0.31445312499999967,0.7164062499999989
788,0.0,0.063125,0.35312499999999947,0.727890624999999
789,0.0,0.0625,0.35312499999999947,0.7164062499999989
790,0.0,0.0625,0.35312499999999947,0.7164062499999989
791,0.0,0.0625,0.35312499999999947,0.7164062499999989
792,0.0,0.0625,0.35312499999999947,0.7164062499999989
793,0.0,0.06265625,0.35312499999999947,0.7164062499999989
794,0.0,0.0390625,0.23945312499999993,0.433671875
795,0.0,0.0390625,0.23945312499999993,0.433671875
796,0.0,0.0390625,0.23945312499999993,0.433671875
797,0.0,0.0390625,0.23945312499999993,0.433671875
798,0.0,0.0415625,0.23945312499999993,0.433671875
799,0.0,0.028125,0.1773437499999997,0.30976562499999977
800,0.0,0.028125,0.1773437499999997,0.30976562499999977
801,0.0,0.028125,0.1773437499999997,0.30976562499999977
802,0.0,0.028125,0.1773437499999997,0.30976562499999977
803,0.0,0.035625,0.23945312499999993,0.3212499999999998
804,0.0,0.03421875,0.23945312499999993,0.3212499999999998
805,0.0,0.03421875,0.23945312499999993,0.3212499999999998
806,0.0,0.03421875,0.23945312499999993,0.3212499999999998
807,0.0,0.03421875,0.23945312499999993,0.3212499999999998
808,0.0,0.03671875,0.23945312499999993,0.3451562499999997
809,0.0,0.0309375,0.22890624999999987,0.2895312499999999
810,0.0,0.0309375,0.22890624999999987,0.2895312499999999
811,0.0,0.0309375,0.22890624999999987,0.2895312499999999
812,0.0,0.0309375,0.22890624999999987,0.2895312499999999
813,0.0,0.0396875,0.22890624999999987,0.46085937499999924
814,0.0,0.0246875,0.12734374999999987,0.36171874999999953
815,0.0,0.0246875,0.12734374999999987,0.36171874999999953
816,0.0,0.0246875,0.12734374999999987,0.36171874999999953
817,0.0,0.0246875,0.12734374999999987,0.36171874999999953
818,0.0,0.0290625,0.12734374999999987,0.45734374999999916
819,0.0,0.02578125,0.12734374999999987,0.40953124999999935
820,0.0,0.02578125,0.12734374999999987,0.40953124999999935
821,0.0,0.02578125,0.12734374999999987,0.40953124999999935
822,0.0,0.02578125,0.12734374999999987,0.40953124999999935
823,0.0,0.02828125,0.1343749999999999,0.40953124999999935
824,0.0,0.028125,0.1343749999999999,0.40953124999999935
825,0.0,0.028125,0.1343749999999999,0.40953124999999935
826,0.0,0.028125,0.1343749999999999,0.40953124999999935
827,0.0,0.028125,0.1343749999999999,0.40953124999999935
828,0.0,0.0346875,0.23085937499999998,0.40953124999999935
829,0.0,0.0321875,0.1886718749999997,0.40953124999999935
830,0.0,0.0321875,0.1886718749999997,0.40953124999999935
831,0.0,0.0321875,0.1886718749999997,0.40953124999999935
832,0.0,0.0321875,0.1886718749999997,0.40953124999999935
833,0.0,0.038125,0.1886718749999997,0.40953124999999935
834,0.0,0.030625,0.09960937499999989,0.40570312499999933
835,0.0,0.030625,0.09960937499999989,0.40570312499999933
836,0.0,0.030625,0.09960937499999989,0.40570312499999933
837,0.0,0.030625,0.09960937499999989,0.40570312499999933
838,0.0,0.03578125,0.1808593749999997,0.40570312499999933
839,0.0,0.03328125,0.1808593749999997,0.3817968749999994
840,0.0,0.03328125,0.1808593749999997,0.3817968749999994
841,0.0,0.03328125,0.1808593749999997,0.3817968749999994
842,0.0,0.03328125,0.1808593749999997,0.3817968749999994
843,0.0,0.038125,0.20546874999999987,0.3817968749999994
844,0.0,0.029375,0.18398437499999998,0.23054687499999998
845,0.0,0.029375,0.18398437499999998,0.23054687499999998
846,0.0,0.029375,0.18398437499999998,0.23054687499999998
847,0.0,0.029375,0.18398437499999998,0.23054687499999998
848,0.0,0.039375,0.2167968749999999,0.28539062499999995
849,0.0,0.035,0.2167968749999999,0.28539062499999995
850,0.0,0.035,0.2167968749999999,0.28539062499999995
851,0.0,0.035,0.2167968749999999,0.28539062499999995
852,0.0,0.035,0.2167968749999999,0.28539062499999995
853,0.0,0.04734375,0.2558593749999999,0.4004687499999996
854,0.0,0.04484375,0.2558593749999999,0.4004687499999996
855,0.0,0.04484375,0.2558593749999999,0.4004687499999996
856,0.0,0.04484375,0.2558593749999999,0.4004687499999996
857,0.0,0.04484375,0.2558593749999999,0.4004687499999996
858,0.0,0.068125,0.2949218749999999,0.6912499999999993
859,0.0,0.0615625,0.2558593749999999,0.6912499999999993
860,0.0,0.0615625,0.2558593749999999,0.6912499999999993
861,0.0,0.0615625,0.2558593749999999,0.6912499999999993
862,0.0,0.0615625,0.2558593749999999,0.6912499999999993
863,0.0,0.0896875,0.43007812499999976,0.7946093749999996
864,0.0,0.08375,0.43007812499999976,0.7946093749999996
865,0.0,0.08375,0.43007812499999976,0.7946093749999996
866,0.0,0.08375,0.43007812499999976,0.7946093749999996
867,0.0,0.08375,0.43007812499999976,0.7946093749999996
868,0.0,0.09515625,0.4429687499999997,0.8949218749999999
869,0.0,0.09,0.4253906249999996,0.8949218749999999
870,0.0,0.09,0.4253906249999996,0.8949218749999999
871,0.0,0.09,0.4253906249999996,0.8949218749999999
872,0.0,0.09,0.4253906249999996,0.8949218749999999
873,0.0,0.09890625,0.5,0.8949218749999999
874,0.0,0.0940625,0.5,0.8949218749999999
875,0.0,0.0940625,0.5,0.8949218749999999
876,0.0,0.0940625,0.5,0.8949218749999999
877,0.0,0.0940625,0.5,0.8949218749999999
878,0.0,0.10390625,0.5,0.8949218749999999
879,0.0,0.09390625,0.5,0.88296875
880,0.0,0.09390625,0.5,0.88296875
881,0.0,0.09390625,0.5,0.88296875
882,0.0,0.09390625,0.5,0.88296875
883,0.0,0.11125,0.5,0.88296875
884,0.0,0.09890625,0.4824218749999999,0.6792968749999992
885,0.0,0.09890625,0.4824218749999999,0.6792968749999992
886,0.0,0.09890625,0.4824218749999999,0.6792968749999992
887,0.0,0.09890625,0.4824218749999999,0.6792968749999992
888,0.015625,0.11328125,0.5,0.7482031249999996
889,0.015625,0.09,0.4824218749999999,0.5717187499999997
890,0.015625,0.09,0.4824218749999999,0.5717187499999997
891,0.015625,0.09,0.4824218749999999,0.5717187499999997
892,0.015625,0.09,0.4824218749999999,0.5717187499999997
893,0.015625,0.1,0.48945312499999993,0.6434374999999994
894,0.015625,0.071875,0.40273437499999953,0.6434374999999994
895,0.015625,0.071875,0.40273437499999953,0.6434374999999994
896,0.015625,0.071875,0.40273437499999953,0.6434374999999994
897,0.015625,0.071875,0.40273437499999953,0.6434374999999994
898,0.015625,0.07703125,0.40273437499999953,0.6434374999999994
899,0.015625,0.065625,0.2949218749999999,0.6319531249999994
900,0.015625,0.065625,0.2949218749999999,0.6319531249999994
901,0.015625,0.065625,0.2949218749999999,0.6319531249999994
902,0.015625,0.065625,0.2949218749999999,0.6319531249999994
903,0.015625,0.07484375,0.2949218749999999,0.6319531249999994
904,0.015625,0.0659375,0.2949218749999999,0.5921093749999995
905,0.015625,0.0659375,0.2949218749999999,0.5921093749999995
906,0.015625,0.0659375,0.2949218749999999,0.5921093749999995
907,0.015625,0.0659375,0.2949218749999999,0.5921093749999995
908,0.015625,0.0678125,0.2949218749999999,0.5921093749999995
909,0.015625,0.05796875,0.277734375,0.4399999999999995
910,0.015625,0.05796875,0.277734375,0.4399999999999995
911,0.015625,0.05796875,0.277734375,0.4399999999999995
912,0.015625,0.05796875,0.277734375,0.4399999999999995
913,0.015625,0.06296875,0.277734375,0.4399999999999995
914,0.015625,0.045625,0.24531249999999982,0.3324218749999999
915,0.015625,0.045625,0.24531249999999982,0.3324218749999999
916,0.015625,0.045625,0.24531249999999982,0.3324218749999999
917,0.015625,0.045625,0.24531249999999982,0.3324218749999999
918,0.015625,0.08046875,0.3339843749999999,0.7428906249999991
919,0.0,0.06609375,0.2667968749999997,0.7428906249999991
920,0.0,0.06609375,0.2667968749999997,0.7428906249999991
921,0.0,0.06609375,0.2667968749999997,0.7428906249999991
922,0.0,0.06609375,0.2667968749999997,0.7428906249999991
923,0.0,0.07375,0.27382812499999976,0.7588281249999991
924,0.0,0.06375,0.25624999999999964,0.7588281249999991
925,0.0,0.06375,0.25624999999999964,0.7588281249999991
926,0.0,0.06375,0.25624999999999964,0.7588281249999991
927,0.0,0.06375,0.25624999999999964,0.7588281249999991
928,0.0,0.07453125,0.38124999999999964,0.7588281249999991
929,0.0,0.069375,0.38124999999999964,0.7358593749999989
930,0.0,0.069375,0.38124999999999964,0.7358593749999989
931,0.0,0.069375,0.38124999999999964,0.7358593749999989
932,0.0,0.069375,0.38124999999999964,0.7358593749999989
933,0.0,0.0978125,0.5617187499999996,0.8200781249999993
934,0.0,0.08859375,0.5406249999999995,0.8200781249999993
935,0.0,0.08859375,0.5406249999999995,0.8200781249999993
936,0.0,0.08859375,0.5406249999999995,0.8200781249999993
937,0.0,0.08859375,0.5406249999999995,0.8200781249999993
938,0.0,0.1,0.5406249999999995,0.9693749999999999
939,0.0,0.098125,0.5406249999999995,0.9693749999999999
940,0.0,0.098125,0.5406249999999995,0.9693749999999999
941,0.0,0.098125,0.5406249999999995,0.9693749999999999
942,0.0,0.098125,0.5406249999999995,0.9693749999999999
943,0.0,0.10828125,0.5406249999999995,0.9693749999999999
944,0.0,0.10328125,0.5062499999999996,0.9693749999999999
945,0.0,0.10328125,0.5062499999999996,0.9693749999999999
946,0.0,0.10328125,0.5062499999999996,0.9693749999999999
947,0.0,0.10328125,0.5062499999999996,0.9693749999999999
948,0.0,0.1121875,0.5062499999999996,0.9693749999999999
949,0.0,0.07734375,0.3566406249999995,0.7457812499999993
950,0.0,0.07734375,0.3566406249999995,0.7457812499999993
951,0.0,0.07734375,0.3566406249999995,0.7457812499999993
952,0.0,0.07734375,0.3566406249999995,0.7457812499999993
953,0.0078125,0.081875,0.3566406249999995,0.7457812499999993
954,0.0078125,0.07421875,0.2749999999999999,0.6524999999999992
955,0.0078125,0.07421875,0.2749999999999999,0.6524999999999992
956,0.0078125,0.07421875,0.2749999999999999,0.6524999999999992
957,0.0078125,0.07421875,0.2749999999999999,0.6524999999999992
958,0.4375,0.1159375,0.6687499999999988,0.9540624999999998
959,0.4375,0.10515625,0.5781249999999987,0.9540624999999998
960,0.4375,0.10515625,0.5781249999999987,0.9540624999999998
961,0.4375,0.10515625,0.5781249999999987,0.9540624999999998
962,0.4375,0.10515625,0.5781249999999987,0.9540624999999998
963,0.4375,0.10953125,0.5781249999999987,1.0
964,0.4375,0.08109375,0.2871093749999999,1.0
965,0.4375,0.08109375,0.2871093749999999,1.0
966,0.4375,0.08109375,0.2871093749999999,1.0
967,0.4375,0.08109375,0.2871093749999999,1.0
968,0.4375,0.0828125,0.2871093749999999,1.0
969,0.4375,0.07140625,0.23867187499999998,1.0
970,0.4375,0.07140625,0.23867187499999998,1.0
971,0.4375,0.07140625,0.23867187499999998,1.0
972,0.4375,0.07140625,0.23867187499999998,1.0
973,0.4375,0.07359375,0.23867187499999998,1.0
974,0.4375,0.0634375,0.19921874999999978,1.0
975,0.4375,0.0634375,0.19921874999999978,1.0
976,0.4375,0.0634375,0.19921874999999978,1.0
977,0.4375,0.0634375,0.19921874999999978,1.0
978,0.4375,0.0759375,0.23867187499999998,1.0
979,0.4375,0.06703125,0.20351562499999976,1.0
980,0.4375,0.06703125,0.20351562499999976,1.0
981,0.4375,0.06703125,0.20351562499999976,1.0
982,0.4375,0.06703125,0.20351562499999976,1.0
983,0.4375,0.1146875,0.7210937499999994,1.0
984,0.4296875,0.11015625,0.6996093749999995,0.96875
985,0.4296875,0.11015625,0.6996093749999995,0.96875
986,0.4296875,0.11015625,0.6996093749999995,0.96875
987,0.4296875,0.11015625,0.6996093749999995,0.96875
988,0.4296875,0.1175,0.7066406249999996,0.96875
989,0.0,0.07578125,0.45468749999999947,0.7007031249999998
990,0.0,0.07578125,0.45468749999999947,0.7007031249999998
991,0.0,0.07578125,0.45468749999999947,0.7007031249999998
992,0.0,0.07578125,0.45468749999999947,0.7007031249999998
993,0.0,0.10546875,0.5863281249999998,0.8451562499999997
994,0.0,0.10109375,0.5828124999999997,0.8451562499999997
995,0.0,0.10109375,0.5828124999999997,0.8451562499999997
996,0.0,0.10109375,0.5828124999999997,0.8451562499999997
997,0.0,0.10109375,0.5828124999999997,0.8451562499999997
998,0.0,0.11859375,0.7066406249999996,0.934140625
999,0.0,0.116875,0.7066406249999996,0.934140625
1000,0.0,0.116875,0.7066406249999996,0.934140625
1001,0.0,0.116875,0.7066406249999996,0.934140625
1002,0.0,0.116875,0.7066406249999996,0.934140625
1003,0.0,0.12484375,0.7066406249999996,0.934140625
1004,0.0,0.12265625,0.7066406249999996,0.934140625
1005,0.0,0.12265625,0.7066406249999996,0.934140625
1006,0.0,0.12265625,0.7066406249999996,0.934140625
1007,0.0,0.12265625,0.7066406249999996,0.934140625
1008,0.0,0.12578125,0.7066406249999996,0.934140625
1009,0.0,0.11328125,0.6960937499999995,0.934140625
1010,0.0,0.11328125,0.6960937499999995,0.934140625
1011,0.0,0.11328125,0.6960937499999995,0.934140625
1012,0.0,0.11328125,0.6960937499999995,0.934140625
1013,0.0,0.12296875,0.6960937499999995,0.934140625
1014,0.0,0.0753125,0.3582031249999994,0.7607812499999994
1015,0.0,0.0753125,0.3582031249999994,0.7607812499999994
1016,0.0,0.0753125,0.3582031249999994,0.7607812499999994
1017,0.0,0.0753125,0.3582031249999994,0.7607812499999994
1018,0.0,0.0875,0.5210937499999997,0.7607812499999994
1019,0.0,0.08015625,0.42226562499999976,0.7607812499999994
1020,0.0,0.08015625,0.42226562499999976,0.7607812499999994
1021,0.0,0.08015625,0.42226562499999976,0.7607812499999994
1022,0.0,0.08015625,0.42226562499999976,0.7607812499999994
1023,0.0,0.10015625,0.5124999999999997,0.7607812499999994
1024,0.0,0.07046875,0.3937499999999998,0.527890625
1025,0.0,0.07046875,0.3937499999999998,0.527890625
1026,0.0,0.07046875,0.3937499999999998,0.527890625
1027,0.0,0.07046875,0.3937499999999998,0.527890625
1028,0.0,0.0790625,0.3937499999999998,0.5438281249999999
1029,0.0,0.0615625,0.3242187499999998,0.4825781249999996
1030,0.0,0.0615625,0.3242187499999998,0.4825781249999996
1031,0.0,0.0615625,0.3242187499999998,0.4825781249999996
1032,0.0,0.0615625,0.3242187499999998,0.4825781249999996
1033,0.0,0.06984375,0.36796874999999996,0.4825781249999996
1034,0.0,0.061875,0.32070312499999976,0.4825781249999996
1035,0.0,0.061875,0.32070312499999976,0.4825781249999996
1036,0.0,0.061875,0.32070312499999976,0.4825781249999996
1037,0.0,0.061875,0.32070312499999976,0.4825781249999996
1038,0.0,0.06625,0.32070312499999976,0.4940624999999996
1039,0.0,0.063125,0.32070312499999976,0.4940624999999996
1040,0.0,0.063125,0.32070312499999976,0.4940624999999996
1041,0.0,0.063125,0.32070312499999976,0.4940624999999996
1042,0.0,0.063125,0.32070312499999976,0.4940624999999996
1043,0.0,0.0696875,0.3937499999999998,0.5132031249999998
1044,0.0,0.06,0.3937499999999998,0.47734374999999984
1045,0.0,0.06,0.3937499999999998,0.47734374999999984
1046,0.0,0.06,0.3937499999999998,0.47734374999999984
1047,0.0,0.06,0.3937499999999998,0.47734374999999984
1048,0.0,0.079375,0.43046874999999996,0.7307812499999992
1049,0.0,0.0671875,0.3937499999999998,0.692499999999999
1050,0.0,0.0671875,0.3937499999999998,0.692499999999999
1051,0.0,0.0671875,0.3937499999999998,0.692499999999999
1052,0.0,0.0671875,0.3937499999999998,0.692499999999999
1053,0.0,0.07484375,0.39726562499999984,0.7124218749999989
1054,0.0,0.05484375,0.3886718749999999,0.704765624999999
1055,0.0,0.05484375,0.3886718749999999,0.704765624999999
1056,0.0,0.05484375,0.3886718749999999,0.704765624999999
1057,0.0,0.05484375,0.3886718749999999,0.704765624999999
1058,0.0,0.05640625,0.3886718749999999,0.704765624999999
1059,0.0,0.0478125,0.24101562499999984,0.6971093749999988
1060,0.0,0.0478125,0.24101562499999984,0.6971093749999988
1061,0.0,0.0478125,0.24101562499999984,0.6971093749999988
1062,0.0,0.0478125,0.24101562499999984,0.6971093749999988
1063,0.0,0.076875,0.3429687499999996,0.9421093749999998
1064,0.0,0.06859375,0.3101562499999997,0.9421093749999998
1065,0.0,0.06859375,0.3101562499999997,0.9421093749999998
1066,0.0,0.06859375,0.3101562499999997,0.9421093749999998
1067,0.0,0.06859375,0.3101562499999997,0.9421093749999998
1068,0.0,0.075,0.40507812499999984,0.9421093749999998
1069,0.0,0.070625,0.3347656249999994,0.9421093749999998
1070,0.0,0.070625,0.3347656249999994,0.9421093749999998
1071,0.0,0.070625,0.3347656249999994,0.9421093749999998
1072,0.0,0.070625,0.3347656249999994,0.9421093749999998
1073,0.0,0.10609375,0.6332031249999993,0.988515625
1074,0.0,0.09953125,0.6296874999999993,0.9578906249999999
1075,0.0,0.09953125,0.6296874999999993,0.9578906249999999
1076,0.0,0.09953125,0.6296874999999993,0.9578906249999999
1077,0.0,0.09953125,0.6296874999999993,0.9578906249999999
1078,0.0,0.10328125,0.6683593749999991,0.9655468749999998
1079,0.0,0.08390625,0.45351562499999976,0.9081249999999996
1080,0.0,0.08390625,0.45351562499999976,0.9081249999999996
1081,0.0,0.08390625,0.45351562499999976,0.9081249999999996
1082,0.0,0.08390625,0.45351562499999976,0.9081249999999996
1083,0.0,0.105625,0.6339843749999993,0.9081249999999996
1084,0.0,0.09796875,0.6339843749999993,0.9041406249999997
1085,0.0,0.09796875,0.6339843749999993,0.9041406249999997
1086,0.0,0.09796875,0.6339843749999993,0.9041406249999997
1087,0.0,0.09796875,0.6339843749999993,0.9041406249999997
1088,0.0,0.1196875,0.6683593749999991,0.9539062499999998
1089,0.0,0.118125,0.6683593749999991,0.9539062499999998
1090,0.0,0.118125,0.6683593749999991,0.9539062499999998
1091,0.0,0.118125,0.6683593749999991,0.9539062499999998
1092,0.0,0.118125,0.6683593749999991,0.9539062499999998
1093,0.0,0.13578125,0.7351562499999995,0.9539062499999998
1094,0.0,0.10671875,0.5984374999999997,0.8642968749999997
1095,0.0,0.10671875,0.5984374999999997,0.8642968749999997
1096,0.0,0.10671875,0.5984374999999997,0.8642968749999997
1097,0.0,0.10671875,0.5984374999999997,0.8642968749999997
1098,0.0,0.1146875,0.6285156249999996,0.8642968749999997
1099,0.0,0.10828125,0.6285156249999996,0.8642968749999997
1100,0.0,0.10828125,0.6285156249999996,0.8642968749999997
1101,0.0,0.10828125,0.6285156249999996,0.8642968749999997
1102,0.0,0.10828125,0.6285156249999996,0.8642968749999997
1103,0.0,0.1196875,0.6800781249999993,0.8642968749999997
1104,0.0,0.08421875,0.4871093749999996,0.8528124999999998
1105,0.0,0.08421875,0.4871093749999996,0.8528124999999998
1106,0.0,0.08421875,0.4871093749999996,0.8528124999999998
1107,0.0,0.08421875,0.4871093749999996,0.8528124999999998
1108,0.0,0.10171875,0.5683593749999999,0.8528124999999998
1109,0.0,0.09796875,0.5472656249999998,0.8528124999999998
1110,0.0,0.09796875,0.5472656249999998,0.8528124999999998
1111,0.0,0.09796875,0.5472656249999998,0.8528124999999998
1112,0.0,0.09796875,0.5472656249999998,0.8528124999999998
1113,0.0,0.125,0.6816406249999992,0.9578906249999999
1114,0.0,0.10328125,0.4820312499999997,0.8851562499999995
1115,0.0,0.10328125,0.4820312499999997,0.8851562499999995
1116,0.0,0.10328125,0.4820312499999997,0.8851562499999995
1117,0.0,0.10328125,0.4820312499999997,0.8851562499999995
1118,0.0,0.1096875,0.48906249999999973,0.9464062499999998
1119,0.0,0.08796875,0.4804687499999998,0.7703124999999991
1120,0.0,0.08796875,0.4804687499999998,0.7703124999999991
1121,0.0,0.08796875,0.4804687499999998,0.7703124999999991
1122,0.0,0.08796875,0.4804687499999998,0.7703124999999991
1123,0.0,0.09390625,0.51640625,0.7703124999999991
1124,0.0,0.07625,0.44374999999999964,0.7703124999999991
1125,0.0,0.07625,0.44374999999999964,0.7703124999999991
1126,0.0,0.07625,0.44374999999999964,0.7703124999999991
1127,0.0,0.07625,0.44374999999999964,0.7703124999999991
1128,0.0,0.0896875,0.4761718749999998,0.7703124999999991
1129,0.0,0.08171875,0.4480468749999996,0.7703124999999991
1130,0.0,0.08171875,0.4480468749999996,0.7703124999999991
1131,0.0,0.08171875,0.4480468749999996,0.7703124999999991
1132,0.0,0.08171875,0.4480468749999996,0.7703124999999991
1133,0.0,0.09625,0.46914062499999976,0.7703124999999991
1134,0.0,0.08484375,0.4585937499999997,0.7703124999999991
1135,0.0,0.08484375,0.4585937499999997,0.7703124999999991
1136,0.0,0.08484375,0.4585937499999997,0.7703124999999991
1137,0.0,0.08484375,0.4585937499999997,0.7703124999999991
1138,0.0,0.11015625,0.5207031249999999,0.7779687499999991
1139,0.0,0.09265625,0.4902343749999999,0.53921875
1140,0.0,0.09265625,0.4902343749999999,0.53921875
1141,0.0,0.09265625,0.4902343749999999,0.53921875
1142,0.0,0.09265625,0.4902343749999999,0.53921875
1143,0.0,0.10984375,0.4902343749999999,0.53921875
1144,0.0,0.0828125,0.40351562499999993,0.5085937499999998
1145,0.0,0.0828125,0.40351562499999993,0.5085937499999998
1146,0.0,0.0828125,0.40351562499999993,0.5085937499999998
1147,0.0,0.0828125,0.40351562499999993,0.5085937499999998
1148,0.0,0.085625,0.40703124999999996,0.5085937499999998
1149,0.0,0.07921875,0.40703124999999996,0.5085937499999998
1150,0.0,0.07921875,0.40703124999999996,0.5085937499999998
1151,0.0,0.07921875,0.40703124999999996,0.5085937499999998
1152,0.0,0.07921875,0.40703124999999996,0.5085937499999998
1153,0.0,0.08671875,0.42695312499999993,0.6799218749999991
1154,0.0,0.08078125,0.42695312499999993,0.6799218749999991
1155,0.0,0.08078125,0.42695312499999993,0.6799218749999991
1156,0.0,0.08078125,0.42695312499999993,0.6799218749999991
1157,0.0,0.08078125,0.42695312499999993,0.6799218749999991
1158,0.0,0.08859375,0.42695312499999993,0.6799218749999991
1159,0.0,0.07515625,0.42695312499999993,0.6799218749999991
1160,0.0,0.07515625,0.42695312499999993,0.6799218749999991
1161,0.0,0.07515625,0.42695312499999993,0.6799218749999991
1162,0.0,0.07515625,0.42695312499999993,0.6799218749999991
1163,0.0,0.09796875,0.4546874999999999,0.8789843749999999
1164,0.0,0.08359375,0.441796875,0.7664062499999998
1165,0.0,0.08359375,0.441796875,0.7664062499999998
1166,0.0,0.08359375,0.441796875,0.7664062499999998
1167,0.0,0.08359375,0.441796875,0.7664062499999998
1168,0.0,0.10984375,0.642968749999999,0.9310937499999997
1169,0.0,0.08453125,0.39101562499999976,0.9119531249999997
1170,0.0,0.08453125,0.39101562499999976,0.9119531249999997
1171,0.0,0.08453125,0.39101562499999976,0.9119531249999997
1172,0.0,0.08453125,0.39101562499999976,0.9119531249999997
1173,0.0,0.100625,0.6007812499999987,0.9157812499999997
1174,0.0,0.0834375,0.3859374999999998,0.9119531249999997
1175,0.0,0.0834375,0.3859374999999998,0.9119531249999997
1176,0.0,0.0834375,0.3859374999999998,0.9119531249999997
1177,0.0,0.0834375,0.3859374999999998,0.9119531249999997
1178,0.0,0.0865625,0.38945312499999984,0.9119531249999997
1179,0.0,0.08375,0.38515624999999987,0.9119531249999997
1180,0.0,0.08375,0.38515624999999987,0.9119531249999997
1181,0.0,0.08375,0.38515624999999987,0.9119531249999997
1182,0.0,0.08375,0.38515624999999987,0.9119531249999997
1183,0.0,0.1175,0.6339843749999988,0.9157812499999997
1184,0.0,0.11,0.6339843749999988,0.9157812499999997
1185,0.0,0.11,0.6339843749999988,0.9157812499999997
1186,0.0,0.11,0.6339843749999988,0.9157812499999997
1187,0.0,0.11,0.6339843749999988,0.9157812499999997
1188,0.0,0.124375,0.6796874999999991,0.9961718749999999
1189,0.0,0.1165625,0.6796874999999991,0.9961718749999999
1190,0.0,0.1165625,0.6796874999999991,0.9961718749999999
1191,0.0,0.1165625,0.6796874999999991,0.9961718749999999
1192,0.0,0.1165625,0.6796874999999991,0.9961718749999999
1193,0.0,0.12515625,0.6839843749999991,0.9961718749999999
1194,0.0,0.10234375,0.4480468749999996,0.9921875
1195,0.0,0.10234375,0.4480468749999996,0.9921875
1196,0.0,0.10234375,0.4480468749999996,0.9921875
1197,0.0,0.10234375,0.4480468749999996,0.9921875
1198,0.0,0.108125,0.4480468749999996,0.9921875
1199,0.0,0.081875,0.36796874999999996,0.754843749999999
1200,0.0,0.081875,0.36796874999999996,0.754843749999999
1201,0.0,0.081875,0.36796874999999996,0.754843749999999
1202,0.0,0.081875,0.36796874999999996,0.754843749999999
1203,0.0,0.08453125,0.38789062499999993,0.754843749999999
1204,0.0,0.0684375,0.3492187499999997,0.754843749999999
1205,0.0,0.0684375,0.3492187499999997,0.754843749999999
1206,0.0,0.0684375,0.3492187499999997,0.754843749999999
1207,0.0,0.0684375,0.3492187499999997,0.754843749999999
1208,0.0,0.07078125,0.37929687499999953,0.754843749999999
1209,0.0,0.06765625,0.37499999999999956,0.747187499999999
1210,0.0,0.06765625,0.37499999999999956,0.747187499999999
1211,0.0,0.06765625,0.37499999999999956,0.747187499999999
1212,0.0,0.06765625,0.37499999999999956,0.747187499999999
1213,0.0,0.0696875,0.37499999999999956,0.7511718749999989
1214,0.0,0.0359375,0.18476562499999993,0.3024218749999997
1215,0.0,0.0359375,0.18476562499999993,0.3024218749999997
1216,0.0,0.0359375,0.18476562499999993,0.3024218749999997
1217,0.0,0.0359375,0.18476562499999993,0.3024218749999997
1218,0.0,0.038125,0.18476562499999993,0.3024218749999997
1219,0.0,0.02375,0.1171875,0.20726562499999995
1220,0.0,0.02375,0.1171875,0.20726562499999995
1221,0.0,0.02375,0.1171875,0.20726562499999995
1222,0.0,0.02375,0.1171875,0.20726562499999995
1223,0.0,0.0475,0.1777343749999999,0.46578124999999904
1224,0.0,0.03875,0.14921874999999996,0.454296874999999
1225,0.0,0.03875,0.14921874999999996,0.454296874999999
1226,0.0,0.03875,0.14921874999999996,0.454296874999999
1227,0.0,0.03875,0.14921874999999996,0.454296874999999
1228,0.0,0.05234375,0.23828124999999978,0.6174218749999991
1229,0.0,0.0465625,0.20312499999999956,0.6174218749999991
1230,0.0,0.0465625,0.20312499999999956,0.6174218749999991
1231,0.0,0.0465625,0.20312499999999956,0.6174218749999991
1232,0.0,0.0465625,0.20312499999999956,0.6174218749999991
1233,0.0,0.0615625,0.3226562499999994,0.6633593749999993
1234,0.0,0.05890625,0.3226562499999994,0.6633593749999993
1235,0.0,0.05890625,0.3226562499999994,0.6633593749999993
1236,0.0,0.05890625,0.3226562499999994,0.6633593749999993
1237,0.0,0.05890625,0.3226562499999994,0.6633593749999993
1238,0.0,0.0646875,0.41210937499999944,0.6710156249999994
1239,0.0,0.06234375,0.41210937499999944,0.6710156249999994
1240,0.0,0.06234375,0.41210937499999944,0.6710156249999994
1241,0.0,0.06234375,0.41210937499999944,0.6710156249999994
1242,0.0,0.06234375,0.41210937499999944,0.6710156249999994
1243,0.0,0.0690625,0.41562499999999947,0.6748437499999994
1244,0.0,0.06703125,0.41562499999999947,0.6748437499999994
1245,0.0,0.06703125,0.41562499999999947,0.6748437499999994
1246,0.0,0.06703125,0.41562499999999947,0.6748437499999994
1247,0.0,0.06703125,0.41562499999999947,0.6748437499999994
1248,0.0,0.06734375,0.41562499999999947,0.6748437499999994
1249,0.0,0.06515625,0.41562499999999947,0.6748437499999994
1250,0.0,0.06515625,0.41562499999999947,0.6748437499999994
1251,0.0,0.06515625,0.41562499999999947,0.6748437499999994
1252,0.0,0.06515625,0.41562499999999947,0.6748437499999994
1253,0.015625,0.08125,0.44374999999999964,0.6748437499999994
1254,0.015625,0.0575,0.3417968749999999,0.371171875
1255,0.015625,0.0575,0.3417968749999999,0.371171875
1256,0.015625,0.0575,0.3417968749999999,0.371171875
1257,0.015625,0.0575,0.3417968749999999,0.371171875
1258,0.265625,0.07171875,0.3417968749999999,0.371171875
1259,0.265625,0.058125,0.285546875,0.3482031249999999
1260,0.265625,0.058125,0.285546875,0.3482031249999999
1261,0.265625,0.058125,0.285546875,0.3482031249999999
1262,0.265625,0.058125,0.285546875,0.3482031249999999
1263,0.3828125,0.0665625,0.35390624999999987,0.3828125
1264,0.3828125,0.0515625,0.30976562499999993,0.378984375
1265,0.3828125,0.0515625,0.30976562499999993,0.378984375
1266,0.3828125,0.0515625,0.30976562499999993,0.378984375
1267,0.3828125,0.0515625,0.30976562499999993,0.378984375
1268,0.3828125,0.05296875,0.32265624999999987,0.378984375
1269,0.3828125,0.0471875,0.32265624999999987,0.378984375
1270,0.3828125,0.0471875,0.32265624999999987,0.378984375
1271,0.3828125,0.0471875,0.32265624999999987,0.378984375
1272,0.3828125,0.0471875,0.32265624999999987,0.378984375
1273,0.3828125,0.05015625,0.32265624999999987,0.378984375
1274,0.3828125,0.0434375,0.2792968749999999,0.378984375
1275,0.3828125,0.0434375,0.2792968749999999,0.378984375
1276,0.3828125,0.0434375,0.2792968749999999,0.378984375
1277,0.3828125,0.0434375,0.2792968749999999,0.378984375
1278,0.3828125,0.0478125,0.296875,0.3828125
1279,0.3828125,0.0475,0.296875,0.3828125
1280,0.3828125,0.0475,0.296875,0.3828125
1281,0.3828125,0.0475,0.296875,0.3828125
1282,0.3828125,0.0475,0.296875,0.3828125
1283,0.3828125,0.06984375,0.3828125,0.511953125
1284,0.3671875,0.05375,0.296875,0.511953125
1285,0.3671875,0.05375,0.296875,0.511953125
1286,0.3671875,0.05375,0.296875,0.511953125
1287,0.3671875,0.05375,0.296875,0.511953125
1288,0.3671875,0.061875,0.3183593749999999,0.511953125
1289,0.1171875,0.04765625,0.2402343749999999,0.511953125
1290,0.1171875,0.04765625,0.2402343749999999,0.511953125
1291,0.1171875,0.04765625,0.2402343749999999,0.511953125
1292,0.1171875,0.04765625,0.2402343749999999,0.511953125
1293,0.1171875,0.070625,0.36757812499999976,0.511953125
1294,0.0,0.0621875,0.36757812499999976,0.511953125
1295,0.0,0.0621875,0.36757812499999976,0.511953125
1296,0.0,0.0621875,0.36757812499999976,0.511953125
1297,0.0,0.0621875,0.36757812499999976,0.511953125
1298,0.0,0.07078125,0.36757812499999976,0.511953125
1299,0.0,0.069375,0.36757812499999976,0.5
1300,0.0,0.069375,0.36757812499999976,0.5
1301,0.0,0.069375,0.36757812499999976,0.5
1302,0.0,0.069375,0.36757812499999976,0.5
1303,0.0,0.07296875,0.37187499999999973,0.5
1304,0.0,0.07,0.37187499999999973,0.496171875
1305,0.0,0.07,0.37187499999999973,0.496171875
1306,0.0,0.07,0.37187499999999973,0.496171875
1307,0.0,0.07,0.37187499999999973,0.496171875
1308,0.0,0.0709375,0.37187499999999973,0.496171875
1309,0.0,0.0665625,0.37187499999999973,0.49234374999999997
1310,0.0,0.0665625,0.37187499999999973,0.49234374999999997
1311,0.0,0.0665625,0.37187499999999973,0.49234374999999997
1312,0.0,0.0665625,0.37187499999999973,0.49234374999999997
1313,0.0,0.0846875,0.4527343749999998,0.5318749999999999
1314,0.0,0.06234375,0.29570312499999984,0.4821093749999997
1315,0.0,0.06234375,0.29570312499999984,0.4821093749999997
1316,0.0,0.06234375,0.29570312499999984,0.4821093749999997
1317,0.0,0.06234375,0.29570312499999984,0.4821093749999997
1318,0.0,0.0890625,0.3761718749999997,0.8009374999999992
1319,0.0,0.0809375,0.3585937499999996,0.8009374999999992
1320,0.0,0.0809375,0.3585937499999996,0.8009374999999992
1321,0.0,0.0809375,0.3585937499999996,0.8009374999999992
1322,0.0,0.0809375,0.3585937499999996,0.8009374999999992
1323,0.0,0.08734375,0.3585937499999996,0.8047656249999993
1324,0.0,0.064375,0.24257812499999976,0.8047656249999993
1325,0.0,0.064375,0.24257812499999976,0.8047656249999993
1326,0.0,0.064375,0.24257812499999976,0.8047656249999993
1327,0.0,0.064375,0.24257812499999976,0.8047656249999993
1328,0.0,0.07234375,0.27070312499999993,0.8047656249999993
1329,0.0,0.06375,0.27070312499999993,0.8047656249999993
1330,0.0,0.06375,0.27070312499999993,0.8047656249999993
1331,0.0,0.06375,0.27070312499999993,0.8047656249999993
1332,0.0,0.06375,0.27070312499999993,0.8047656249999993
1333,0.0,0.09734375,0.45781249999999973,0.8277343749999992
1334,0.0,0.09375,0.45781249999999973,0.8277343749999992
1335,0.0,0.09375,0.45781249999999973,0.8277343749999992
1336,0.0,0.09375,0.45781249999999973,0.8277343749999992
1337,0.0,0.09375,0.45781249999999973,0.8277343749999992
1338,0.0,0.1278125,0.5957031249999997,1.0
1339,0.0,0.126875,0.5957031249999997,1.0
1340,0.0,0.126875,0.5957031249999997,1.0
1341,0.0,0.126875,0.5957031249999997,1.0
1342,0.0,0.126875,0.5957031249999997,1.0
1343,0.0,0.14078125,0.6027343749999997,1.0
1344,0.0,0.12265625,0.5257812499999999,1.0
1345,0.0,0.12265625,0.5257812499999999,1.0
1346,0.0,0.12265625,0.5257812499999999,1.0
1347,0.0,0.12265625,0.5257812499999999,1.0
1348,0.0,0.12625,0.5257812499999999,1.0
1349,0.0,0.09953125,0.4859374999999999,0.7779687499999991
1350,0.0,0.09953125,0.4859374999999999,0.7779687499999991
1351,0.0,0.09953125,0.4859374999999999,0.7779687499999991
1352,0.0,0.09953125,0.4859374999999999,0.7779687499999991
1353,0.0,0.1146875,0.5,0.8430468749999993
1354,0.0,0.10828125,0.5,0.8430468749999993
1355,0.0,0.10828125,0.5,0.8430468749999993
1356,0.0,0.10828125,0.5,0.8430468749999993
1357,0.0,0.10828125,0.5,0.8430468749999993
1358,0.0,0.1184375,0.5,0.9693749999999999
1359,0.0,0.11046875,0.5,0.9693749999999999
1360,0.0,0.11046875,0.5,0.9693749999999999
1361,0.0,0.11046875,0.5,0.9693749999999999
1362,0.0,0.11046875,0.5,0.9693749999999999
1363,0.0,0.118125,0.5,0.9693749999999999
1364,0.0,0.08453125,0.4859374999999999,0.7703124999999991
1365,0.0,0.08453125,0.4859374999999999,0.7703124999999991
1366,0.0,0.08453125,0.4859374999999999,0.7703124999999991
1367,0.0,0.08453125,0.4859374999999999,0.7703124999999991
1368,0.0,0.09375,0.4859374999999999,0.7703124999999991
1369,0.0,0.0596875,0.3605468749999997,0.48468749999999994
1370,0.0,0.0596875,0.3605468749999997,0.48468749999999994
1371,0.0,0.0596875,0.3605468749999997,0.48468749999999994
1372,0.0,0.0596875,0.3605468749999997,0.48468749999999994
1373,0.328125,0.07515625,0.3605468749999997,0.48468749999999994
1374,0.328125,0.06125,0.301171875,0.4464062499999998
1375,0.328125,0.06125,0.301171875,0.4464062499999998
1376,0.328125,0.06125,0.301171875,0.4464062499999998
1377,0.328125,0.06125,0.301171875,0.4464062499999998
1378,0.4140625,0.0675,0.301171875,0.4464062499999998
1379,0.4140625,0.06390625,0.301171875,0.4464062499999998
1380,0.4140625,0.06390625,0.301171875,0.4464062499999998
1381,0.4140625,0.06390625,0.301171875,0.4464062499999998
1382,0.4140625,0.06390625,0.301171875,0.4464062499999998
1383,0.4140625,0.08375,0.46132812499999976,0.5358593749999998
1384,0.4140625,0.06859375,0.3648437499999997,0.5358593749999998
1385,0.4140625,0.06859375,0.3648437499999997,0.5358593749999998
1386,0.4140625,0.06859375,0.3648437499999997,0.5358593749999998
1387,0.4140625,0.06859375,0.3648437499999997,0.5358593749999998
1388,0.484375,0.07078125,0.3648437499999997,0.5473437499999999
1389,0.484375,0.06078125,0.3648437499999997,0.5320312499999998
1390,0.484375,0.06078125,0.3648437499999997,0.5320312499999998
1391,0.484375,0.06078125,0.3648437499999997,0.5320312499999998
1392,0.484375,0.06078125,0.3648437499999997,0.5320312499999998
1393,0.484375,0.0875,0.5351562499999998,0.6414062499999998
1394,0.484375,0.07984375,0.5351562499999998,0.6414062499999998
1395,0.484375,0.07984375,0.5351562499999998,0.6414062499999998
1396,0.484375,0.07984375,0.5351562499999998,0.6414062499999998
1397,0.484375,0.07984375,0.5351562499999998,0.6414062499999998
1398,0.484375,0.0878125,0.5351562499999998,0.6414062499999998
1399,0.484375,0.07859375,0.4921875,0.5862499999999999
1400,0.484375,0.07859375,0.4921875,0.5862499999999999
1401,0.484375,0.07859375,0.4921875,0.5862499999999999
1402,0.484375,0.07859375,0.4921875,0.5862499999999999
1403,0.484375,0.09203125,0.5351562499999998,0.5977343749999999
1404,0.15625,0.0765625,0.5265624999999998,0.5977343749999999
1405,0.15625,0.0765625,0.5265624999999998,0.5977343749999999
1406,0.15625,0.0765625,0.5265624999999998,0.5977343749999999
1407,0.15625,0.0765625,0.5265624999999998,0.5977343749999999
1408,0.15625,0.0778125,0.5265624999999998,0.5977343749999999
1409,0.0703125,0.0715625,0.5050781249999999,0.5977343749999999
1410,0.0703125,0.0715625,0.5050781249999999,0.5977343749999999
1411,0.0703125,0.0715625,0.5050781249999999,0.5977343749999999
1412,0.0703125,0.0715625,0.5050781249999999,0.5977343749999999
1413,0.0703125,0.0775,0.5050781249999999,0.5977343749999999
1414,0.0703125,0.05765625,0.44999999999999973,0.5977343749999999
1415,0.0703125,0.05765625,0.44999999999999973,0.5977343749999999
1416,0.0703125,0.05765625,0.44999999999999973,0.5977343749999999
1417,0.0703125,0.05765625,0.44999999999999973,0.5977343749999999
1418,0.0703125,0.06,0.44999999999999973,0.5977343749999999
1419,0.0,0.05765625,0.44999999999999973,0.5899218749999999
1420,0.0,0.05765625,0.44999999999999973,0.5899218749999999
1421,0.0,0.05765625,0.44999999999999973,0.5899218749999999
1422,0.0,0.05765625,0.44999999999999973,0.5899218749999999
1423,0.0,0.060625,0.44999999999999973,0.5899218749999999
1424,0.0,0.03390625,0.21249999999999947,0.4980468749999996
1425,0.0,0.03390625,0.21249999999999947,0.4980468749999996
1426,0.0,0.03390625,0.21249999999999947,0.4980468749999996
1427,0.0,0.03390625,0.21249999999999947,0.4980468749999996
1428,0.0,0.0375,0.21249999999999947,0.4980468749999996
1429,0.0,0.02953125,0.10234374999999996,0.4482812499999994
1430,0.0,0.02953125,0.10234374999999996,0.4482812499999994
1431,0.0,0.02953125,0.10234374999999996,0.4482812499999994
1432,0.0,0.02953125,0.10234374999999996,0.4482812499999994
1433,0.0,0.055,0.25820312499999976,0.6853906249999997
1434,0.0,0.0415625,0.20039062499999993,0.539921874999999
1435,0.0,0.0415625,0.20039062499999993,0.539921874999999
1436,0.0,0.0415625,0.20039062499999993,0.539921874999999
1437,0.0,0.0415625,0.20039062499999993,0.539921874999999
1438,0.0,0.05296875,0.25820312499999976,0.6670312499999994
1439,0.0,0.05171875,0.25820312499999976,0.6670312499999994
1440,0.0,0.05171875,0.25820312499999976,0.6670312499999994
1441,0.0,0.05171875,0.25820312499999976,0.6670312499999994
1442,0.0,0.05171875,0.25820312499999976,0.6670312499999994
1443,0.0,0.0525,0.2652343749999998,0.6670312499999994
1444,0.0,0.0465625,0.2089843749999999,0.6670312499999994
1445,0.0,0.0465625,0.2089843749999999,0.6670312499999994
1446,0.0,0.0465625,0.2089843749999999,0.6670312499999994
1447,0.0,0.0465625,0.2089843749999999,0.6670312499999994
1448,0.0,0.0546875,0.23945312499999993,0.6670312499999994
1449,0.0,0.05234375,0.23945312499999993,0.6670312499999994
1450,0.0,0.05234375,0.23945312499999993,0.6670312499999994
1451,0.0,0.05234375,0.23945312499999993,0.6670312499999994
1452,0.0,0.05234375,0.23945312499999993,0.6670312499999994
1453,0.015625,0.0540625,0.2652343749999998,0.6670312499999994
1454,0.015625,0.05109375,0.2652343749999998,0.6630468749999994
1455,0.015625,0.05109375,0.2652343749999998,0.6630468749999994
1456,0.015625,0.05109375,0.2652343749999998,0.6630468749999994
1457,0.015625,0.05109375,0.2652343749999998,0.6630468749999994
1458,0.015625,0.05296875,0.2652343749999998,0.6630468749999994
1459,0.015625,0.049375,0.2476562499999997,0.6630468749999994
1460,0.015625,0.049375,0.2476562499999997,0.6630468749999994
1461,0.015625,0.049375,0.2476562499999997,0.6630468749999994
1462,0.015625,0.049375,0.2476562499999997,0.6630468749999994
1463,0.015625,0.0609375,0.36132812499999967,0.6630468749999994
1464,0.015625,0.03546875,0.2160156249999995,0.45437499999999975
1465,0.015625,0.03546875,0.2160156249999995,0.45437499999999975
1466,0.015625,0.03546875,0.2160156249999995,0.45437499999999975
1467,0.015625,0.03546875,0.2160156249999995,0.45437499999999975
1468,0.015625,0.03640625,0.22890624999999942,0.45437499999999975
1469,0.015625,0.025,0.11367187499999998,0.35617187499999986
1470,0.015625,0.025,0.11367187499999998,0.35617187499999986
1471,0.015625,0.025,0.11367187499999998,0.35617187499999986
1472,0.015625,0.025,0.11367187499999998,0.35617187499999986
1473,0.03125,0.03765625,0.2277343749999997,0.35617187499999986
1474,0.03125,0.036875,0.2277343749999997,0.35617187499999986
1475,0.03125,0.036875,0.2277343749999997,0.35617187499999986
1476,0.03125,0.036875,0.2277343749999997,0.35617187499999986
1477,0.03125,0.036875,0.2277343749999997,0.35617187499999986
1478,0.0625,0.0440625,0.23124999999999973,0.35617187499999986
1479,0.0625,0.0359375,0.17617187499999998,0.33320312499999977
1480,0.0625,0.0359375,0.17617187499999998,0.33320312499999977
1481,0.0625,0.0359375,0.17617187499999998,0.33320312499999977
1482,0.0625,0.0359375,0.17617187499999998,0.33320312499999977
1483,0.0625,0.07078125,0.394921875,0.7582031249999992
1484,0.046875,0.0690625,0.394921875,0.7582031249999992
1485,0.046875,0.0690625,0.394921875,0.7582031249999992
1486,0.046875,0.0690625,0.394921875,0.7582031249999992
1487,0.046875,0.0690625,0.394921875,0.7582031249999992
1488,0.046875,0.091875,0.5222656249999998,0.9846874999999999
1489,0.046875,0.09,0.5152343749999998,0.9846874999999999
1490,0.046875,0.09,0.5152343749999998,0.9846874999999999
1491,0.046875,0.09,0.5152343749999998,0.9846874999999999
1492,0.046875,0.09,0.5152343749999998,0.9846874999999999
1493,0.046875,0.11890625,0.5812499999999998,0.9846874999999999
1494,0.046875,0.10734375,0.5257812499999999,0.9846874999999999
1495,0.046875,0.10734375,0.5257812499999999,0.9846874999999999
1496,0.046875,0.10734375,0.5257812499999999,0.9846874999999999
1497,0.046875,0.10734375,0.5257812499999999,0.9846874999999999
1498,0.046875,0.12859375,0.7789062499999988,0.9961718749999999
1499,0.046875,0.12765625,0.7789062499999988,0.9961718749999999
1500,0.046875,0.12765625,0.7789062499999988,0.9961718749999999
1501,0.046875,0.12765625,0.7789062499999988,0.9961718749999999
1502,0.046875,0.12765625,0.7789062499999988,0.9961718749999999
1503,0.046875,0.13,0.7789062499999988,1.0
1504,0.03125,0.11734375,0.6285156249999996,1.0
1505,0.03125,0.11734375,0.6285156249999996,1.0
1506,0.03125,0.11734375,0.6285156249999996,1.0
1507,0.03125,0.11734375,0.6285156249999996,1.0
1508,0.03125,0.14640625,0.8628906249999991,1.0
1509,0.0,0.13921875,0.8628906249999991,1.0
1510,0.0,0.13921875,0.8628906249999991,1.0
1511,0.0,0.13921875,0.8628906249999991,1.0
1512,0.0,0.13921875,0.8628906249999991,1.0
1513,0.0,0.1434375,0.8628906249999991,1.0
1514,0.0,0.10859375,0.7749999999999986,1.0
1515,0.0,0.10859375,0.7749999999999986,1.0
1516,0.0,0.10859375,0.7749999999999986,1.0
1517,0.0,0.10859375,0.7749999999999986,1.0
1518,0.0,0.115,0.7749999999999986,1.0
1519,0.0,0.0921875,0.5,1.0
1520,0.0,0.0921875,0.5,1.0
1521,0.0,0.0921875,0.5,1.0
1522,0.0,0.0921875,0.5,1.0
1523,0.0,0.10484375,0.5171874999999999,1.0
1524,0.0,0.0759375,0.44687499999999947,0.9770312499999999
1525,0.0,0.0759375,0.44687499999999947,0.9770312499999999
1526,0.0,0.0759375,0.44687499999999947,0.9770312499999999
1527,0.0,0.0759375,0.44687499999999947,0.9770312499999999
1528,0.0,0.08046875,0.44687499999999947,0.9770312499999999
1529,0.0,0.05921875,0.30507812499999976,0.7703124999999991
1530,0.0,0.05921875,0.30507812499999976,0.7703124999999991
1531,0.0,0.05921875,0.30507812499999976,0.7703124999999991
1532,0.0,0.05921875,0.30507812499999976,0.7703124999999991
1533,0.0,0.0721875,0.3085937499999998,0.7703124999999991
1534,0.0,0.06984375,0.3085937499999998,0.762656249999999
1535,0.0,0.06984375,0.3085937499999998,0.762656249999999
1536,0.0,0.06984375,0.3085937499999998,0.762656249999999
1537,0.0,0.06984375,0.3085937499999998,0.762656249999999
1538,0.0,0.0771875,0.3085937499999998,0.762656249999999
1539,0.0,0.048125,0.2402343749999999,0.30546874999999984
1540,0.0,0.048125,0.2402343749999999,0.30546874999999984
1541,0.0,0.048125,0.2402343749999999,0.30546874999999984
1542,0.0,0.048125,0.2402343749999999,0.30546874999999984
1543,0.0,0.06078125,0.2964843749999998,0.38757812499999983
1544,0.0,0.0565625,0.2964843749999998,0.38757812499999983
1545,0.0,0.0565625,0.2964843749999998,0.38757812499999983
1546,0.0,0.0565625,0.2964843749999998,0.38757812499999983
1547,0.0,0.0565625,0.2964843749999998,0.38757812499999983
1548,0.0,0.06265625,0.30507812499999976,0.5292968749999996
1549,0.0,0.05625,0.27070312499999993,0.5292968749999996
1550,0.0,0.05625,0.27070312499999993,0.5292968749999996
1551,0.0,0.05625,0.27070312499999993,0.5292968749999996
1552,0.0,0.05625,0.27070312499999993,0.5292968749999996
1553,0.0,0.06375,0.27070312499999993,0.5292968749999996
1554,0.0,0.05109375,0.21523437499999998,0.5292968749999996
1555,0.0,0.05109375,0.21523437499999998,0.5292968749999996
1556,0.0,0.05109375,0.21523437499999998,0.5292968749999996
1557,0.0,0.05109375,0.21523437499999998,0.5292968749999996
1558,0.015625,0.06421875,0.27031249999999973,0.6289062499999992
1559,0.015625,0.0596875,0.27031249999999973,0.6174218749999991
1560,0.015625,0.0596875,0.27031249999999973,0.6174218749999991
1561,0.015625,0.0596875,0.27031249999999973,0.6174218749999991
1562,0.015625,0.0596875,0.27031249999999973,0.6174218749999991
1563,0.015625,0.0746875,0.36406249999999973,0.6673437499999993
1564,0.015625,0.06171875,0.23164062499999993,0.6673437499999993
1565,0.015625,0.06171875,0.23164062499999993,0.6673437499999993
1566,0.015625,0.06171875,0.23164062499999993,0.6673437499999993
1567,0.015625,0.06171875,0.23164062499999993,0.6673437499999993
1568,0.015625,0.0684375,0.26796874999999987,0.6673437499999993
1569,0.015625,0.06109375,0.26796874999999987,0.6673437499999993
1570,0.015625,0.06109375,0.26796874999999987,0.6673437499999993
1571,0.015625,0.06109375,0.26796874999999987,0.6673437499999993
1572,0.015625,0.06109375,0.26796874999999987,0.6673437499999993
1573,0.015625,0.06953125,0.3468749999999998,0.6673437499999993
1574,0.015625,0.056875,0.3468749999999998,0.5
1575,0.015625,0.056875,0.3468749999999998,0.5
1576,0.015625,0.056875,0.3468749999999998,0.5
1577,0.015625,0.056875,0.3468749999999998,0.5
1578,0.015625,0.07125,0.44374999999999964,0.527890625
1579,0.015625,0.06515625,0.3468749999999998,0.527890625
1580,0.015625,0.06515625,0.3468749999999998,0.527890625
1581,0.015625,0.06515625,0.3468749999999998,0.527890625
1582,0.015625,0.06515625,0.3468749999999998,0.527890625
1583,0.015625,0.07234375,0.3574218749999999,0.5358593749999998
1584,0.015625,0.06484375,0.35390624999999987,0.5358593749999998
1585,0.015625,0.06484375,0.35390624999999987,0.5358593749999998
1586,0.015625,0.06484375,0.35390624999999987,0.5358593749999998
1587,0.015625,0.06484375,0.35390624999999987,0.5358593749999998
1588,0.015625,0.07125,0.35390624999999987,0.5358593749999998
1589,0.0,0.058125,0.35390624999999987,0.5358593749999998
1590,0.0,0.058125,0.35390624999999987,0.5358593749999998
1591,0.0,0.058125,0.35390624999999987,0.5358593749999998
1592,0.0,0.058125,0.35390624999999987,0.5358593749999998
1593,0.0,0.0890625,0.5,0.7336718749999993
1594,0.0,0.0740625,0.44374999999999964,0.7336718749999993
1595,0.0,0.0740625,0.44374999999999964,0.7336718749999993
1596,0.0,0.0740625,0.44374999999999964,0.7336718749999993
1597,0.0,0.0740625,0.44374999999999964,0.7336718749999993
1598,0.0,0.08140625,0.44374999999999964,0.7575781249999993
1599,0.0,0.0746875,0.44374999999999964,0.7575781249999993
1600,0.0,0.0746875,0.44374999999999964,0.7575781249999993
1601,0.0,0.0746875,0.44374999999999964,0.7575781249999993
1602,0.0,0.0746875,0.44374999999999964,0.7575781249999993
1603,0.0,0.07828125,0.44374999999999964,0.7575781249999993
1604,0.0,0.06984375,0.3398437499999998,0.7231249999999991
1605,0.0,0.06984375,0.3398437499999998,0.7231249999999991
1606,0.0,0.06984375,0.3398437499999998,0.7231249999999991
1607,0.0,0.06984375,0.3398437499999998,0.7231249999999991
1608,0.0,0.098125,0.44726562499999967,0.9693749999999999
1609,0.0,0.08375,0.44726562499999967,0.8889843749999995
1610,0.0,0.08375,0.44726562499999967,0.8889843749999995
1611,0.0,0.08375,0.44726562499999967,0.8889843749999995
1612,0.0,0.08375,0.44726562499999967,0.8889843749999995
1613,0.0,0.095,0.49296874999999996,0.8889843749999995
1614,0.0,0.08796875,0.49296874999999996,0.8889843749999995
1615,0.0,0.08796875,0.49296874999999996,0.8889843749999995
1616,0.0,0.08796875,0.49296874999999996,0.8889843749999995
1617,0.0,0.08796875,0.49296874999999996,0.8889843749999995
1618,0.0,0.0946875,0.5,0.8966406249999996
1619,0.0,0.08828125,0.496484375,0.8966406249999996
1620,0.0,0.08828125,0.496484375,0.8966406249999996
1621,0.0,0.08828125,0.496484375,0.8966406249999996
1622,0.0,0.08828125,0.496484375,0.8966406249999996
1623,0.0,0.09328125,0.496484375,0.8966406249999996
1624,0.0,0.06234375,0.27499999999999947,0.754999999999999
1625,0.0,0.06234375,0.27499999999999947,0.754999999999999
1626,0.0,0.06234375,0.27499999999999947,0.754999999999999
1627,0.0,0.06234375,0.27499999999999947,0.754999999999999
1628,0.0,0.06953125,0.27499999999999947,0.762656249999999
1629,0.0,0.0621875,0.27499999999999947,0.7511718749999989
1630,0.0,0.0621875,0.27499999999999947,0.7511718749999989
1631,0.0,0.0621875,0.27499999999999947,0.7511718749999989
1632,0.0,0.0621875,0.27499999999999947,0.7511718749999989
1633,0.0,0.08046875,0.35234374999999996,0.7511718749999989
1634,0.0,0.076875,0.35234374999999996,0.728203124999999
1635,0.0,0.076875,0.35234374999999996,0.728203124999999
1636,0.0,0.076875,0.35234374999999996,0.728203124999999
1637,0.0,0.076875,0.35234374999999996,0.728203124999999
1638,0.0,0.08703125,0.35234374999999996,0.728203124999999
1639,0.0,0.05875,0.2710937499999997,0.3915624999999998
1640,0.0,0.05875,0.2710937499999997,0.3915624999999998
1641,0.0,0.05875,0.2710937499999997,0.3915624999999998
1642,0.0,0.05875,0.2710937499999997,0.3915624999999998
1643,0.0,0.07015625,0.324609375,0.3915624999999998
1644,0.0,0.05875,0.26406249999999964,0.33609374999999997
1645,0.0,0.05875,0.26406249999999964,0.33609374999999997
1646,0.0,0.05875,0.26406249999999964,0.33609374999999997
1647,0.0,0.05875,0.26406249999999964,0.33609374999999997
1648,0.1328125,0.06609375,0.3027343749999999,0.3995312499999998
1649,0.1328125,0.059375,0.3027343749999999,0.3995312499999998
1650,0.1328125,0.059375,0.3027343749999999,0.3995312499999998
1651,0.1328125,0.059375,0.3027343749999999,0.3995312499999998
1652,0.1328125,0.059375,0.3027343749999999,0.3995312499999998
1653,0.1875,0.09125,0.4039062499999997,0.6953906249999993
1654,0.1875,0.08625,0.4039062499999997,0.6953906249999993
1655,0.1875,0.08625,0.4039062499999997,0.6953906249999993
1656,0.1875,0.08625,0.4039062499999997,0.6953906249999993
1657,0.1875,0.08625,0.4039062499999997,0.6953906249999993
1658,0.1875,0.1071875,0.5039062499999998,0.7696874999999992
1659,0.1875,0.1,0.5039062499999998,0.7696874999999992
1660,0.1875,0.1,0.5039062499999998,0.7696874999999992
1661,0.1875,0.1,0.5039062499999998,0.7696874999999992
1662,0.1875,0.1,0.5039062499999998,0.7696874999999992
1663,0.1875,0.10765625,0.5214843749999999,0.7696874999999992
1664,0.1875,0.089375,0.4199218749999999,0.7696874999999992
1665,0.1875,0.089375,0.4199218749999999,0.7696874999999992
1666,0.1875,0.089375,0.4199218749999999,0.7696874999999992
1667,0.1875,0.089375,0.4199218749999999,0.7696874999999992
1668,0.1875,0.10046875,0.5167968749999997,0.8309374999999994
1669,0.1875,0.0903125,0.4640624999999994,0.7671874999999997
1670,0.1875,0.0903125,0.4640624999999994,0.7671874999999997
1671,0.1875,0.0903125,0.4640624999999994,0.7671874999999997
1672,0.1875,0.0903125,0.4640624999999994,0.7671874999999997
1673,0.1875,0.1046875,0.5113281249999996,0.7671874999999997
1674,0.1875,0.0934375,0.47265624999999933,0.7671874999999997
1675,0.1875,0.0934375,0.47265624999999933,0.7671874999999997
1676,0.1875,0.0934375,0.47265624999999933,0.7671874999999997
1677,0.1875,0.0934375,0.47265624999999933,0.7671874999999997
1678,0.1875,0.0959375,0.4812499999999993,0.7671874999999997
1679,0.0546875,0.08859375,0.4812499999999993,0.7472656249999998
1680,0.0546875,0.08859375,0.4812499999999993,0.7472656249999998
1681,0.0546875,0.08859375,0.4812499999999993,0.7472656249999998
1682,0.0546875,0.08859375,0.4812499999999993,0.7472656249999998
1683,0.0546875,0.11,0.5621093749999998,0.7552343749999997
1684,0.0,0.078125,0.3296874999999999,0.5991406249999998
1685,0.0,0.078125,0.3296874999999999,0.5991406249999998
1686,0.0,0.078125,0.3296874999999999,0.5991406249999998
1687,0.0,0.078125,0.3296874999999999,0.5991406249999998
1688,0.0,0.080625,0.33320312499999993,0.6106249999999998
1689,0.0,0.0596875,0.24531249999999982,0.4932812499999998
1690,0.0,0.0596875,0.24531249999999982,0.4932812499999998
1691,0.0,0.0596875,0.24531249999999982,0.4932812499999998
1692,0.0,0.0596875,0.24531249999999982,0.4932812499999998
1693,0.0,0.1075,0.36367187499999953,0.5210156249999998
1694,0.0,0.09984375,0.269921875,0.5133593749999996
1695,0.0,0.09984375,0.269921875,0.5133593749999996
1696,0.0,0.09984375,0.269921875,0.5133593749999996
1697,0.0,0.09984375,0.269921875,0.5133593749999996
1698,0.0,0.10375,0.3296874999999999,0.5133593749999996
1699,0.0,0.09265625,0.2906249999999999,0.4712499999999995
1700,0.0,0.09265625,0.2906249999999999,0.4712499999999995
1701,0.0,0.09265625,0.2906249999999999,0.4712499999999995
1702,0.0,0.09265625,0.2906249999999999,0.4712499999999995
1703,0.0,0.10140625,0.3121093749999998,0.5018749999999996
1704,0.0,0.086875,0.30507812499999976,0.5018749999999996
1705,0.0,0.086875,0.30507812499999976,0.5018749999999996
1706,0.0,0.086875,0.30507812499999976,0.5018749999999996
1707,0.0,0.086875,0.30507812499999976,0.5018749999999996
1708,0.0,0.0959375,0.3609374999999999,0.5248437499999997
1709,0.0,0.0934375,0.35664062499999993,0.5248437499999997
1710,0.0,0.0934375,0.35664062499999993,0.5248437499999997
1711,0.0,0.0934375,0.35664062499999993,0.5248437499999997
1712,0.0,0.0934375,0.35664062499999993,0.5248437499999997
1713,0.0,0.09828125,0.35664062499999993,0.5248437499999997
1714,0.0,0.076875,0.2980468749999997,0.4071874999999998
1715,0.0,0.076875,0.2980468749999997,0.4071874999999998
1716,0.0,0.076875,0.2980468749999997,0.4071874999999998
1717,0.0,0.076875,0.2980468749999997,0.4071874999999998
1718,0.0,0.1015625,0.35234374999999996,0.8039843749999993
1719,0.0,0.0990625,0.35234374999999996,0.8039843749999993
1720,0.0,0.0990625,0.35234374999999996,0.8039843749999993
1721,0.0,0.0990625,0.35234374999999996,0.8039843749999993
1722,0.0,0.0990625,0.35234374999999996,0.8039843749999993
1723,0.0,0.10578125,0.35234374999999996,0.8039843749999993
1724,0.0,0.05796875,0.26015624999999987,0.5887499999999994
1725,0.0,0.05796875,0.26015624999999987,0.5887499999999994
1726,0.0,0.05796875,0.26015624999999987,0.5887499999999994
1727,0.0,0.05796875,0.26015624999999987,0.5887499999999994
1728,0.0,0.0725,0.3972656249999994,0.738515625
1729,0.0,0.06859375,0.3371093749999997,0.738515625
1730,0.0,0.06859375,0.3371093749999997,0.738515625
1731,0.0,0.06859375,0.3371093749999997,0.738515625
1732,0.0,0.06859375,0.3371093749999997,0.738515625
1733,0.0,0.08171875,0.4945312499999994,0.738515625
1734,0.0,0.07296875,0.44882812499999913,0.738515625
1735,0.0,0.07296875,0.44882812499999913,0.738515625
1736,0.0,0.07296875,0.44882812499999913,0.738515625
1737,0.0,0.07296875,0.44882812499999913,0.738515625
1738,0.0,0.0746875,0.44882812499999913,0.738515625
1739,0.0,0.065625,0.427734374999999,0.738515625
1740,0.0,0.065625,0.427734374999999,0.738515625
1741,0.0,0.065625,0.427734374999999,0.738515625
1742,0.0,0.065625,0.427734374999999,0.738515625
1743,0.0,0.0759375,0.44882812499999913,0.738515625
1744,0.0,0.07109375,0.44882812499999913,0.738515625
1745,0.0,0.07109375,0.44882812499999913,0.738515625
1746,0.0,0.07109375,0.44882812499999913,0.738515625
1747,0.0,0.07109375,0.44882812499999913,0.738515625
1748,0.0,0.091875,0.6503906249999997,0.738515625
1749,0.0,0.0671875,0.5542968749999998,0.7270312499999999
1750,0.0,0.0671875,0.5542968749999998,0.7270312499999999
1751,0.0,0.0671875,0.5542968749999998,0.7270312499999999
1752,0.0,0.0671875,0.5542968749999998,0.7270312499999999
1753,0.0,0.076875,0.5542968749999998,0.7270312499999999
1754,0.0,0.07015625,0.515625,0.6457031249999998
1755,0.0,0.07015625,0.515625,0.6457031249999998
1756,0.0,0.07015625,0.515625,0.6457031249999998
1757,0.0,0.07015625,0.515625,0.6457031249999998
1758,0.0,0.0871875,0.5542968749999998,0.715078125
1759,0.0,0.07265625,0.5542968749999998,0.715078125
1760,0.0,0.07265625,0.5542968749999998,0.715078125
1761,0.0,0.07265625,0.5542968749999998,0.715078125
1762,0.0,0.07265625,0.5542968749999998,0.715078125
1763,0.0,0.07640625,0.5542968749999998,0.715078125
1764,0.0,0.06328125,0.38203124999999916,0.715078125
1765,0.0,0.06328125,0.38203124999999916,0.715078125
1766,0.0,0.06328125,0.38203124999999916,0.715078125
1767,0.0,0.06328125,0.38203124999999916,0.715078125
1768,0.0,0.0665625,0.38203124999999916,0.715078125
1769,0.0,0.06484375,0.38203124999999916,0.715078125
1770,0.0,0.06484375,0.38203124999999916,0.715078125
1771,0.0,0.06484375,0.38203124999999916,0.715078125
1772,0.0,0.06484375,0.38203124999999916,0.715078125
1773,0.0,0.0671875,0.3855468749999992,0.715078125
1774,0.0,0.056875,0.31640624999999933,0.6232031249999996
1775,0.0,0.056875,0.31640624999999933,0.6232031249999996
1776,0.0,0.056875,0.31640624999999933,0.6232031249999996
1777,0.0,0.056875,0.31640624999999933,0.6232031249999996
1778,0.0,0.0590625,0.35156249999999956,0.6232031249999996
1779,0.0,0.03828125,0.17695312499999993,0.5007031249999991
1780,0.0,0.03828125,0.17695312499999993,0.5007031249999991
1781,0.0,0.03828125,0.17695312499999993,0.5007031249999991
1782,0.0,0.03828125,0.17695312499999993,0.5007031249999991
1783,0.0,0.04125,0.18046874999999996,0.5083593749999991
1784,0.0,0.0315625,0.16835937499999998,0.3888281249999996
1785,0.0,0.0315625,0.16835937499999998,0.3888281249999996
1786,0.0,0.0315625,0.16835937499999998,0.3888281249999996
1787,0.0,0.0315625,0.16835937499999998,0.3888281249999996
1788,0.0,0.0425,0.23906249999999973,0.4615624999999999
1789,0.0,0.02546875,0.12812499999999982,0.3110156249999995
1790,0.0,0.02546875,0.12812499999999982,0.3110156249999995
1791,0.0,0.02546875,0.12812499999999982,0.3110156249999995
1792,0.0,0.02546875,0.12812499999999982,0.3110156249999995
1793,0.0,0.04359375,0.1734374999999999,0.4208593749999994
1794,0.0,0.03984375,0.14921874999999996,0.4208593749999994
1795,0.0,0.03984375,0.14921874999999996,0.4208593749999994
1796,0.0,0.03984375,0.14921874999999996,0.4208593749999994
1797,0.0,0.03984375,0.14921874999999996,0.4208593749999994
1798,0.0,0.03984375,0.14921874999999996,0.4208593749999994
1799,0.0,0.0365625,0.14570312499999993,0.4208593749999994
1800,0.0,0.0365625,0.14570312499999993,0.4208593749999994
1801,0.0,0.0365625,0.14570312499999993,0.4208593749999994
1802,0.0,0.0365625,0.14570312499999993,0.4208593749999994
1803,0.0,0.0390625,0.15625,0.4208593749999994
1804,0.0,0.03671875,0.13515624999999987,0.4208593749999994
1805,0.0,0.03671875,0.13515624999999987,0.4208593749999994
1806,0.0,0.03671875,0.13515624999999987,0.4208593749999994
1807,0.0,0.03671875,0.13515624999999987,0.4208593749999994
1808,0.0,0.04171875,0.16054687499999998,0.4208593749999994
1809,0.0,0.03953125,0.16054687499999998,0.4208593749999994
1810,0.0,0.03953125,0.16054687499999998,0.4208593749999994
1811,0.0,0.03953125,0.16054687499999998,0.4208593749999994
1812,0.0,0.03953125,0.16054687499999998,0.4208593749999994
1813,0.0,0.04640625,0.21601562499999993,0.4208593749999994
1814,0.0,0.0434375,0.21601562499999993,0.4208593749999994
1815,0.0,0.0434375,0.21601562499999993,0.4208593749999994
1816,0.0,0.0434375,0.21601562499999993,0.4208593749999994
1817,0.0,0.0434375,0.21601562499999993,0.4208593749999994
1818,0.0,0.0453125,0.21601562499999993,0.4208593749999994
1819,0.0,0.03453125,0.1855468749999999,0.23898437499999986
1820,0.0,0.03453125,0.1855468749999999,0.23898437499999986
1821,0.0,0.03453125,0.1855468749999999,0.23898437499999986
1822,0.0,0.03453125,0.1855468749999999,0.23898437499999986
1823,0.0,0.03953125,0.203125,0.2823437499999998
1824,0.0,0.02140625,0.13359374999999996,0.16421874999999997
1825,0.0,0.02140625,0.13359374999999996,0.16421874999999997
1826,0.0,0.02140625,0.13359374999999996,0.16421874999999997
1827,0.0,0.02140625,0.13359374999999996,0.16421874999999997
1828,0.0,0.02296875,0.13359374999999996,0.16421874999999997
1829,0.0,0.02296875,0.13359374999999996,0.16421874999999997
1830,0.0,0.02296875,0.13359374999999996,0.16421874999999997
1831,0.0,0.02296875,0.13359374999999996,0.16421874999999997
1832,0.0,0.02296875,0.13359374999999996,0.16421874999999997
1833,0.0,0.02984375,0.140625,0.16421874999999997
1834,0.0,0.02734375,0.140625,0.16421874999999997
1835,0.0,0.02734375,0.140625,0.16421874999999997
1836,0.0,0.02734375,0.140625,0.16421874999999997
1837,0.0,0.02734375,0.140625,0.16421874999999997
1838,0.0,0.0284375,0.140625,0.16820312499999995
1839,0.0,0.0234375,0.140625,0.16820312499999995
1840,0.0,0.0234375,0.140625,0.16820312499999995
1841,0.0,0.0234375,0.140625,0.16820312499999995
1842,0.0,0.0234375,0.140625,0.16820312499999995
1843,0.0,0.02453125,0.140625,0.16820312499999995
1844,0.0,0.01765625,0.07968749999999991,0.16054687499999992
1845,0.0,0.01765625,0.07968749999999991,0.16054687499999992
1846,0.0,0.01765625,0.07968749999999991,0.16054687499999992
1847,0.0,0.01765625,0.07968749999999991,0.16054687499999992
1848,0.0,0.01859375,0.07968749999999991,0.16054687499999992
1849,0.0,0.0165625,0.07968749999999991,0.16054687499999992
1850,0.0,0.0165625,0.07968749999999991,0.16054687499999992
1851,0.0,0.0165625,0.07968749999999991,0.16054687499999992
1852,0.0,0.0165625,0.07968749999999991,0.16054687499999992
1853,0.0,0.01859375,0.08671874999999996,0.16054687499999992
1854,0.0,0.01359375,0.07109374999999996,0.1176562499999999
1855,0.0,0.01359375,0.07109374999999996,0.1176562499999999
1856,0.0,0.01359375,0.07109374999999996,0.1176562499999999
1857,0.0,0.01359375,0.07109374999999996,0.1176562499999999
1858,0.0,0.01359375,0.07109374999999996,0.1176562499999999
1859,0.0,0.01203125,0.07109374999999996,0.1176562499999999
1860,0.0,0.01203125,0.07109374999999996,0.1176562499999999
1861,0.0,0.01203125,0.07109374999999996,0.1176562499999999
1862,0.0,0.01203125,0.07109374999999996,0.1176562499999999
1863,0.0,0.0128125,0.07109374999999996,0.1176562499999999
1864,0.0,0.0059375,0.03125,0.050859374999999984
1865,0.0,0.0059375,0.03125,0.050859374999999984
1866,0.0,0.0059375,0.03125,0.050859374999999984
1867,0.0,0.0059375,0.03125,0.050859374999999984
1868,0.0,0.0059375,0.03125,0.050859374999999984
1869,0.0,0.00484375,0.027734374999999978,0.050859374999999984
1870,0.0,0.00484375,0.027734374999999978,0.050859374999999984
1871,0.0,0.00484375,0.027734374999999978,0.050859374999999984
1872,0.0,0.00484375,0.027734374999999978,0.050859374999999984
1873,0.0,0.00484375,0.027734374999999978,0.050859374999999984
1874,0.0,0.00375,0.019921874999999978,0.03921874999999997
1875,0.0,0.00375,0.019921874999999978,0.03921874999999997
1876,0.0,0.00375,0.019921874999999978,0.03921874999999997
1877,0.0,0.00375,0.019921874999999978,0.03921874999999997
1878,0.0,0.00375,0.019921874999999978,0.03921874999999997
1879,0.0,0.0028125,0.015625,0.03539062499999995
1880,0.0,0.0028125,0.015625,0.03539062499999995
1881,0.0,0.0028125,0.015625,0.03539062499999995
1882,0.0,0.0028125,0.015625,0.03539062499999995
1883,0.0,0.0028125,0.015625,0.03539062499999995
1884,0.0,0.00078125,0.004296874999999978,0.015625
1885,0.0,0.00078125,0.004296874999999978,0.015625
1886,0.0,0.00078125,0.004296874999999978,0.015625
1887,0.0,0.00078125,0.004296874999999978,0.015625
1888,0.0,0.00078125,0.004296874999999978,0.015625
1889,0.0,0.00078125,0.004296874999999978,0.015625
1890,0.0,0.00078125,0.004296874999999978,0.015625
1891,0.0,0.00078125,0.004296874999999978,0.015625
1892,0.0,0.00078125,0.004296874999999978,0.015625
1893,0.0,0.00078125,0.004296874999999978,0.015625
1894,0.0,0.0,0.0,0.0
1895,0.0,0.0,0.0,0.0
1896,0.0,0.0,0.0,0.0
1897,0.0,0.0,0.0,0.0
1898,0.0,0.0,0.0,0.0
1899,0.0,0.0,0.0,0.0
1900,0.0,0.0,0.0,0.0
1901,0.0,0.0,0.0,0.0
1902,0.0,0.0,0.0,0.0
1903,0.0,0.0,0.0,0.0
1904,0.0,0.0,0.0,0.0
1905,0.0,0.0,0.0,0.0
1906,0.0,0.0,0.0,0.0
1907,0.0,0.0,0.0,0.0
1908,0.0,0.0,0.0,0.0
1909,0.0,0.0,0.0,0.0
1910,0.0,0.0,0.0,0.0
1911,0.0,0.0,0.0,0.0
