series,pen,min_size,jump,model,breakpoint,bin50
lat_mean,0.75,30,5,l2,-112,-150.0
lat_mean,0.75,30,5,l2,28,0.0
lat_mean,0.75,30,5,l2,223,200.0
lat_mean,0.75,30,5,l2,318,300.0
lat_mean,0.75,30,5,l2,623,600.0
lat_mean,0.75,30,5,l2,973,950.0
lat_mean,0.75,30,5,l2,1273,1250.0
lat_mean,0.75,30,5,l1,-112,-150.0
lat_mean,0.75,30,5,l1,28,0.0
lat_mean,0.75,30,5,l1,213,200.0
lat_mean,0.75,30,5,l1,263,250.0
lat_mean,0.75,30,5,l1,318,300.0
lat_mean,0.75,30,5,l1,433,400.0
lat_mean,0.75,30,5,l1,588,550.0
lat_mean,0.75,30,5,l1,623,600.0
lat_mean,0.75,30,5,l1,668,650.0
lat_mean,0.75,30,5,l1,903,900.0
lat_mean,0.75,30,5,l1,973,950.0
lat_mean,0.75,30,5,l1,1273,1250.0
lat_mean,0.75,40,5,l2,-112,-150.0
lat_mean,0.75,40,5,l2,28,0.0
lat_mean,0.75,40,5,l2,223,200.0
lat_mean,0.75,40,5,l2,318,300.0
lat_mean,0.75,40,5,l2,623,600.0
lat_mean,0.75,40,5,l2,973,950.0
lat_mean,0.75,40,5,l2,1273,1250.0
lat_mean,0.75,40,5,l1,-112,-150.0
lat_mean,0.75,40,5,l1,28,0.0
lat_mean,0.75,40,5,l1,213,200.0
lat_mean,0.75,40,5,l1,263,250.0
lat_mean,0.75,40,5,l1,318,300.0
lat_mean,0.75,40,5,l1,433,400.0
lat_mean,0.75,40,5,l1,588,550.0
lat_mean,0.75,40,5,l1,628,600.0
lat_mean,0.75,40,5,l1,903,900.0
lat_mean,0.75,40,5,l1,973,950.0
lat_mean,0.75,40,5,l1,1273,1250.0
lat_mean,0.75,50,5,l2,-112,-150.0
lat_mean,0.75,50,5,l2,28,0.0
lat_mean,0.75,50,5,l2,223,200.0
lat_mean,0.75,50,5,l2,318,300.0
lat_mean,0.75,50,5,l2,623,600.0
lat_mean,0.75,50,5,l2,973,950.0
lat_mean,0.75,50,5,l2,1273,1250.0
lat_mean,0.75,50,5,l1,-112,-150.0
lat_mean,0.75,50,5,l1,28,0.0
lat_mean,0.75,50,5,l1,213,200.0
lat_mean,0.75,50,5,l1,263,250.0
lat_mean,0.75,50,5,l1,318,300.0
lat_mean,0.75,50,5,l1,433,400.0
lat_mean,0.75,50,5,l1,628,600.0
lat_mean,0.75,50,5,l1,903,900.0
lat_mean,0.75,50,5,l1,973,950.0
lat_mean,0.75,50,5,l1,1273,1250.0
lat_mean,0.75,60,5,l2,-112,-150.0
lat_mean,0.75,60,5,l2,28,0.0
lat_mean,0.75,60,5,l2,223,200.0
lat_mean,0.75,60,5,l2,318,300.0
lat_mean,0.75,60,5,l2,623,600.0
lat_mean,0.75,60,5,l2,973,950.0
lat_mean,0.75,60,5,l2,1273,1250.0
lat_mean,0.75,60,5,l1,-112,-150.0
lat_mean,0.75,60,5,l1,28,0.0
lat_mean,0.75,60,5,l1,198,150.0
lat_mean,0.75,60,5,l1,258,250.0
lat_mean,0.75,60,5,l1,318,300.0
lat_mean,0.75,60,5,l1,433,400.0
lat_mean,0.75,60,5,l1,628,600.0
lat_mean,0.75,60,5,l1,903,900.0
lat_mean,0.75,60,5,l1,973,950.0
lat_mean,0.75,60,5,l1,1273,1250.0
lat_mean,0.75,80,5,l2,-112,-150.0
lat_mean,0.75,80,5,l2,28,0.0
lat_mean,0.75,80,5,l2,223,200.0
lat_mean,0.75,80,5,l2,318,300.0
lat_mean,0.75,80,5,l2,623,600.0
lat_mean,0.75,80,5,l2,973,950.0
lat_mean,0.75,80,5,l2,1273,1250.0
lat_mean,0.75,80,5,l1,-112,-150.0
lat_mean,0.75,80,5,l1,28,0.0
lat_mean,0.75,80,5,l1,223,200.0
lat_mean,0.75,80,5,l1,313,300.0
lat_mean,0.75,80,5,l1,433,400.0
lat_mean,0.75,80,5,l1,628,600.0
lat_mean,0.75,80,5,l1,893,850.0
lat_mean,0.75,80,5,l1,973,950.0
lat_mean,0.75,80,5,l1,1273,1250.0
lat_mean,0.75,100,5,l2,-112,-150.0
lat_mean,0.75,100,5,l2,28,0.0
lat_mean,0.75,100,5,l2,218,200.0
lat_mean,0.75,100,5,l2,318,300.0
lat_mean,0.75,100,5,l2,623,600.0
lat_mean,0.75,100,5,l2,973,950.0
lat_mean,0.75,100,5,l2,1273,1250.0
lat_mean,0.75,100,5,l1,-112,-150.0
lat_mean,0.75,100,5,l1,28,0.0
lat_mean,0.75,100,5,l1,218,200.0
lat_mean,0.75,100,5,l1,318,300.0
lat_mean,0.75,100,5,l1,433,400.0
lat_mean,0.75,100,5,l1,628,600.0
lat_mean,0.75,100,5,l1,973,950.0
lat_mean,0.75,100,5,l1,1273,1250.0
lat_mean,0.75,120,5,l2,-102,-150.0
lat_mean,0.75,120,5,l2,28,0.0
lat_mean,0.75,120,5,l2,198,150.0
lat_mean,0.75,120,5,l2,318,300.0
lat_mean,0.75,120,5,l2,623,600.0
lat_mean,0.75,120,5,l2,973,950.0
lat_mean,0.75,120,5,l2,1273,1250.0
lat_mean,0.75,120,5,l1,-102,-150.0
lat_mean,0.75,120,5,l1,28,0.0
lat_mean,0.75,120,5,l1,193,150.0
lat_mean,0.75,120,5,l1,313,300.0
lat_mean,0.75,120,5,l1,433,400.0
lat_mean,0.75,120,5,l1,628,600.0
lat_mean,0.75,120,5,l1,973,950.0
lat_mean,0.75,120,5,l1,1273,1250.0
lat_mean,0.75,150,5,l2,18,0.0
lat_mean,0.75,150,5,l2,168,150.0
lat_mean,0.75,150,5,l2,318,300.0
lat_mean,0.75,150,5,l2,623,600.0
lat_mean,0.75,150,5,l2,973,950.0
lat_mean,0.75,150,5,l2,1273,1250.0
lat_mean,0.75,150,5,l1,28,0.0
lat_mean,0.75,150,5,l1,278,250.0
lat_mean,0.75,150,5,l1,433,400.0
lat_mean,0.75,150,5,l1,628,600.0
lat_mean,0.75,150,5,l1,973,950.0
lat_mean,0.75,150,5,l1,1273,1250.0
lat_mean,0.75,200,5,l2,28,0.0
lat_mean,0.75,200,5,l2,283,250.0
lat_mean,0.75,200,5,l2,623,600.0
lat_mean,0.75,200,5,l2,973,950.0
lat_mean,0.75,200,5,l2,1273,1250.0
lat_mean,0.75,200,5,l1,28,0.0
lat_mean,0.75,200,5,l1,278,250.0
lat_mean,0.75,200,5,l1,623,600.0
lat_mean,0.75,200,5,l1,973,950.0
lat_mean,0.75,200,5,l1,1273,1250.0
lat_mean,1.0,30,5,l2,-112,-150.0
lat_mean,1.0,30,5,l2,28,0.0
lat_mean,1.0,30,5,l2,223,200.0
lat_mean,1.0,30,5,l2,318,300.0
lat_mean,1.0,30,5,l2,623,600.0
lat_mean,1.0,30,5,l2,973,950.0
lat_mean,1.0,30,5,l2,1273,1250.0
lat_mean,1.0,30,5,l1,-112,-150.0
lat_mean,1.0,30,5,l1,28,0.0
lat_mean,1.0,30,5,l1,213,200.0
lat_mean,1.0,30,5,l1,263,250.0
lat_mean,1.0,30,5,l1,318,300.0
lat_mean,1.0,30,5,l1,433,400.0
lat_mean,1.0,30,5,l1,588,550.0
lat_mean,1.0,30,5,l1,623,600.0
lat_mean,1.0,30,5,l1,903,900.0
lat_mean,1.0,30,5,l1,973,950.0
lat_mean,1.0,30,5,l1,1273,1250.0
lat_mean,1.0,40,5,l2,-112,-150.0
lat_mean,1.0,40,5,l2,28,0.0
lat_mean,1.0,40,5,l2,223,200.0
lat_mean,1.0,40,5,l2,318,300.0
lat_mean,1.0,40,5,l2,623,600.0
lat_mean,1.0,40,5,l2,973,950.0
lat_mean,1.0,40,5,l2,1273,1250.0
lat_mean,1.0,40,5,l1,-112,-150.0
lat_mean,1.0,40,5,l1,28,0.0
lat_mean,1.0,40,5,l1,213,200.0
lat_mean,1.0,40,5,l1,263,250.0
lat_mean,1.0,40,5,l1,318,300.0
lat_mean,1.0,40,5,l1,433,400.0
lat_mean,1.0,40,5,l1,588,550.0
lat_mean,1.0,40,5,l1,628,600.0
lat_mean,1.0,40,5,l1,903,900.0
lat_mean,1.0,40,5,l1,973,950.0
lat_mean,1.0,40,5,l1,1273,1250.0
lat_mean,1.0,50,5,l2,-112,-150.0
lat_mean,1.0,50,5,l2,28,0.0
lat_mean,1.0,50,5,l2,223,200.0
lat_mean,1.0,50,5,l2,318,300.0
lat_mean,1.0,50,5,l2,623,600.0
lat_mean,1.0,50,5,l2,973,950.0
lat_mean,1.0,50,5,l2,1273,1250.0
lat_mean,1.0,50,5,l1,-112,-150.0
lat_mean,1.0,50,5,l1,28,0.0
lat_mean,1.0,50,5,l1,213,200.0
lat_mean,1.0,50,5,l1,263,250.0
lat_mean,1.0,50,5,l1,318,300.0
lat_mean,1.0,50,5,l1,433,400.0
lat_mean,1.0,50,5,l1,628,600.0
lat_mean,1.0,50,5,l1,903,900.0
lat_mean,1.0,50,5,l1,973,950.0
lat_mean,1.0,50,5,l1,1273,1250.0
lat_mean,1.0,60,5,l2,-112,-150.0
lat_mean,1.0,60,5,l2,28,0.0
lat_mean,1.0,60,5,l2,223,200.0
lat_mean,1.0,60,5,l2,318,300.0
lat_mean,1.0,60,5,l2,623,600.0
lat_mean,1.0,60,5,l2,973,950.0
lat_mean,1.0,60,5,l2,1273,1250.0
lat_mean,1.0,60,5,l1,-112,-150.0
lat_mean,1.0,60,5,l1,28,0.0
lat_mean,1.0,60,5,l1,198,150.0
lat_mean,1.0,60,5,l1,258,250.0
lat_mean,1.0,60,5,l1,318,300.0
lat_mean,1.0,60,5,l1,433,400.0
lat_mean,1.0,60,5,l1,628,600.0
lat_mean,1.0,60,5,l1,903,900.0
lat_mean,1.0,60,5,l1,973,950.0
lat_mean,1.0,60,5,l1,1273,1250.0
lat_mean,1.0,80,5,l2,-112,-150.0
lat_mean,1.0,80,5,l2,28,0.0
lat_mean,1.0,80,5,l2,223,200.0
lat_mean,1.0,80,5,l2,318,300.0
lat_mean,1.0,80,5,l2,623,600.0
lat_mean,1.0,80,5,l2,973,950.0
lat_mean,1.0,80,5,l2,1273,1250.0
lat_mean,1.0,80,5,l1,-112,-150.0
lat_mean,1.0,80,5,l1,28,0.0
lat_mean,1.0,80,5,l1,223,200.0
lat_mean,1.0,80,5,l1,313,300.0
lat_mean,1.0,80,5,l1,433,400.0
lat_mean,1.0,80,5,l1,628,600.0
lat_mean,1.0,80,5,l1,973,950.0
lat_mean,1.0,80,5,l1,1273,1250.0
lat_mean,1.0,100,5,l2,-112,-150.0
lat_mean,1.0,100,5,l2,28,0.0
lat_mean,1.0,100,5,l2,218,200.0
lat_mean,1.0,100,5,l2,318,300.0
lat_mean,1.0,100,5,l2,623,600.0
lat_mean,1.0,100,5,l2,973,950.0
lat_mean,1.0,100,5,l2,1273,1250.0
lat_mean,1.0,100,5,l1,-112,-150.0
lat_mean,1.0,100,5,l1,28,0.0
lat_mean,1.0,100,5,l1,218,200.0
lat_mean,1.0,100,5,l1,318,300.0
lat_mean,1.0,100,5,l1,433,400.0
lat_mean,1.0,100,5,l1,628,600.0
lat_mean,1.0,100,5,l1,973,950.0
lat_mean,1.0,100,5,l1,1273,1250.0
lat_mean,1.0,120,5,l2,-102,-150.0
lat_mean,1.0,120,5,l2,198,150.0
lat_mean,1.0,120,5,l2,318,300.0
lat_mean,1.0,120,5,l2,623,600.0
lat_mean,1.0,120,5,l2,973,950.0
lat_mean,1.0,120,5,l2,1273,1250.0
lat_mean,1.0,120,5,l1,-102,-150.0
lat_mean,1.0,120,5,l1,28,0.0
lat_mean,1.0,120,5,l1,193,150.0
lat_mean,1.0,120,5,l1,313,300.0
lat_mean,1.0,120,5,l1,433,400.0
lat_mean,1.0,120,5,l1,628,600.0
lat_mean,1.0,120,5,l1,973,950.0
lat_mean,1.0,120,5,l1,1273,1250.0
lat_mean,1.0,150,5,l2,18,0.0
lat_mean,1.0,150,5,l2,168,150.0
lat_mean,1.0,150,5,l2,318,300.0
lat_mean,1.0,150,5,l2,623,600.0
lat_mean,1.0,150,5,l2,973,950.0
lat_mean,1.0,150,5,l2,1273,1250.0
lat_mean,1.0,150,5,l1,28,0.0
lat_mean,1.0,150,5,l1,278,250.0
lat_mean,1.0,150,5,l1,433,400.0
lat_mean,1.0,150,5,l1,628,600.0
lat_mean,1.0,150,5,l1,973,950.0
lat_mean,1.0,150,5,l1,1273,1250.0
lat_mean,1.0,200,5,l2,28,0.0
lat_mean,1.0,200,5,l2,283,250.0
lat_mean,1.0,200,5,l2,623,600.0
lat_mean,1.0,200,5,l2,973,950.0
lat_mean,1.0,200,5,l2,1273,1250.0
lat_mean,1.0,200,5,l1,28,0.0
lat_mean,1.0,200,5,l1,278,250.0
lat_mean,1.0,200,5,l1,623,600.0
lat_mean,1.0,200,5,l1,973,950.0
lat_mean,1.0,200,5,l1,1273,1250.0
lat_mean,1.25,30,5,l2,-112,-150.0
lat_mean,1.25,30,5,l2,218,200.0
lat_mean,1.25,30,5,l2,318,300.0
lat_mean,1.25,30,5,l2,623,600.0
lat_mean,1.25,30,5,l2,973,950.0
lat_mean,1.25,30,5,l2,1273,1250.0
lat_mean,1.25,30,5,l1,-112,-150.0
lat_mean,1.25,30,5,l1,28,0.0
lat_mean,1.25,30,5,l1,213,200.0
lat_mean,1.25,30,5,l1,263,250.0
lat_mean,1.25,30,5,l1,318,300.0
lat_mean,1.25,30,5,l1,433,400.0
lat_mean,1.25,30,5,l1,588,550.0
lat_mean,1.25,30,5,l1,623,600.0
lat_mean,1.25,30,5,l1,973,950.0
lat_mean,1.25,30,5,l1,1273,1250.0
lat_mean,1.25,40,5,l2,-112,-150.0
lat_mean,1.25,40,5,l2,218,200.0
lat_mean,1.25,40,5,l2,318,300.0
lat_mean,1.25,40,5,l2,623,600.0
lat_mean,1.25,40,5,l2,973,950.0
lat_mean,1.25,40,5,l2,1273,1250.0
lat_mean,1.25,40,5,l1,-112,-150.0
lat_mean,1.25,40,5,l1,28,0.0
lat_mean,1.25,40,5,l1,213,200.0
lat_mean,1.25,40,5,l1,263,250.0
lat_mean,1.25,40,5,l1,318,300.0
lat_mean,1.25,40,5,l1,433,400.0
lat_mean,1.25,40,5,l1,588,550.0
lat_mean,1.25,40,5,l1,628,600.0
lat_mean,1.25,40,5,l1,973,950.0
lat_mean,1.25,40,5,l1,1273,1250.0
lat_mean,1.25,50,5,l2,-112,-150.0
lat_mean,1.25,50,5,l2,218,200.0
lat_mean,1.25,50,5,l2,318,300.0
lat_mean,1.25,50,5,l2,623,600.0
lat_mean,1.25,50,5,l2,973,950.0
lat_mean,1.25,50,5,l2,1273,1250.0
lat_mean,1.25,50,5,l1,-112,-150.0
lat_mean,1.25,50,5,l1,28,0.0
lat_mean,1.25,50,5,l1,213,200.0
lat_mean,1.25,50,5,l1,263,250.0
lat_mean,1.25,50,5,l1,318,300.0
lat_mean,1.25,50,5,l1,433,400.0
lat_mean,1.25,50,5,l1,628,600.0
lat_mean,1.25,50,5,l1,973,950.0
lat_mean,1.25,50,5,l1,1273,1250.0
lat_mean,1.25,60,5,l2,-112,-150.0
lat_mean,1.25,60,5,l2,218,200.0
lat_mean,1.25,60,5,l2,318,300.0
lat_mean,1.25,60,5,l2,623,600.0
lat_mean,1.25,60,5,l2,973,950.0
lat_mean,1.25,60,5,l2,1273,1250.0
lat_mean,1.25,60,5,l1,-112,-150.0
lat_mean,1.25,60,5,l1,28,0.0
lat_mean,1.25,60,5,l1,198,150.0
lat_mean,1.25,60,5,l1,258,250.0
lat_mean,1.25,60,5,l1,318,300.0
lat_mean,1.25,60,5,l1,433,400.0
lat_mean,1.25,60,5,l1,628,600.0
lat_mean,1.25,60,5,l1,973,950.0
lat_mean,1.25,60,5,l1,1273,1250.0
lat_mean,1.25,80,5,l2,-112,-150.0
lat_mean,1.25,80,5,l2,218,200.0
lat_mean,1.25,80,5,l2,318,300.0
lat_mean,1.25,80,5,l2,623,600.0
lat_mean,1.25,80,5,l2,973,950.0
lat_mean,1.25,80,5,l2,1273,1250.0
lat_mean,1.25,80,5,l1,-112,-150.0
lat_mean,1.25,80,5,l1,28,0.0
lat_mean,1.25,80,5,l1,223,200.0
lat_mean,1.25,80,5,l1,313,300.0
lat_mean,1.25,80,5,l1,433,400.0
lat_mean,1.25,80,5,l1,628,600.0
lat_mean,1.25,80,5,l1,973,950.0
lat_mean,1.25,80,5,l1,1273,1250.0
lat_mean,1.25,100,5,l2,-112,-150.0
lat_mean,1.25,100,5,l2,218,200.0
lat_mean,1.25,100,5,l2,318,300.0
lat_mean,1.25,100,5,l2,623,600.0
lat_mean,1.25,100,5,l2,973,950.0
lat_mean,1.25,100,5,l2,1273,1250.0
lat_mean,1.25,100,5,l1,-112,-150.0
lat_mean,1.25,100,5,l1,28,0.0
lat_mean,1.25,100,5,l1,218,200.0
lat_mean,1.25,100,5,l1,318,300.0
lat_mean,1.25,100,5,l1,433,400.0
lat_mean,1.25,100,5,l1,628,600.0
lat_mean,1.25,100,5,l1,973,950.0
lat_mean,1.25,100,5,l1,1273,1250.0
lat_mean,1.25,120,5,l2,-102,-150.0
lat_mean,1.25,120,5,l2,198,150.0
lat_mean,1.25,120,5,l2,318,300.0
lat_mean,1.25,120,5,l2,623,600.0
lat_mean,1.25,120,5,l2,973,950.0
lat_mean,1.25,120,5,l2,1273,1250.0
lat_mean,1.25,120,5,l1,-102,-150.0
lat_mean,1.25,120,5,l1,28,0.0
lat_mean,1.25,120,5,l1,193,150.0
lat_mean,1.25,120,5,l1,313,300.0
lat_mean,1.25,120,5,l1,433,400.0
lat_mean,1.25,120,5,l1,628,600.0
lat_mean,1.25,120,5,l1,973,950.0
lat_mean,1.25,120,5,l1,1273,1250.0
lat_mean,1.25,150,5,l2,28,0.0
lat_mean,1.25,150,5,l2,283,250.0
lat_mean,1.25,150,5,l2,623,600.0
lat_mean,1.25,150,5,l2,973,950.0
lat_mean,1.25,150,5,l2,1273,1250.0
lat_mean,1.25,150,5,l1,28,0.0
lat_mean,1.25,150,5,l1,278,250.0
lat_mean,1.25,150,5,l1,433,400.0
lat_mean,1.25,150,5,l1,628,600.0
lat_mean,1.25,150,5,l1,973,950.0
lat_mean,1.25,150,5,l1,1273,1250.0
lat_mean,1.25,200,5,l2,28,0.0
lat_mean,1.25,200,5,l2,283,250.0
lat_mean,1.25,200,5,l2,623,600.0
lat_mean,1.25,200,5,l2,973,950.0
lat_mean,1.25,200,5,l2,1273,1250.0
lat_mean,1.25,200,5,l1,28,0.0
lat_mean,1.25,200,5,l1,278,250.0
lat_mean,1.25,200,5,l1,623,600.0
lat_mean,1.25,200,5,l1,973,950.0
lat_mean,1.25,200,5,l1,1273,1250.0
lat_mean,1.5,30,5,l2,-112,-150.0
lat_mean,1.5,30,5,l2,218,200.0
lat_mean,1.5,30,5,l2,318,300.0
lat_mean,1.5,30,5,l2,623,600.0
lat_mean,1.5,30,5,l2,973,950.0
lat_mean,1.5,30,5,l2,1273,1250.0
lat_mean,1.5,30,5,l1,-112,-150.0
lat_mean,1.5,30,5,l1,28,0.0
lat_mean,1.5,30,5,l1,213,200.0
lat_mean,1.5,30,5,l1,263,250.0
lat_mean,1.5,30,5,l1,318,300.0
lat_mean,1.5,30,5,l1,433,400.0
lat_mean,1.5,30,5,l1,588,550.0
lat_mean,1.5,30,5,l1,623,600.0
lat_mean,1.5,30,5,l1,973,950.0
lat_mean,1.5,30,5,l1,1273,1250.0
lat_mean,1.5,40,5,l2,-112,-150.0
lat_mean,1.5,40,5,l2,218,200.0
lat_mean,1.5,40,5,l2,318,300.0
lat_mean,1.5,40,5,l2,623,600.0
lat_mean,1.5,40,5,l2,973,950.0
lat_mean,1.5,40,5,l2,1273,1250.0
lat_mean,1.5,40,5,l1,-112,-150.0
lat_mean,1.5,40,5,l1,28,0.0
lat_mean,1.5,40,5,l1,213,200.0
lat_mean,1.5,40,5,l1,263,250.0
lat_mean,1.5,40,5,l1,318,300.0
lat_mean,1.5,40,5,l1,433,400.0
lat_mean,1.5,40,5,l1,628,600.0
lat_mean,1.5,40,5,l1,973,950.0
lat_mean,1.5,40,5,l1,1273,1250.0
lat_mean,1.5,50,5,l2,-112,-150.0
lat_mean,1.5,50,5,l2,218,200.0
lat_mean,1.5,50,5,l2,318,300.0
lat_mean,1.5,50,5,l2,623,600.0
lat_mean,1.5,50,5,l2,973,950.0
lat_mean,1.5,50,5,l2,1273,1250.0
lat_mean,1.5,50,5,l1,-112,-150.0
lat_mean,1.5,50,5,l1,28,0.0
lat_mean,1.5,50,5,l1,213,200.0
lat_mean,1.5,50,5,l1,263,250.0
lat_mean,1.5,50,5,l1,318,300.0
lat_mean,1.5,50,5,l1,433,400.0
lat_mean,1.5,50,5,l1,628,600.0
lat_mean,1.5,50,5,l1,973,950.0
lat_mean,1.5,50,5,l1,1273,1250.0
lat_mean,1.5,60,5,l2,-112,-150.0
lat_mean,1.5,60,5,l2,218,200.0
lat_mean,1.5,60,5,l2,318,300.0
lat_mean,1.5,60,5,l2,623,600.0
lat_mean,1.5,60,5,l2,973,950.0
lat_mean,1.5,60,5,l2,1273,1250.0
lat_mean,1.5,60,5,l1,-112,-150.0
lat_mean,1.5,60,5,l1,28,0.0
lat_mean,1.5,60,5,l1,198,150.0
lat_mean,1.5,60,5,l1,258,250.0
lat_mean,1.5,60,5,l1,318,300.0
lat_mean,1.5,60,5,l1,433,400.0
lat_mean,1.5,60,5,l1,628,600.0
lat_mean,1.5,60,5,l1,973,950.0
lat_mean,1.5,60,5,l1,1273,1250.0
lat_mean,1.5,80,5,l2,-112,-150.0
lat_mean,1.5,80,5,l2,218,200.0
lat_mean,1.5,80,5,l2,318,300.0
lat_mean,1.5,80,5,l2,623,600.0
lat_mean,1.5,80,5,l2,973,950.0
lat_mean,1.5,80,5,l2,1273,1250.0
lat_mean,1.5,80,5,l1,-112,-150.0
lat_mean,1.5,80,5,l1,28,0.0
lat_mean,1.5,80,5,l1,223,200.0
lat_mean,1.5,80,5,l1,313,300.0
lat_mean,1.5,80,5,l1,433,400.0
lat_mean,1.5,80,5,l1,628,600.0
lat_mean,1.5,80,5,l1,973,950.0
lat_mean,1.5,80,5,l1,1273,1250.0
lat_mean,1.5,100,5,l2,-112,-150.0
lat_mean,1.5,100,5,l2,218,200.0
lat_mean,1.5,100,5,l2,318,300.0
lat_mean,1.5,100,5,l2,623,600.0
lat_mean,1.5,100,5,l2,973,950.0
lat_mean,1.5,100,5,l2,1273,1250.0
lat_mean,1.5,100,5,l1,-112,-150.0
lat_mean,1.5,100,5,l1,28,0.0
lat_mean,1.5,100,5,l1,218,200.0
lat_mean,1.5,100,5,l1,318,300.0
lat_mean,1.5,100,5,l1,433,400.0
lat_mean,1.5,100,5,l1,628,600.0
lat_mean,1.5,100,5,l1,973,950.0
lat_mean,1.5,100,5,l1,1273,1250.0
lat_mean,1.5,120,5,l2,-102,-150.0
lat_mean,1.5,120,5,l2,198,150.0
lat_mean,1.5,120,5,l2,318,300.0
lat_mean,1.5,120,5,l2,623,600.0
lat_mean,1.5,120,5,l2,973,950.0
lat_mean,1.5,120,5,l2,1273,1250.0
lat_mean,1.5,120,5,l1,-102,-150.0
lat_mean,1.5,120,5,l1,28,0.0
lat_mean,1.5,120,5,l1,193,150.0
lat_mean,1.5,120,5,l1,313,300.0
lat_mean,1.5,120,5,l1,433,400.0
lat_mean,1.5,120,5,l1,628,600.0
lat_mean,1.5,120,5,l1,973,950.0
lat_mean,1.5,120,5,l1,1273,1250.0
lat_mean,1.5,150,5,l2,28,0.0
lat_mean,1.5,150,5,l2,283,250.0
lat_mean,1.5,150,5,l2,623,600.0
lat_mean,1.5,150,5,l2,973,950.0
lat_mean,1.5,150,5,l2,1273,1250.0
lat_mean,1.5,150,5,l1,28,0.0
lat_mean,1.5,150,5,l1,278,250.0
lat_mean,1.5,150,5,l1,433,400.0
lat_mean,1.5,150,5,l1,628,600.0
lat_mean,1.5,150,5,l1,973,950.0
lat_mean,1.5,150,5,l1,1273,1250.0
lat_mean,1.5,200,5,l2,28,0.0
lat_mean,1.5,200,5,l2,283,250.0
lat_mean,1.5,200,5,l2,623,600.0
lat_mean,1.5,200,5,l2,973,950.0
lat_mean,1.5,200,5,l2,1273,1250.0
lat_mean,1.5,200,5,l1,28,0.0
lat_mean,1.5,200,5,l1,278,250.0
lat_mean,1.5,200,5,l1,623,600.0
lat_mean,1.5,200,5,l1,973,950.0
lat_mean,1.5,200,5,l1,1273,1250.0
lat_mean,1.75,30,5,l2,-112,-150.0
lat_mean,1.75,30,5,l2,218,200.0
lat_mean,1.75,30,5,l2,318,300.0
lat_mean,1.75,30,5,l2,623,600.0
lat_mean,1.75,30,5,l2,973,950.0
lat_mean,1.75,30,5,l2,1273,1250.0
lat_mean,1.75,30,5,l1,-112,-150.0
lat_mean,1.75,30,5,l1,28,0.0
lat_mean,1.75,30,5,l1,213,200.0
lat_mean,1.75,30,5,l1,263,250.0
lat_mean,1.75,30,5,l1,318,300.0
lat_mean,1.75,30,5,l1,433,400.0
lat_mean,1.75,30,5,l1,628,600.0
lat_mean,1.75,30,5,l1,973,950.0
lat_mean,1.75,30,5,l1,1273,1250.0
lat_mean,1.75,40,5,l2,-112,-150.0
lat_mean,1.75,40,5,l2,218,200.0
lat_mean,1.75,40,5,l2,318,300.0
lat_mean,1.75,40,5,l2,623,600.0
lat_mean,1.75,40,5,l2,973,950.0
lat_mean,1.75,40,5,l2,1273,1250.0
lat_mean,1.75,40,5,l1,-112,-150.0
lat_mean,1.75,40,5,l1,28,0.0
lat_mean,1.75,40,5,l1,213,200.0
lat_mean,1.75,40,5,l1,263,250.0
lat_mean,1.75,40,5,l1,318,300.0
lat_mean,1.75,40,5,l1,433,400.0
lat_mean,1.75,40,5,l1,628,600.0
lat_mean,1.75,40,5,l1,973,950.0
lat_mean,1.75,40,5,l1,1273,1250.0
lat_mean,1.75,50,5,l2,-112,-150.0
lat_mean,1.75,50,5,l2,218,200.0
lat_mean,1.75,50,5,l2,318,300.0
lat_mean,1.75,50,5,l2,623,600.0
lat_mean,1.75,50,5,l2,973,950.0
lat_mean,1.75,50,5,l2,1273,1250.0
lat_mean,1.75,50,5,l1,-112,-150.0
lat_mean,1.75,50,5,l1,28,0.0
lat_mean,1.75,50,5,l1,213,200.0
lat_mean,1.75,50,5,l1,263,250.0
lat_mean,1.75,50,5,l1,318,300.0
lat_mean,1.75,50,5,l1,433,400.0
lat_mean,1.75,50,5,l1,628,600.0
lat_mean,1.75,50,5,l1,973,950.0
lat_mean,1.75,50,5,l1,1273,1250.0
lat_mean,1.75,60,5,l2,-112,-150.0
lat_mean,1.75,60,5,l2,218,200.0
lat_mean,1.75,60,5,l2,318,300.0
lat_mean,1.75,60,5,l2,623,600.0
lat_mean,1.75,60,5,l2,973,950.0
lat_mean,1.75,60,5,l2,1273,1250.0
lat_mean,1.75,60,5,l1,-112,-150.0
lat_mean,1.75,60,5,l1,28,0.0
lat_mean,1.75,60,5,l1,223,200.0
lat_mean,1.75,60,5,l1,313,300.0
lat_mean,1.75,60,5,l1,433,400.0
lat_mean,1.75,60,5,l1,628,600.0
lat_mean,1.75,60,5,l1,973,950.0
lat_mean,1.75,60,5,l1,1273,1250.0
lat_mean,1.75,80,5,l2,-112,-150.0
lat_mean,1.75,80,5,l2,218,200.0
lat_mean,1.75,80,5,l2,318,300.0
lat_mean,1.75,80,5,l2,623,600.0
lat_mean,1.75,80,5,l2,973,950.0
lat_mean,1.75,80,5,l2,1273,1250.0
lat_mean,1.75,80,5,l1,-112,-150.0
lat_mean,1.75,80,5,l1,28,0.0
lat_mean,1.75,80,5,l1,223,200.0
lat_mean,1.75,80,5,l1,313,300.0
lat_mean,1.75,80,5,l1,433,400.0
lat_mean,1.75,80,5,l1,628,600.0
lat_mean,1.75,80,5,l1,973,950.0
lat_mean,1.75,80,5,l1,1273,1250.0
lat_mean,1.75,100,5,l2,-112,-150.0
lat_mean,1.75,100,5,l2,218,200.0
lat_mean,1.75,100,5,l2,318,300.0
lat_mean,1.75,100,5,l2,623,600.0
lat_mean,1.75,100,5,l2,973,950.0
lat_mean,1.75,100,5,l2,1273,1250.0
lat_mean,1.75,100,5,l1,-112,-150.0
lat_mean,1.75,100,5,l1,28,0.0
lat_mean,1.75,100,5,l1,218,200.0
lat_mean,1.75,100,5,l1,318,300.0
lat_mean,1.75,100,5,l1,433,400.0
lat_mean,1.75,100,5,l1,628,600.0
lat_mean,1.75,100,5,l1,973,950.0
lat_mean,1.75,100,5,l1,1273,1250.0
lat_mean,1.75,120,5,l2,-102,-150.0
lat_mean,1.75,120,5,l2,198,150.0
lat_mean,1.75,120,5,l2,318,300.0
lat_mean,1.75,120,5,l2,623,600.0
lat_mean,1.75,120,5,l2,973,950.0
lat_mean,1.75,120,5,l2,1273,1250.0
lat_mean,1.75,120,5,l1,-102,-150.0
lat_mean,1.75,120,5,l1,28,0.0
lat_mean,1.75,120,5,l1,193,150.0
lat_mean,1.75,120,5,l1,313,300.0
lat_mean,1.75,120,5,l1,433,400.0
lat_mean,1.75,120,5,l1,628,600.0
lat_mean,1.75,120,5,l1,973,950.0
lat_mean,1.75,120,5,l1,1273,1250.0
lat_mean,1.75,150,5,l2,28,0.0
lat_mean,1.75,150,5,l2,283,250.0
lat_mean,1.75,150,5,l2,623,600.0
lat_mean,1.75,150,5,l2,973,950.0
lat_mean,1.75,150,5,l2,1273,1250.0
lat_mean,1.75,150,5,l1,28,0.0
lat_mean,1.75,150,5,l1,278,250.0
lat_mean,1.75,150,5,l1,433,400.0
lat_mean,1.75,150,5,l1,628,600.0
lat_mean,1.75,150,5,l1,973,950.0
lat_mean,1.75,150,5,l1,1273,1250.0
lat_mean,1.75,200,5,l2,28,0.0
lat_mean,1.75,200,5,l2,283,250.0
lat_mean,1.75,200,5,l2,623,600.0
lat_mean,1.75,200,5,l2,973,950.0
lat_mean,1.75,200,5,l2,1273,1250.0
lat_mean,1.75,200,5,l1,28,0.0
lat_mean,1.75,200,5,l1,278,250.0
lat_mean,1.75,200,5,l1,623,600.0
lat_mean,1.75,200,5,l1,973,950.0
lat_mean,1.75,200,5,l1,1273,1250.0
lat_mean,2.0,30,5,l2,-112,-150.0
lat_mean,2.0,30,5,l2,218,200.0
lat_mean,2.0,30,5,l2,318,300.0
lat_mean,2.0,30,5,l2,623,600.0
lat_mean,2.0,30,5,l2,973,950.0
lat_mean,2.0,30,5,l2,1273,1250.0
lat_mean,2.0,30,5,l1,-112,-150.0
lat_mean,2.0,30,5,l1,28,0.0
lat_mean,2.0,30,5,l1,223,200.0
lat_mean,2.0,30,5,l1,313,300.0
lat_mean,2.0,30,5,l1,433,400.0
lat_mean,2.0,30,5,l1,628,600.0
lat_mean,2.0,30,5,l1,973,950.0
lat_mean,2.0,30,5,l1,1273,1250.0
lat_mean,2.0,40,5,l2,-112,-150.0
lat_mean,2.0,40,5,l2,218,200.0
lat_mean,2.0,40,5,l2,318,300.0
lat_mean,2.0,40,5,l2,623,600.0
lat_mean,2.0,40,5,l2,973,950.0
lat_mean,2.0,40,5,l2,1273,1250.0
lat_mean,2.0,40,5,l1,-112,-150.0
lat_mean,2.0,40,5,l1,28,0.0
lat_mean,2.0,40,5,l1,223,200.0
lat_mean,2.0,40,5,l1,313,300.0
lat_mean,2.0,40,5,l1,433,400.0
lat_mean,2.0,40,5,l1,628,600.0
lat_mean,2.0,40,5,l1,973,950.0
lat_mean,2.0,40,5,l1,1273,1250.0
lat_mean,2.0,50,5,l2,-112,-150.0
lat_mean,2.0,50,5,l2,218,200.0
lat_mean,2.0,50,5,l2,318,300.0
lat_mean,2.0,50,5,l2,623,600.0
lat_mean,2.0,50,5,l2,973,950.0
lat_mean,2.0,50,5,l2,1273,1250.0
lat_mean,2.0,50,5,l1,-112,-150.0
lat_mean,2.0,50,5,l1,28,0.0
lat_mean,2.0,50,5,l1,223,200.0
lat_mean,2.0,50,5,l1,313,300.0
lat_mean,2.0,50,5,l1,433,400.0
lat_mean,2.0,50,5,l1,628,600.0
lat_mean,2.0,50,5,l1,973,950.0
lat_mean,2.0,50,5,l1,1273,1250.0
lat_mean,2.0,60,5,l2,-112,-150.0
lat_mean,2.0,60,5,l2,218,200.0
lat_mean,2.0,60,5,l2,318,300.0
lat_mean,2.0,60,5,l2,623,600.0
lat_mean,2.0,60,5,l2,973,950.0
lat_mean,2.0,60,5,l2,1273,1250.0
lat_mean,2.0,60,5,l1,-112,-150.0
lat_mean,2.0,60,5,l1,28,0.0
lat_mean,2.0,60,5,l1,223,200.0
lat_mean,2.0,60,5,l1,313,300.0
lat_mean,2.0,60,5,l1,433,400.0
lat_mean,2.0,60,5,l1,628,600.0
lat_mean,2.0,60,5,l1,973,950.0
lat_mean,2.0,60,5,l1,1273,1250.0
lat_mean,2.0,80,5,l2,-112,-150.0
lat_mean,2.0,80,5,l2,218,200.0
lat_mean,2.0,80,5,l2,318,300.0
lat_mean,2.0,80,5,l2,623,600.0
lat_mean,2.0,80,5,l2,973,950.0
lat_mean,2.0,80,5,l2,1273,1250.0
lat_mean,2.0,80,5,l1,-112,-150.0
lat_mean,2.0,80,5,l1,28,0.0
lat_mean,2.0,80,5,l1,223,200.0
lat_mean,2.0,80,5,l1,313,300.0
lat_mean,2.0,80,5,l1,433,400.0
lat_mean,2.0,80,5,l1,628,600.0
lat_mean,2.0,80,5,l1,973,950.0
lat_mean,2.0,80,5,l1,1273,1250.0
lat_mean,2.0,100,5,l2,-112,-150.0
lat_mean,2.0,100,5,l2,218,200.0
lat_mean,2.0,100,5,l2,318,300.0
lat_mean,2.0,100,5,l2,623,600.0
lat_mean,2.0,100,5,l2,973,950.0
lat_mean,2.0,100,5,l2,1273,1250.0
lat_mean,2.0,100,5,l1,-112,-150.0
lat_mean,2.0,100,5,l1,28,0.0
lat_mean,2.0,100,5,l1,218,200.0
lat_mean,2.0,100,5,l1,318,300.0
lat_mean,2.0,100,5,l1,433,400.0
lat_mean,2.0,100,5,l1,628,600.0
lat_mean,2.0,100,5,l1,973,950.0
lat_mean,2.0,100,5,l1,1273,1250.0
lat_mean,2.0,120,5,l2,-102,-150.0
lat_mean,2.0,120,5,l2,198,150.0
lat_mean,2.0,120,5,l2,318,300.0
lat_mean,2.0,120,5,l2,623,600.0
lat_mean,2.0,120,5,l2,973,950.0
lat_mean,2.0,120,5,l2,1273,1250.0
lat_mean,2.0,120,5,l1,-102,-150.0
lat_mean,2.0,120,5,l1,28,0.0
lat_mean,2.0,120,5,l1,193,150.0
lat_mean,2.0,120,5,l1,313,300.0
lat_mean,2.0,120,5,l1,433,400.0
lat_mean,2.0,120,5,l1,628,600.0
lat_mean,2.0,120,5,l1,973,950.0
lat_mean,2.0,120,5,l1,1273,1250.0
lat_mean,2.0,150,5,l2,28,0.0
lat_mean,2.0,150,5,l2,283,250.0
lat_mean,2.0,150,5,l2,623,600.0
lat_mean,2.0,150,5,l2,973,950.0
lat_mean,2.0,150,5,l2,1273,1250.0
lat_mean,2.0,150,5,l1,28,0.0
lat_mean,2.0,150,5,l1,278,250.0
lat_mean,2.0,150,5,l1,433,400.0
lat_mean,2.0,150,5,l1,628,600.0
lat_mean,2.0,150,5,l1,973,950.0
lat_mean,2.0,150,5,l1,1273,1250.0
lat_mean,2.0,200,5,l2,28,0.0
lat_mean,2.0,200,5,l2,283,250.0
lat_mean,2.0,200,5,l2,623,600.0
lat_mean,2.0,200,5,l2,973,950.0
lat_mean,2.0,200,5,l2,1273,1250.0
lat_mean,2.0,200,5,l1,28,0.0
lat_mean,2.0,200,5,l1,278,250.0
lat_mean,2.0,200,5,l1,623,600.0
lat_mean,2.0,200,5,l1,973,950.0
lat_mean,2.0,200,5,l1,1273,1250.0
lat_mean,2.25,30,5,l2,-112,-150.0
lat_mean,2.25,30,5,l2,218,200.0
lat_mean,2.25,30,5,l2,318,300.0
lat_mean,2.25,30,5,l2,623,600.0
lat_mean,2.25,30,5,l2,973,950.0
lat_mean,2.25,30,5,l2,1273,1250.0
lat_mean,2.25,30,5,l1,-112,-150.0
lat_mean,2.25,30,5,l1,28,0.0
lat_mean,2.25,30,5,l1,223,200.0
lat_mean,2.25,30,5,l1,318,300.0
lat_mean,2.25,30,5,l1,628,600.0
lat_mean,2.25,30,5,l1,973,950.0
lat_mean,2.25,30,5,l1,1273,1250.0
lat_mean,2.25,40,5,l2,-112,-150.0
lat_mean,2.25,40,5,l2,218,200.0
lat_mean,2.25,40,5,l2,318,300.0
lat_mean,2.25,40,5,l2,623,600.0
lat_mean,2.25,40,5,l2,973,950.0
lat_mean,2.25,40,5,l2,1273,1250.0
lat_mean,2.25,40,5,l1,-112,-150.0
lat_mean,2.25,40,5,l1,28,0.0
lat_mean,2.25,40,5,l1,223,200.0
lat_mean,2.25,40,5,l1,318,300.0
lat_mean,2.25,40,5,l1,628,600.0
lat_mean,2.25,40,5,l1,973,950.0
lat_mean,2.25,40,5,l1,1273,1250.0
lat_mean,2.25,50,5,l2,-112,-150.0
lat_mean,2.25,50,5,l2,218,200.0
lat_mean,2.25,50,5,l2,318,300.0
lat_mean,2.25,50,5,l2,623,600.0
lat_mean,2.25,50,5,l2,973,950.0
lat_mean,2.25,50,5,l2,1273,1250.0
lat_mean,2.25,50,5,l1,-112,-150.0
lat_mean,2.25,50,5,l1,28,0.0
lat_mean,2.25,50,5,l1,223,200.0
lat_mean,2.25,50,5,l1,318,300.0
lat_mean,2.25,50,5,l1,628,600.0
lat_mean,2.25,50,5,l1,973,950.0
lat_mean,2.25,50,5,l1,1273,1250.0
lat_mean,2.25,60,5,l2,-112,-150.0
lat_mean,2.25,60,5,l2,218,200.0
lat_mean,2.25,60,5,l2,318,300.0
lat_mean,2.25,60,5,l2,623,600.0
lat_mean,2.25,60,5,l2,973,950.0
lat_mean,2.25,60,5,l2,1273,1250.0
lat_mean,2.25,60,5,l1,-112,-150.0
lat_mean,2.25,60,5,l1,28,0.0
lat_mean,2.25,60,5,l1,223,200.0
lat_mean,2.25,60,5,l1,318,300.0
lat_mean,2.25,60,5,l1,628,600.0
lat_mean,2.25,60,5,l1,973,950.0
lat_mean,2.25,60,5,l1,1273,1250.0
lat_mean,2.25,80,5,l2,-112,-150.0
lat_mean,2.25,80,5,l2,218,200.0
lat_mean,2.25,80,5,l2,318,300.0
lat_mean,2.25,80,5,l2,623,600.0
lat_mean,2.25,80,5,l2,973,950.0
lat_mean,2.25,80,5,l2,1273,1250.0
lat_mean,2.25,80,5,l1,-112,-150.0
lat_mean,2.25,80,5,l1,28,0.0
lat_mean,2.25,80,5,l1,223,200.0
lat_mean,2.25,80,5,l1,318,300.0
lat_mean,2.25,80,5,l1,628,600.0
lat_mean,2.25,80,5,l1,973,950.0
lat_mean,2.25,80,5,l1,1273,1250.0
lat_mean,2.25,100,5,l2,-112,-150.0
lat_mean,2.25,100,5,l2,218,200.0
lat_mean,2.25,100,5,l2,318,300.0
lat_mean,2.25,100,5,l2,623,600.0
lat_mean,2.25,100,5,l2,973,950.0
lat_mean,2.25,100,5,l2,1273,1250.0
lat_mean,2.25,100,5,l1,-112,-150.0
lat_mean,2.25,100,5,l1,28,0.0
lat_mean,2.25,100,5,l1,218,200.0
lat_mean,2.25,100,5,l1,318,300.0
lat_mean,2.25,100,5,l1,628,600.0
lat_mean,2.25,100,5,l1,973,950.0
lat_mean,2.25,100,5,l1,1273,1250.0
lat_mean,2.25,120,5,l2,28,0.0
lat_mean,2.25,120,5,l2,283,250.0
lat_mean,2.25,120,5,l2,623,600.0
lat_mean,2.25,120,5,l2,973,950.0
lat_mean,2.25,120,5,l2,1273,1250.0
lat_mean,2.25,120,5,l1,-102,-150.0
lat_mean,2.25,120,5,l1,28,0.0
lat_mean,2.25,120,5,l1,198,150.0
lat_mean,2.25,120,5,l1,318,300.0
lat_mean,2.25,120,5,l1,628,600.0
lat_mean,2.25,120,5,l1,973,950.0
lat_mean,2.25,120,5,l1,1273,1250.0
lat_mean,2.25,150,5,l2,28,0.0
lat_mean,2.25,150,5,l2,283,250.0
lat_mean,2.25,150,5,l2,623,600.0
lat_mean,2.25,150,5,l2,973,950.0
lat_mean,2.25,150,5,l2,1273,1250.0
lat_mean,2.25,150,5,l1,28,0.0
lat_mean,2.25,150,5,l1,278,250.0
lat_mean,2.25,150,5,l1,433,400.0
lat_mean,2.25,150,5,l1,628,600.0
lat_mean,2.25,150,5,l1,973,950.0
lat_mean,2.25,150,5,l1,1273,1250.0
lat_mean,2.25,200,5,l2,28,0.0
lat_mean,2.25,200,5,l2,283,250.0
lat_mean,2.25,200,5,l2,623,600.0
lat_mean,2.25,200,5,l2,973,950.0
lat_mean,2.25,200,5,l2,1273,1250.0
lat_mean,2.25,200,5,l1,28,0.0
lat_mean,2.25,200,5,l1,278,250.0
lat_mean,2.25,200,5,l1,623,600.0
lat_mean,2.25,200,5,l1,973,950.0
lat_mean,2.25,200,5,l1,1273,1250.0
lat_mean,2.5,30,5,l2,-112,-150.0
lat_mean,2.5,30,5,l2,218,200.0
lat_mean,2.5,30,5,l2,318,300.0
lat_mean,2.5,30,5,l2,623,600.0
lat_mean,2.5,30,5,l2,973,950.0
lat_mean,2.5,30,5,l2,1273,1250.0
lat_mean,2.5,30,5,l1,-112,-150.0
lat_mean,2.5,30,5,l1,28,0.0
lat_mean,2.5,30,5,l1,223,200.0
lat_mean,2.5,30,5,l1,318,300.0
lat_mean,2.5,30,5,l1,628,600.0
lat_mean,2.5,30,5,l1,973,950.0
lat_mean,2.5,30,5,l1,1273,1250.0
lat_mean,2.5,40,5,l2,-112,-150.0
lat_mean,2.5,40,5,l2,218,200.0
lat_mean,2.5,40,5,l2,318,300.0
lat_mean,2.5,40,5,l2,623,600.0
lat_mean,2.5,40,5,l2,973,950.0
lat_mean,2.5,40,5,l2,1273,1250.0
lat_mean,2.5,40,5,l1,-112,-150.0
lat_mean,2.5,40,5,l1,28,0.0
lat_mean,2.5,40,5,l1,223,200.0
lat_mean,2.5,40,5,l1,318,300.0
lat_mean,2.5,40,5,l1,628,600.0
lat_mean,2.5,40,5,l1,973,950.0
lat_mean,2.5,40,5,l1,1273,1250.0
lat_mean,2.5,50,5,l2,-112,-150.0
lat_mean,2.5,50,5,l2,218,200.0
lat_mean,2.5,50,5,l2,318,300.0
lat_mean,2.5,50,5,l2,623,600.0
lat_mean,2.5,50,5,l2,973,950.0
lat_mean,2.5,50,5,l2,1273,1250.0
lat_mean,2.5,50,5,l1,-112,-150.0
lat_mean,2.5,50,5,l1,28,0.0
lat_mean,2.5,50,5,l1,223,200.0
lat_mean,2.5,50,5,l1,318,300.0
lat_mean,2.5,50,5,l1,628,600.0
lat_mean,2.5,50,5,l1,973,950.0
lat_mean,2.5,50,5,l1,1273,1250.0
lat_mean,2.5,60,5,l2,-112,-150.0
lat_mean,2.5,60,5,l2,218,200.0
lat_mean,2.5,60,5,l2,318,300.0
lat_mean,2.5,60,5,l2,623,600.0
lat_mean,2.5,60,5,l2,973,950.0
lat_mean,2.5,60,5,l2,1273,1250.0
lat_mean,2.5,60,5,l1,-112,-150.0
lat_mean,2.5,60,5,l1,28,0.0
lat_mean,2.5,60,5,l1,223,200.0
lat_mean,2.5,60,5,l1,318,300.0
lat_mean,2.5,60,5,l1,628,600.0
lat_mean,2.5,60,5,l1,973,950.0
lat_mean,2.5,60,5,l1,1273,1250.0
lat_mean,2.5,80,5,l2,-112,-150.0
lat_mean,2.5,80,5,l2,218,200.0
lat_mean,2.5,80,5,l2,318,300.0
lat_mean,2.5,80,5,l2,623,600.0
lat_mean,2.5,80,5,l2,973,950.0
lat_mean,2.5,80,5,l2,1273,1250.0
lat_mean,2.5,80,5,l1,-112,-150.0
lat_mean,2.5,80,5,l1,28,0.0
lat_mean,2.5,80,5,l1,223,200.0
lat_mean,2.5,80,5,l1,318,300.0
lat_mean,2.5,80,5,l1,628,600.0
lat_mean,2.5,80,5,l1,973,950.0
lat_mean,2.5,80,5,l1,1273,1250.0
lat_mean,2.5,100,5,l2,-112,-150.0
lat_mean,2.5,100,5,l2,218,200.0
lat_mean,2.5,100,5,l2,318,300.0
lat_mean,2.5,100,5,l2,623,600.0
lat_mean,2.5,100,5,l2,973,950.0
lat_mean,2.5,100,5,l2,1273,1250.0
lat_mean,2.5,100,5,l1,-112,-150.0
lat_mean,2.5,100,5,l1,28,0.0
lat_mean,2.5,100,5,l1,218,200.0
lat_mean,2.5,100,5,l1,318,300.0
lat_mean,2.5,100,5,l1,628,600.0
lat_mean,2.5,100,5,l1,973,950.0
lat_mean,2.5,100,5,l1,1273,1250.0
lat_mean,2.5,120,5,l2,28,0.0
lat_mean,2.5,120,5,l2,283,250.0
lat_mean,2.5,120,5,l2,623,600.0
lat_mean,2.5,120,5,l2,973,950.0
lat_mean,2.5,120,5,l2,1273,1250.0
lat_mean,2.5,120,5,l1,-102,-150.0
lat_mean,2.5,120,5,l1,28,0.0
lat_mean,2.5,120,5,l1,198,150.0
lat_mean,2.5,120,5,l1,318,300.0
lat_mean,2.5,120,5,l1,628,600.0
lat_mean,2.5,120,5,l1,973,950.0
lat_mean,2.5,120,5,l1,1273,1250.0
lat_mean,2.5,150,5,l2,28,0.0
lat_mean,2.5,150,5,l2,283,250.0
lat_mean,2.5,150,5,l2,623,600.0
lat_mean,2.5,150,5,l2,973,950.0
lat_mean,2.5,150,5,l2,1273,1250.0
lat_mean,2.5,150,5,l1,28,0.0
lat_mean,2.5,150,5,l1,278,250.0
lat_mean,2.5,150,5,l1,623,600.0
lat_mean,2.5,150,5,l1,973,950.0
lat_mean,2.5,150,5,l1,1273,1250.0
lat_mean,2.5,200,5,l2,28,0.0
lat_mean,2.5,200,5,l2,283,250.0
lat_mean,2.5,200,5,l2,623,600.0
lat_mean,2.5,200,5,l2,973,950.0
lat_mean,2.5,200,5,l2,1273,1250.0
lat_mean,2.5,200,5,l1,28,0.0
lat_mean,2.5,200,5,l1,278,250.0
lat_mean,2.5,200,5,l1,623,600.0
lat_mean,2.5,200,5,l1,973,950.0
lat_mean,2.5,200,5,l1,1273,1250.0
lat_mean,2.75,30,5,l2,28,0.0
lat_mean,2.75,30,5,l2,283,250.0
lat_mean,2.75,30,5,l2,623,600.0
lat_mean,2.75,30,5,l2,973,950.0
lat_mean,2.75,30,5,l2,1273,1250.0
lat_mean,2.75,30,5,l1,-112,-150.0
lat_mean,2.75,30,5,l1,28,0.0
lat_mean,2.75,30,5,l1,223,200.0
lat_mean,2.75,30,5,l1,318,300.0
lat_mean,2.75,30,5,l1,628,600.0
lat_mean,2.75,30,5,l1,973,950.0
lat_mean,2.75,30,5,l1,1273,1250.0
lat_mean,2.75,40,5,l2,28,0.0
lat_mean,2.75,40,5,l2,283,250.0
lat_mean,2.75,40,5,l2,623,600.0
lat_mean,2.75,40,5,l2,973,950.0
lat_mean,2.75,40,5,l2,1273,1250.0
lat_mean,2.75,40,5,l1,-112,-150.0
lat_mean,2.75,40,5,l1,28,0.0
lat_mean,2.75,40,5,l1,223,200.0
lat_mean,2.75,40,5,l1,318,300.0
lat_mean,2.75,40,5,l1,628,600.0
lat_mean,2.75,40,5,l1,973,950.0
lat_mean,2.75,40,5,l1,1273,1250.0
lat_mean,2.75,50,5,l2,28,0.0
lat_mean,2.75,50,5,l2,283,250.0
lat_mean,2.75,50,5,l2,623,600.0
lat_mean,2.75,50,5,l2,973,950.0
lat_mean,2.75,50,5,l2,1273,1250.0
lat_mean,2.75,50,5,l1,-112,-150.0
lat_mean,2.75,50,5,l1,28,0.0
lat_mean,2.75,50,5,l1,223,200.0
lat_mean,2.75,50,5,l1,318,300.0
lat_mean,2.75,50,5,l1,628,600.0
lat_mean,2.75,50,5,l1,973,950.0
lat_mean,2.75,50,5,l1,1273,1250.0
lat_mean,2.75,60,5,l2,28,0.0
lat_mean,2.75,60,5,l2,283,250.0
lat_mean,2.75,60,5,l2,623,600.0
lat_mean,2.75,60,5,l2,973,950.0
lat_mean,2.75,60,5,l2,1273,1250.0
lat_mean,2.75,60,5,l1,-112,-150.0
lat_mean,2.75,60,5,l1,28,0.0
lat_mean,2.75,60,5,l1,223,200.0
lat_mean,2.75,60,5,l1,318,300.0
lat_mean,2.75,60,5,l1,628,600.0
lat_mean,2.75,60,5,l1,973,950.0
lat_mean,2.75,60,5,l1,1273,1250.0
lat_mean,2.75,80,5,l2,28,0.0
lat_mean,2.75,80,5,l2,283,250.0
lat_mean,2.75,80,5,l2,623,600.0
lat_mean,2.75,80,5,l2,973,950.0
lat_mean,2.75,80,5,l2,1273,1250.0
lat_mean,2.75,80,5,l1,-112,-150.0
lat_mean,2.75,80,5,l1,28,0.0
lat_mean,2.75,80,5,l1,223,200.0
lat_mean,2.75,80,5,l1,318,300.0
lat_mean,2.75,80,5,l1,628,600.0
lat_mean,2.75,80,5,l1,973,950.0
lat_mean,2.75,80,5,l1,1273,1250.0
lat_mean,2.75,100,5,l2,28,0.0
lat_mean,2.75,100,5,l2,283,250.0
lat_mean,2.75,100,5,l2,623,600.0
lat_mean,2.75,100,5,l2,973,950.0
lat_mean,2.75,100,5,l2,1273,1250.0
lat_mean,2.75,100,5,l1,-112,-150.0
lat_mean,2.75,100,5,l1,28,0.0
lat_mean,2.75,100,5,l1,218,200.0
lat_mean,2.75,100,5,l1,318,300.0
lat_mean,2.75,100,5,l1,628,600.0
lat_mean,2.75,100,5,l1,973,950.0
lat_mean,2.75,100,5,l1,1273,1250.0
lat_mean,2.75,120,5,l2,28,0.0
lat_mean,2.75,120,5,l2,283,250.0
lat_mean,2.75,120,5,l2,623,600.0
lat_mean,2.75,120,5,l2,973,950.0
lat_mean,2.75,120,5,l2,1273,1250.0
lat_mean,2.75,120,5,l1,-102,-150.0
lat_mean,2.75,120,5,l1,28,0.0
lat_mean,2.75,120,5,l1,198,150.0
lat_mean,2.75,120,5,l1,318,300.0
lat_mean,2.75,120,5,l1,628,600.0
lat_mean,2.75,120,5,l1,973,950.0
lat_mean,2.75,120,5,l1,1273,1250.0
lat_mean,2.75,150,5,l2,28,0.0
lat_mean,2.75,150,5,l2,283,250.0
lat_mean,2.75,150,5,l2,623,600.0
lat_mean,2.75,150,5,l2,973,950.0
lat_mean,2.75,150,5,l2,1273,1250.0
lat_mean,2.75,150,5,l1,28,0.0
lat_mean,2.75,150,5,l1,278,250.0
lat_mean,2.75,150,5,l1,623,600.0
lat_mean,2.75,150,5,l1,973,950.0
lat_mean,2.75,150,5,l1,1273,1250.0
lat_mean,2.75,200,5,l2,28,0.0
lat_mean,2.75,200,5,l2,283,250.0
lat_mean,2.75,200,5,l2,623,600.0
lat_mean,2.75,200,5,l2,973,950.0
lat_mean,2.75,200,5,l2,1273,1250.0
lat_mean,2.75,200,5,l1,28,0.0
lat_mean,2.75,200,5,l1,278,250.0
lat_mean,2.75,200,5,l1,623,600.0
lat_mean,2.75,200,5,l1,973,950.0
lat_mean,2.75,200,5,l1,1273,1250.0
lat_mean,3.0,30,5,l2,28,0.0
lat_mean,3.0,30,5,l2,283,250.0
lat_mean,3.0,30,5,l2,623,600.0
lat_mean,3.0,30,5,l1,-112,-150.0
lat_mean,3.0,30,5,l1,28,0.0
lat_mean,3.0,30,5,l1,223,200.0
lat_mean,3.0,30,5,l1,318,300.0
lat_mean,3.0,30,5,l1,628,600.0
lat_mean,3.0,30,5,l1,973,950.0
lat_mean,3.0,30,5,l1,1273,1250.0
lat_mean,3.0,40,5,l2,28,0.0
lat_mean,3.0,40,5,l2,283,250.0
lat_mean,3.0,40,5,l2,623,600.0
lat_mean,3.0,40,5,l1,-112,-150.0
lat_mean,3.0,40,5,l1,28,0.0
lat_mean,3.0,40,5,l1,223,200.0
lat_mean,3.0,40,5,l1,318,300.0
lat_mean,3.0,40,5,l1,628,600.0
lat_mean,3.0,40,5,l1,973,950.0
lat_mean,3.0,40,5,l1,1273,1250.0
lat_mean,3.0,50,5,l2,28,0.0
lat_mean,3.0,50,5,l2,283,250.0
lat_mean,3.0,50,5,l2,623,600.0
lat_mean,3.0,50,5,l1,-112,-150.0
lat_mean,3.0,50,5,l1,28,0.0
lat_mean,3.0,50,5,l1,223,200.0
lat_mean,3.0,50,5,l1,318,300.0
lat_mean,3.0,50,5,l1,628,600.0
lat_mean,3.0,50,5,l1,973,950.0
lat_mean,3.0,50,5,l1,1273,1250.0
lat_mean,3.0,60,5,l2,28,0.0
lat_mean,3.0,60,5,l2,283,250.0
lat_mean,3.0,60,5,l2,623,600.0
lat_mean,3.0,60,5,l1,-112,-150.0
lat_mean,3.0,60,5,l1,28,0.0
lat_mean,3.0,60,5,l1,223,200.0
lat_mean,3.0,60,5,l1,318,300.0
lat_mean,3.0,60,5,l1,628,600.0
lat_mean,3.0,60,5,l1,973,950.0
lat_mean,3.0,60,5,l1,1273,1250.0
lat_mean,3.0,80,5,l2,28,0.0
lat_mean,3.0,80,5,l2,283,250.0
lat_mean,3.0,80,5,l2,623,600.0
lat_mean,3.0,80,5,l1,-112,-150.0
lat_mean,3.0,80,5,l1,28,0.0
lat_mean,3.0,80,5,l1,223,200.0
lat_mean,3.0,80,5,l1,318,300.0
lat_mean,3.0,80,5,l1,628,600.0
lat_mean,3.0,80,5,l1,973,950.0
lat_mean,3.0,80,5,l1,1273,1250.0
lat_mean,3.0,100,5,l2,28,0.0
lat_mean,3.0,100,5,l2,283,250.0
lat_mean,3.0,100,5,l2,623,600.0
lat_mean,3.0,100,5,l1,-112,-150.0
lat_mean,3.0,100,5,l1,28,0.0
lat_mean,3.0,100,5,l1,218,200.0
lat_mean,3.0,100,5,l1,318,300.0
lat_mean,3.0,100,5,l1,628,600.0
lat_mean,3.0,100,5,l1,973,950.0
lat_mean,3.0,100,5,l1,1273,1250.0
lat_mean,3.0,120,5,l2,28,0.0
lat_mean,3.0,120,5,l2,283,250.0
lat_mean,3.0,120,5,l2,623,600.0
lat_mean,3.0,120,5,l1,-102,-150.0
lat_mean,3.0,120,5,l1,28,0.0
lat_mean,3.0,120,5,l1,198,150.0
lat_mean,3.0,120,5,l1,318,300.0
lat_mean,3.0,120,5,l1,628,600.0
lat_mean,3.0,120,5,l1,973,950.0
lat_mean,3.0,120,5,l1,1273,1250.0
lat_mean,3.0,150,5,l2,28,0.0
lat_mean,3.0,150,5,l2,283,250.0
lat_mean,3.0,150,5,l2,623,600.0
lat_mean,3.0,150,5,l1,28,0.0
lat_mean,3.0,150,5,l1,278,250.0
lat_mean,3.0,150,5,l1,623,600.0
lat_mean,3.0,150,5,l1,973,950.0
lat_mean,3.0,150,5,l1,1273,1250.0
lat_mean,3.0,200,5,l2,28,0.0
lat_mean,3.0,200,5,l2,283,250.0
lat_mean,3.0,200,5,l2,623,600.0
lat_mean,3.0,200,5,l1,28,0.0
lat_mean,3.0,200,5,l1,278,250.0
lat_mean,3.0,200,5,l1,623,600.0
lat_mean,3.0,200,5,l1,973,950.0
lat_mean,3.0,200,5,l1,1273,1250.0
lat_mean,3.25,30,5,l2,28,0.0
lat_mean,3.25,30,5,l2,283,250.0
lat_mean,3.25,30,5,l2,623,600.0
lat_mean,3.25,30,5,l1,-112,-150.0
lat_mean,3.25,30,5,l1,28,0.0
lat_mean,3.25,30,5,l1,223,200.0
lat_mean,3.25,30,5,l1,318,300.0
lat_mean,3.25,30,5,l1,628,600.0
lat_mean,3.25,30,5,l1,973,950.0
lat_mean,3.25,30,5,l1,1273,1250.0
lat_mean,3.25,40,5,l2,28,0.0
lat_mean,3.25,40,5,l2,283,250.0
lat_mean,3.25,40,5,l2,623,600.0
lat_mean,3.25,40,5,l1,-112,-150.0
lat_mean,3.25,40,5,l1,28,0.0
lat_mean,3.25,40,5,l1,223,200.0
lat_mean,3.25,40,5,l1,318,300.0
lat_mean,3.25,40,5,l1,628,600.0
lat_mean,3.25,40,5,l1,973,950.0
lat_mean,3.25,40,5,l1,1273,1250.0
lat_mean,3.25,50,5,l2,28,0.0
lat_mean,3.25,50,5,l2,283,250.0
lat_mean,3.25,50,5,l2,623,600.0
lat_mean,3.25,50,5,l1,-112,-150.0
lat_mean,3.25,50,5,l1,28,0.0
lat_mean,3.25,50,5,l1,223,200.0
lat_mean,3.25,50,5,l1,318,300.0
lat_mean,3.25,50,5,l1,628,600.0
lat_mean,3.25,50,5,l1,973,950.0
lat_mean,3.25,50,5,l1,1273,1250.0
lat_mean,3.25,60,5,l2,28,0.0
lat_mean,3.25,60,5,l2,283,250.0
lat_mean,3.25,60,5,l2,623,600.0
lat_mean,3.25,60,5,l1,-112,-150.0
lat_mean,3.25,60,5,l1,28,0.0
lat_mean,3.25,60,5,l1,223,200.0
lat_mean,3.25,60,5,l1,318,300.0
lat_mean,3.25,60,5,l1,628,600.0
lat_mean,3.25,60,5,l1,973,950.0
lat_mean,3.25,60,5,l1,1273,1250.0
lat_mean,3.25,80,5,l2,28,0.0
lat_mean,3.25,80,5,l2,283,250.0
lat_mean,3.25,80,5,l2,623,600.0
lat_mean,3.25,80,5,l1,-112,-150.0
lat_mean,3.25,80,5,l1,28,0.0
lat_mean,3.25,80,5,l1,223,200.0
lat_mean,3.25,80,5,l1,318,300.0
lat_mean,3.25,80,5,l1,628,600.0
lat_mean,3.25,80,5,l1,973,950.0
lat_mean,3.25,80,5,l1,1273,1250.0
lat_mean,3.25,100,5,l2,28,0.0
lat_mean,3.25,100,5,l2,283,250.0
lat_mean,3.25,100,5,l2,623,600.0
lat_mean,3.25,100,5,l1,-112,-150.0
lat_mean,3.25,100,5,l1,28,0.0
lat_mean,3.25,100,5,l1,218,200.0
lat_mean,3.25,100,5,l1,318,300.0
lat_mean,3.25,100,5,l1,628,600.0
lat_mean,3.25,100,5,l1,973,950.0
lat_mean,3.25,100,5,l1,1273,1250.0
lat_mean,3.25,120,5,l2,28,0.0
lat_mean,3.25,120,5,l2,283,250.0
lat_mean,3.25,120,5,l2,623,600.0
lat_mean,3.25,120,5,l1,-102,-150.0
lat_mean,3.25,120,5,l1,28,0.0
lat_mean,3.25,120,5,l1,198,150.0
lat_mean,3.25,120,5,l1,318,300.0
lat_mean,3.25,120,5,l1,628,600.0
lat_mean,3.25,120,5,l1,973,950.0
lat_mean,3.25,120,5,l1,1273,1250.0
lat_mean,3.25,150,5,l2,28,0.0
lat_mean,3.25,150,5,l2,283,250.0
lat_mean,3.25,150,5,l2,623,600.0
lat_mean,3.25,150,5,l1,28,0.0
lat_mean,3.25,150,5,l1,278,250.0
lat_mean,3.25,150,5,l1,623,600.0
lat_mean,3.25,150,5,l1,973,950.0
lat_mean,3.25,150,5,l1,1273,1250.0
lat_mean,3.25,200,5,l2,28,0.0
lat_mean,3.25,200,5,l2,283,250.0
lat_mean,3.25,200,5,l2,623,600.0
lat_mean,3.25,200,5,l1,28,0.0
lat_mean,3.25,200,5,l1,278,250.0
lat_mean,3.25,200,5,l1,623,600.0
lat_mean,3.25,200,5,l1,973,950.0
lat_mean,3.25,200,5,l1,1273,1250.0
lat_mean,3.5,30,5,l2,28,0.0
lat_mean,3.5,30,5,l2,283,250.0
lat_mean,3.5,30,5,l2,623,600.0
lat_mean,3.5,30,5,l1,-112,-150.0
lat_mean,3.5,30,5,l1,28,0.0
lat_mean,3.5,30,5,l1,223,200.0
lat_mean,3.5,30,5,l1,318,300.0
lat_mean,3.5,30,5,l1,628,600.0
lat_mean,3.5,30,5,l1,973,950.0
lat_mean,3.5,30,5,l1,1273,1250.0
lat_mean,3.5,40,5,l2,28,0.0
lat_mean,3.5,40,5,l2,283,250.0
lat_mean,3.5,40,5,l2,623,600.0
lat_mean,3.5,40,5,l1,-112,-150.0
lat_mean,3.5,40,5,l1,28,0.0
lat_mean,3.5,40,5,l1,223,200.0
lat_mean,3.5,40,5,l1,318,300.0
lat_mean,3.5,40,5,l1,628,600.0
lat_mean,3.5,40,5,l1,973,950.0
lat_mean,3.5,40,5,l1,1273,1250.0
lat_mean,3.5,50,5,l2,28,0.0
lat_mean,3.5,50,5,l2,283,250.0
lat_mean,3.5,50,5,l2,623,600.0
lat_mean,3.5,50,5,l1,-112,-150.0
lat_mean,3.5,50,5,l1,28,0.0
lat_mean,3.5,50,5,l1,223,200.0
lat_mean,3.5,50,5,l1,318,300.0
lat_mean,3.5,50,5,l1,628,600.0
lat_mean,3.5,50,5,l1,973,950.0
lat_mean,3.5,50,5,l1,1273,1250.0
lat_mean,3.5,60,5,l2,28,0.0
lat_mean,3.5,60,5,l2,283,250.0
lat_mean,3.5,60,5,l2,623,600.0
lat_mean,3.5,60,5,l1,-112,-150.0
lat_mean,3.5,60,5,l1,28,0.0
lat_mean,3.5,60,5,l1,223,200.0
lat_mean,3.5,60,5,l1,318,300.0
lat_mean,3.5,60,5,l1,628,600.0
lat_mean,3.5,60,5,l1,973,950.0
lat_mean,3.5,60,5,l1,1273,1250.0
lat_mean,3.5,80,5,l2,28,0.0
lat_mean,3.5,80,5,l2,283,250.0
lat_mean,3.5,80,5,l2,623,600.0
lat_mean,3.5,80,5,l1,-112,-150.0
lat_mean,3.5,80,5,l1,28,0.0
lat_mean,3.5,80,5,l1,223,200.0
lat_mean,3.5,80,5,l1,318,300.0
lat_mean,3.5,80,5,l1,628,600.0
lat_mean,3.5,80,5,l1,973,950.0
lat_mean,3.5,80,5,l1,1273,1250.0
lat_mean,3.5,100,5,l2,28,0.0
lat_mean,3.5,100,5,l2,283,250.0
lat_mean,3.5,100,5,l2,623,600.0
lat_mean,3.5,100,5,l1,-112,-150.0
lat_mean,3.5,100,5,l1,28,0.0
lat_mean,3.5,100,5,l1,218,200.0
lat_mean,3.5,100,5,l1,318,300.0
lat_mean,3.5,100,5,l1,628,600.0
lat_mean,3.5,100,5,l1,973,950.0
lat_mean,3.5,100,5,l1,1273,1250.0
lat_mean,3.5,120,5,l2,28,0.0
lat_mean,3.5,120,5,l2,283,250.0
lat_mean,3.5,120,5,l2,623,600.0
lat_mean,3.5,120,5,l1,-102,-150.0
lat_mean,3.5,120,5,l1,28,0.0
lat_mean,3.5,120,5,l1,278,250.0
lat_mean,3.5,120,5,l1,623,600.0
lat_mean,3.5,120,5,l1,973,950.0
lat_mean,3.5,120,5,l1,1273,1250.0
lat_mean,3.5,150,5,l2,28,0.0
lat_mean,3.5,150,5,l2,283,250.0
lat_mean,3.5,150,5,l2,623,600.0
lat_mean,3.5,150,5,l1,28,0.0
lat_mean,3.5,150,5,l1,278,250.0
lat_mean,3.5,150,5,l1,623,600.0
lat_mean,3.5,150,5,l1,973,950.0
lat_mean,3.5,150,5,l1,1273,1250.0
lat_mean,3.5,200,5,l2,28,0.0
lat_mean,3.5,200,5,l2,283,250.0
lat_mean,3.5,200,5,l2,623,600.0
lat_mean,3.5,200,5,l1,28,0.0
lat_mean,3.5,200,5,l1,278,250.0
lat_mean,3.5,200,5,l1,623,600.0
lat_mean,3.5,200,5,l1,973,950.0
lat_mean,3.5,200,5,l1,1273,1250.0
lat_mean,3.75,30,5,l2,28,0.0
lat_mean,3.75,30,5,l2,283,250.0
lat_mean,3.75,30,5,l2,623,600.0
lat_mean,3.75,30,5,l1,-112,-150.0
lat_mean,3.75,30,5,l1,28,0.0
lat_mean,3.75,30,5,l1,223,200.0
lat_mean,3.75,30,5,l1,318,300.0
lat_mean,3.75,30,5,l1,628,600.0
lat_mean,3.75,30,5,l1,973,950.0
lat_mean,3.75,30,5,l1,1273,1250.0
lat_mean,3.75,40,5,l2,28,0.0
lat_mean,3.75,40,5,l2,283,250.0
lat_mean,3.75,40,5,l2,623,600.0
lat_mean,3.75,40,5,l1,-112,-150.0
lat_mean,3.75,40,5,l1,28,0.0
lat_mean,3.75,40,5,l1,223,200.0
lat_mean,3.75,40,5,l1,318,300.0
lat_mean,3.75,40,5,l1,628,600.0
lat_mean,3.75,40,5,l1,973,950.0
lat_mean,3.75,40,5,l1,1273,1250.0
lat_mean,3.75,50,5,l2,28,0.0
lat_mean,3.75,50,5,l2,283,250.0
lat_mean,3.75,50,5,l2,623,600.0
lat_mean,3.75,50,5,l1,-112,-150.0
lat_mean,3.75,50,5,l1,28,0.0
lat_mean,3.75,50,5,l1,223,200.0
lat_mean,3.75,50,5,l1,318,300.0
lat_mean,3.75,50,5,l1,628,600.0
lat_mean,3.75,50,5,l1,973,950.0
lat_mean,3.75,50,5,l1,1273,1250.0
lat_mean,3.75,60,5,l2,28,0.0
lat_mean,3.75,60,5,l2,283,250.0
lat_mean,3.75,60,5,l2,623,600.0
lat_mean,3.75,60,5,l1,-112,-150.0
lat_mean,3.75,60,5,l1,28,0.0
lat_mean,3.75,60,5,l1,223,200.0
lat_mean,3.75,60,5,l1,318,300.0
lat_mean,3.75,60,5,l1,628,600.0
lat_mean,3.75,60,5,l1,973,950.0
lat_mean,3.75,60,5,l1,1273,1250.0
lat_mean,3.75,80,5,l2,28,0.0
lat_mean,3.75,80,5,l2,283,250.0
lat_mean,3.75,80,5,l2,623,600.0
lat_mean,3.75,80,5,l1,-112,-150.0
lat_mean,3.75,80,5,l1,28,0.0
lat_mean,3.75,80,5,l1,223,200.0
lat_mean,3.75,80,5,l1,318,300.0
lat_mean,3.75,80,5,l1,628,600.0
lat_mean,3.75,80,5,l1,973,950.0
lat_mean,3.75,80,5,l1,1273,1250.0
lat_mean,3.75,100,5,l2,28,0.0
lat_mean,3.75,100,5,l2,283,250.0
lat_mean,3.75,100,5,l2,623,600.0
lat_mean,3.75,100,5,l1,-112,-150.0
lat_mean,3.75,100,5,l1,28,0.0
lat_mean,3.75,100,5,l1,218,200.0
lat_mean,3.75,100,5,l1,318,300.0
lat_mean,3.75,100,5,l1,628,600.0
lat_mean,3.75,100,5,l1,973,950.0
lat_mean,3.75,100,5,l1,1273,1250.0
lat_mean,3.75,120,5,l2,28,0.0
lat_mean,3.75,120,5,l2,283,250.0
lat_mean,3.75,120,5,l2,623,600.0
lat_mean,3.75,120,5,l1,-102,-150.0
lat_mean,3.75,120,5,l1,28,0.0
lat_mean,3.75,120,5,l1,278,250.0
lat_mean,3.75,120,5,l1,623,600.0
lat_mean,3.75,120,5,l1,973,950.0
lat_mean,3.75,120,5,l1,1273,1250.0
lat_mean,3.75,150,5,l2,28,0.0
lat_mean,3.75,150,5,l2,283,250.0
lat_mean,3.75,150,5,l2,623,600.0
lat_mean,3.75,150,5,l1,28,0.0
lat_mean,3.75,150,5,l1,278,250.0
lat_mean,3.75,150,5,l1,623,600.0
lat_mean,3.75,150,5,l1,973,950.0
lat_mean,3.75,150,5,l1,1273,1250.0
lat_mean,3.75,200,5,l2,28,0.0
lat_mean,3.75,200,5,l2,283,250.0
lat_mean,3.75,200,5,l2,623,600.0
lat_mean,3.75,200,5,l1,28,0.0
lat_mean,3.75,200,5,l1,278,250.0
lat_mean,3.75,200,5,l1,623,600.0
lat_mean,3.75,200,5,l1,973,950.0
lat_mean,3.75,200,5,l1,1273,1250.0
lat_mean,4.0,30,5,l2,28,0.0
lat_mean,4.0,30,5,l2,283,250.0
lat_mean,4.0,30,5,l2,623,600.0
lat_mean,4.0,30,5,l1,-112,-150.0
lat_mean,4.0,30,5,l1,28,0.0
lat_mean,4.0,30,5,l1,223,200.0
lat_mean,4.0,30,5,l1,318,300.0
lat_mean,4.0,30,5,l1,628,600.0
lat_mean,4.0,30,5,l1,973,950.0
lat_mean,4.0,30,5,l1,1273,1250.0
lat_mean,4.0,40,5,l2,28,0.0
lat_mean,4.0,40,5,l2,283,250.0
lat_mean,4.0,40,5,l2,623,600.0
lat_mean,4.0,40,5,l1,-112,-150.0
lat_mean,4.0,40,5,l1,28,0.0
lat_mean,4.0,40,5,l1,223,200.0
lat_mean,4.0,40,5,l1,318,300.0
lat_mean,4.0,40,5,l1,628,600.0
lat_mean,4.0,40,5,l1,973,950.0
lat_mean,4.0,40,5,l1,1273,1250.0
lat_mean,4.0,50,5,l2,28,0.0
lat_mean,4.0,50,5,l2,283,250.0
lat_mean,4.0,50,5,l2,623,600.0
lat_mean,4.0,50,5,l1,-112,-150.0
lat_mean,4.0,50,5,l1,28,0.0
lat_mean,4.0,50,5,l1,223,200.0
lat_mean,4.0,50,5,l1,318,300.0
lat_mean,4.0,50,5,l1,628,600.0
lat_mean,4.0,50,5,l1,973,950.0
lat_mean,4.0,50,5,l1,1273,1250.0
lat_mean,4.0,60,5,l2,28,0.0
lat_mean,4.0,60,5,l2,283,250.0
lat_mean,4.0,60,5,l2,623,600.0
lat_mean,4.0,60,5,l1,-112,-150.0
lat_mean,4.0,60,5,l1,28,0.0
lat_mean,4.0,60,5,l1,223,200.0
lat_mean,4.0,60,5,l1,318,300.0
lat_mean,4.0,60,5,l1,628,600.0
lat_mean,4.0,60,5,l1,973,950.0
lat_mean,4.0,60,5,l1,1273,1250.0
lat_mean,4.0,80,5,l2,28,0.0
lat_mean,4.0,80,5,l2,283,250.0
lat_mean,4.0,80,5,l2,623,600.0
lat_mean,4.0,80,5,l1,-112,-150.0
lat_mean,4.0,80,5,l1,28,0.0
lat_mean,4.0,80,5,l1,223,200.0
lat_mean,4.0,80,5,l1,318,300.0
lat_mean,4.0,80,5,l1,628,600.0
lat_mean,4.0,80,5,l1,973,950.0
lat_mean,4.0,80,5,l1,1273,1250.0
lat_mean,4.0,100,5,l2,28,0.0
lat_mean,4.0,100,5,l2,283,250.0
lat_mean,4.0,100,5,l2,623,600.0
lat_mean,4.0,100,5,l1,-112,-150.0
lat_mean,4.0,100,5,l1,28,0.0
lat_mean,4.0,100,5,l1,218,200.0
lat_mean,4.0,100,5,l1,318,300.0
lat_mean,4.0,100,5,l1,628,600.0
lat_mean,4.0,100,5,l1,973,950.0
lat_mean,4.0,100,5,l1,1273,1250.0
lat_mean,4.0,120,5,l2,28,0.0
lat_mean,4.0,120,5,l2,283,250.0
lat_mean,4.0,120,5,l2,623,600.0
lat_mean,4.0,120,5,l1,28,0.0
lat_mean,4.0,120,5,l1,278,250.0
lat_mean,4.0,120,5,l1,623,600.0
lat_mean,4.0,120,5,l1,973,950.0
lat_mean,4.0,120,5,l1,1273,1250.0
lat_mean,4.0,150,5,l2,28,0.0
lat_mean,4.0,150,5,l2,283,250.0
lat_mean,4.0,150,5,l2,623,600.0
lat_mean,4.0,150,5,l1,28,0.0
lat_mean,4.0,150,5,l1,278,250.0
lat_mean,4.0,150,5,l1,623,600.0
lat_mean,4.0,150,5,l1,973,950.0
lat_mean,4.0,150,5,l1,1273,1250.0
lat_mean,4.0,200,5,l2,28,0.0
lat_mean,4.0,200,5,l2,283,250.0
lat_mean,4.0,200,5,l2,623,600.0
lat_mean,4.0,200,5,l1,28,0.0
lat_mean,4.0,200,5,l1,278,250.0
lat_mean,4.0,200,5,l1,623,600.0
lat_mean,4.0,200,5,l1,973,950.0
lat_mean,4.0,200,5,l1,1273,1250.0
lat_mean,4.25,30,5,l2,28,0.0
lat_mean,4.25,30,5,l2,283,250.0
lat_mean,4.25,30,5,l2,623,600.0
lat_mean,4.25,30,5,l1,28,0.0
lat_mean,4.25,30,5,l1,278,250.0
lat_mean,4.25,30,5,l1,623,600.0
lat_mean,4.25,30,5,l1,973,950.0
lat_mean,4.25,30,5,l1,1273,1250.0
lat_mean,4.25,40,5,l2,28,0.0
lat_mean,4.25,40,5,l2,283,250.0
lat_mean,4.25,40,5,l2,623,600.0
lat_mean,4.25,40,5,l1,28,0.0
lat_mean,4.25,40,5,l1,278,250.0
lat_mean,4.25,40,5,l1,623,600.0
lat_mean,4.25,40,5,l1,973,950.0
lat_mean,4.25,40,5,l1,1273,1250.0
lat_mean,4.25,50,5,l2,28,0.0
lat_mean,4.25,50,5,l2,283,250.0
lat_mean,4.25,50,5,l2,623,600.0
lat_mean,4.25,50,5,l1,28,0.0
lat_mean,4.25,50,5,l1,278,250.0
lat_mean,4.25,50,5,l1,623,600.0
lat_mean,4.25,50,5,l1,973,950.0
lat_mean,4.25,50,5,l1,1273,1250.0
lat_mean,4.25,60,5,l2,28,0.0
lat_mean,4.25,60,5,l2,283,250.0
lat_mean,4.25,60,5,l2,623,600.0
lat_mean,4.25,60,5,l1,28,0.0
lat_mean,4.25,60,5,l1,278,250.0
lat_mean,4.25,60,5,l1,623,600.0
lat_mean,4.25,60,5,l1,973,950.0
lat_mean,4.25,60,5,l1,1273,1250.0
lat_mean,4.25,80,5,l2,28,0.0
lat_mean,4.25,80,5,l2,283,250.0
lat_mean,4.25,80,5,l2,623,600.0
lat_mean,4.25,80,5,l1,28,0.0
lat_mean,4.25,80,5,l1,278,250.0
lat_mean,4.25,80,5,l1,623,600.0
lat_mean,4.25,80,5,l1,973,950.0
lat_mean,4.25,80,5,l1,1273,1250.0
lat_mean,4.25,100,5,l2,28,0.0
lat_mean,4.25,100,5,l2,283,250.0
lat_mean,4.25,100,5,l2,623,600.0
lat_mean,4.25,100,5,l1,28,0.0
lat_mean,4.25,100,5,l1,278,250.0
lat_mean,4.25,100,5,l1,623,600.0
lat_mean,4.25,100,5,l1,973,950.0
lat_mean,4.25,100,5,l1,1273,1250.0
lat_mean,4.25,120,5,l2,28,0.0
lat_mean,4.25,120,5,l2,283,250.0
lat_mean,4.25,120,5,l2,623,600.0
lat_mean,4.25,120,5,l1,28,0.0
lat_mean,4.25,120,5,l1,278,250.0
lat_mean,4.25,120,5,l1,623,600.0
lat_mean,4.25,120,5,l1,973,950.0
lat_mean,4.25,120,5,l1,1273,1250.0
lat_mean,4.25,150,5,l2,28,0.0
lat_mean,4.25,150,5,l2,283,250.0
lat_mean,4.25,150,5,l2,623,600.0
lat_mean,4.25,150,5,l1,28,0.0
lat_mean,4.25,150,5,l1,278,250.0
lat_mean,4.25,150,5,l1,623,600.0
lat_mean,4.25,150,5,l1,973,950.0
lat_mean,4.25,150,5,l1,1273,1250.0
lat_mean,4.25,200,5,l2,28,0.0
lat_mean,4.25,200,5,l2,283,250.0
lat_mean,4.25,200,5,l2,623,600.0
lat_mean,4.25,200,5,l1,28,0.0
lat_mean,4.25,200,5,l1,278,250.0
lat_mean,4.25,200,5,l1,623,600.0
lat_mean,4.25,200,5,l1,973,950.0
lat_mean,4.25,200,5,l1,1273,1250.0
lat_mean,4.5,30,5,l2,28,0.0
lat_mean,4.5,30,5,l2,283,250.0
lat_mean,4.5,30,5,l2,623,600.0
lat_mean,4.5,30,5,l1,28,0.0
lat_mean,4.5,30,5,l1,278,250.0
lat_mean,4.5,30,5,l1,623,600.0
lat_mean,4.5,30,5,l1,973,950.0
lat_mean,4.5,30,5,l1,1273,1250.0
lat_mean,4.5,40,5,l2,28,0.0
lat_mean,4.5,40,5,l2,283,250.0
lat_mean,4.5,40,5,l2,623,600.0
lat_mean,4.5,40,5,l1,28,0.0
lat_mean,4.5,40,5,l1,278,250.0
lat_mean,4.5,40,5,l1,623,600.0
lat_mean,4.5,40,5,l1,973,950.0
lat_mean,4.5,40,5,l1,1273,1250.0
lat_mean,4.5,50,5,l2,28,0.0
lat_mean,4.5,50,5,l2,283,250.0
lat_mean,4.5,50,5,l2,623,600.0
lat_mean,4.5,50,5,l1,28,0.0
lat_mean,4.5,50,5,l1,278,250.0
lat_mean,4.5,50,5,l1,623,600.0
lat_mean,4.5,50,5,l1,973,950.0
lat_mean,4.5,50,5,l1,1273,1250.0
lat_mean,4.5,60,5,l2,28,0.0
lat_mean,4.5,60,5,l2,283,250.0
lat_mean,4.5,60,5,l2,623,600.0
lat_mean,4.5,60,5,l1,28,0.0
lat_mean,4.5,60,5,l1,278,250.0
lat_mean,4.5,60,5,l1,623,600.0
lat_mean,4.5,60,5,l1,973,950.0
lat_mean,4.5,60,5,l1,1273,1250.0
lat_mean,4.5,80,5,l2,28,0.0
lat_mean,4.5,80,5,l2,283,250.0
lat_mean,4.5,80,5,l2,623,600.0
lat_mean,4.5,80,5,l1,28,0.0
lat_mean,4.5,80,5,l1,278,250.0
lat_mean,4.5,80,5,l1,623,600.0
lat_mean,4.5,80,5,l1,973,950.0
lat_mean,4.5,80,5,l1,1273,1250.0
lat_mean,4.5,100,5,l2,28,0.0
lat_mean,4.5,100,5,l2,283,250.0
lat_mean,4.5,100,5,l2,623,600.0
lat_mean,4.5,100,5,l1,28,0.0
lat_mean,4.5,100,5,l1,278,250.0
lat_mean,4.5,100,5,l1,623,600.0
lat_mean,4.5,100,5,l1,973,950.0
lat_mean,4.5,100,5,l1,1273,1250.0
lat_mean,4.5,120,5,l2,28,0.0
lat_mean,4.5,120,5,l2,283,250.0
lat_mean,4.5,120,5,l2,623,600.0
lat_mean,4.5,120,5,l1,28,0.0
lat_mean,4.5,120,5,l1,278,250.0
lat_mean,4.5,120,5,l1,623,600.0
lat_mean,4.5,120,5,l1,973,950.0
lat_mean,4.5,120,5,l1,1273,1250.0
lat_mean,4.5,150,5,l2,28,0.0
lat_mean,4.5,150,5,l2,283,250.0
lat_mean,4.5,150,5,l2,623,600.0
lat_mean,4.5,150,5,l1,28,0.0
lat_mean,4.5,150,5,l1,278,250.0
lat_mean,4.5,150,5,l1,623,600.0
lat_mean,4.5,150,5,l1,973,950.0
lat_mean,4.5,150,5,l1,1273,1250.0
lat_mean,4.5,200,5,l2,28,0.0
lat_mean,4.5,200,5,l2,283,250.0
lat_mean,4.5,200,5,l2,623,600.0
lat_mean,4.5,200,5,l1,28,0.0
lat_mean,4.5,200,5,l1,278,250.0
lat_mean,4.5,200,5,l1,623,600.0
lat_mean,4.5,200,5,l1,973,950.0
lat_mean,4.5,200,5,l1,1273,1250.0
lat_mean,4.75,30,5,l2,28,0.0
lat_mean,4.75,30,5,l2,283,250.0
lat_mean,4.75,30,5,l2,623,600.0
lat_mean,4.75,30,5,l1,28,0.0
lat_mean,4.75,30,5,l1,278,250.0
lat_mean,4.75,30,5,l1,623,600.0
lat_mean,4.75,30,5,l1,973,950.0
lat_mean,4.75,30,5,l1,1273,1250.0
lat_mean,4.75,40,5,l2,28,0.0
lat_mean,4.75,40,5,l2,283,250.0
lat_mean,4.75,40,5,l2,623,600.0
lat_mean,4.75,40,5,l1,28,0.0
lat_mean,4.75,40,5,l1,278,250.0
lat_mean,4.75,40,5,l1,623,600.0
lat_mean,4.75,40,5,l1,973,950.0
lat_mean,4.75,40,5,l1,1273,1250.0
lat_mean,4.75,50,5,l2,28,0.0
lat_mean,4.75,50,5,l2,283,250.0
lat_mean,4.75,50,5,l2,623,600.0
lat_mean,4.75,50,5,l1,28,0.0
lat_mean,4.75,50,5,l1,278,250.0
lat_mean,4.75,50,5,l1,623,600.0
lat_mean,4.75,50,5,l1,973,950.0
lat_mean,4.75,50,5,l1,1273,1250.0
lat_mean,4.75,60,5,l2,28,0.0
lat_mean,4.75,60,5,l2,283,250.0
lat_mean,4.75,60,5,l2,623,600.0
lat_mean,4.75,60,5,l1,28,0.0
lat_mean,4.75,60,5,l1,278,250.0
lat_mean,4.75,60,5,l1,623,600.0
lat_mean,4.75,60,5,l1,973,950.0
lat_mean,4.75,60,5,l1,1273,1250.0
lat_mean,4.75,80,5,l2,28,0.0
lat_mean,4.75,80,5,l2,283,250.0
lat_mean,4.75,80,5,l2,623,600.0
lat_mean,4.75,80,5,l1,28,0.0
lat_mean,4.75,80,5,l1,278,250.0
lat_mean,4.75,80,5,l1,623,600.0
lat_mean,4.75,80,5,l1,973,950.0
lat_mean,4.75,80,5,l1,1273,1250.0
lat_mean,4.75,100,5,l2,28,0.0
lat_mean,4.75,100,5,l2,283,250.0
lat_mean,4.75,100,5,l2,623,600.0
lat_mean,4.75,100,5,l1,28,0.0
lat_mean,4.75,100,5,l1,278,250.0
lat_mean,4.75,100,5,l1,623,600.0
lat_mean,4.75,100,5,l1,973,950.0
lat_mean,4.75,100,5,l1,1273,1250.0
lat_mean,4.75,120,5,l2,28,0.0
lat_mean,4.75,120,5,l2,283,250.0
lat_mean,4.75,120,5,l2,623,600.0
lat_mean,4.75,120,5,l1,28,0.0
lat_mean,4.75,120,5,l1,278,250.0
lat_mean,4.75,120,5,l1,623,600.0
lat_mean,4.75,120,5,l1,973,950.0
lat_mean,4.75,120,5,l1,1273,1250.0
lat_mean,4.75,150,5,l2,28,0.0
lat_mean,4.75,150,5,l2,283,250.0
lat_mean,4.75,150,5,l2,623,600.0
lat_mean,4.75,150,5,l1,28,0.0
lat_mean,4.75,150,5,l1,278,250.0
lat_mean,4.75,150,5,l1,623,600.0
lat_mean,4.75,150,5,l1,973,950.0
lat_mean,4.75,150,5,l1,1273,1250.0
lat_mean,4.75,200,5,l2,28,0.0
lat_mean,4.75,200,5,l2,283,250.0
lat_mean,4.75,200,5,l2,623,600.0
lat_mean,4.75,200,5,l1,28,0.0
lat_mean,4.75,200,5,l1,278,250.0
lat_mean,4.75,200,5,l1,623,600.0
lat_mean,4.75,200,5,l1,973,950.0
lat_mean,4.75,200,5,l1,1273,1250.0
lat_mean,5.0,30,5,l2,28,0.0
lat_mean,5.0,30,5,l2,283,250.0
lat_mean,5.0,30,5,l2,623,600.0
lat_mean,5.0,30,5,l1,28,0.0
lat_mean,5.0,30,5,l1,278,250.0
lat_mean,5.0,30,5,l1,623,600.0
lat_mean,5.0,30,5,l1,973,950.0
lat_mean,5.0,30,5,l1,1273,1250.0
lat_mean,5.0,40,5,l2,28,0.0
lat_mean,5.0,40,5,l2,283,250.0
lat_mean,5.0,40,5,l2,623,600.0
lat_mean,5.0,40,5,l1,28,0.0
lat_mean,5.0,40,5,l1,278,250.0
lat_mean,5.0,40,5,l1,623,600.0
lat_mean,5.0,40,5,l1,973,950.0
lat_mean,5.0,40,5,l1,1273,1250.0
lat_mean,5.0,50,5,l2,28,0.0
lat_mean,5.0,50,5,l2,283,250.0
lat_mean,5.0,50,5,l2,623,600.0
lat_mean,5.0,50,5,l1,28,0.0
lat_mean,5.0,50,5,l1,278,250.0
lat_mean,5.0,50,5,l1,623,600.0
lat_mean,5.0,50,5,l1,973,950.0
lat_mean,5.0,50,5,l1,1273,1250.0
lat_mean,5.0,60,5,l2,28,0.0
lat_mean,5.0,60,5,l2,283,250.0
lat_mean,5.0,60,5,l2,623,600.0
lat_mean,5.0,60,5,l1,28,0.0
lat_mean,5.0,60,5,l1,278,250.0
lat_mean,5.0,60,5,l1,623,600.0
lat_mean,5.0,60,5,l1,973,950.0
lat_mean,5.0,60,5,l1,1273,1250.0
lat_mean,5.0,80,5,l2,28,0.0
lat_mean,5.0,80,5,l2,283,250.0
lat_mean,5.0,80,5,l2,623,600.0
lat_mean,5.0,80,5,l1,28,0.0
lat_mean,5.0,80,5,l1,278,250.0
lat_mean,5.0,80,5,l1,623,600.0
lat_mean,5.0,80,5,l1,973,950.0
lat_mean,5.0,80,5,l1,1273,1250.0
lat_mean,5.0,100,5,l2,28,0.0
lat_mean,5.0,100,5,l2,283,250.0
lat_mean,5.0,100,5,l2,623,600.0
lat_mean,5.0,100,5,l1,28,0.0
lat_mean,5.0,100,5,l1,278,250.0
lat_mean,5.0,100,5,l1,623,600.0
lat_mean,5.0,100,5,l1,973,950.0
lat_mean,5.0,100,5,l1,1273,1250.0
lat_mean,5.0,120,5,l2,28,0.0
lat_mean,5.0,120,5,l2,283,250.0
lat_mean,5.0,120,5,l2,623,600.0
lat_mean,5.0,120,5,l1,28,0.0
lat_mean,5.0,120,5,l1,278,250.0
lat_mean,5.0,120,5,l1,623,600.0
lat_mean,5.0,120,5,l1,973,950.0
lat_mean,5.0,120,5,l1,1273,1250.0
lat_mean,5.0,150,5,l2,28,0.0
lat_mean,5.0,150,5,l2,283,250.0
lat_mean,5.0,150,5,l2,623,600.0
lat_mean,5.0,150,5,l1,28,0.0
lat_mean,5.0,150,5,l1,278,250.0
lat_mean,5.0,150,5,l1,623,600.0
lat_mean,5.0,150,5,l1,973,950.0
lat_mean,5.0,150,5,l1,1273,1250.0
lat_mean,5.0,200,5,l2,28,0.0
lat_mean,5.0,200,5,l2,283,250.0
lat_mean,5.0,200,5,l2,623,600.0
lat_mean,5.0,200,5,l1,28,0.0
lat_mean,5.0,200,5,l1,278,250.0
lat_mean,5.0,200,5,l1,623,600.0
lat_mean,5.0,200,5,l1,973,950.0
lat_mean,5.0,200,5,l1,1273,1250.0
lat_mean,6.0,30,5,l2,263,250.0
lat_mean,6.0,30,5,l2,623,600.0
lat_mean,6.0,30,5,l1,28,0.0
lat_mean,6.0,30,5,l1,278,250.0
lat_mean,6.0,30,5,l1,623,600.0
lat_mean,6.0,30,5,l1,973,950.0
lat_mean,6.0,30,5,l1,1273,1250.0
lat_mean,6.0,40,5,l2,263,250.0
lat_mean,6.0,40,5,l2,623,600.0
lat_mean,6.0,40,5,l1,28,0.0
lat_mean,6.0,40,5,l1,278,250.0
lat_mean,6.0,40,5,l1,623,600.0
lat_mean,6.0,40,5,l1,973,950.0
lat_mean,6.0,40,5,l1,1273,1250.0
lat_mean,6.0,50,5,l2,263,250.0
lat_mean,6.0,50,5,l2,623,600.0
lat_mean,6.0,50,5,l1,28,0.0
lat_mean,6.0,50,5,l1,278,250.0
lat_mean,6.0,50,5,l1,623,600.0
lat_mean,6.0,50,5,l1,973,950.0
lat_mean,6.0,50,5,l1,1273,1250.0
lat_mean,6.0,60,5,l2,263,250.0
lat_mean,6.0,60,5,l2,623,600.0
lat_mean,6.0,60,5,l1,28,0.0
lat_mean,6.0,60,5,l1,278,250.0
lat_mean,6.0,60,5,l1,623,600.0
lat_mean,6.0,60,5,l1,973,950.0
lat_mean,6.0,60,5,l1,1273,1250.0
lat_mean,6.0,80,5,l2,263,250.0
lat_mean,6.0,80,5,l2,623,600.0
lat_mean,6.0,80,5,l1,28,0.0
lat_mean,6.0,80,5,l1,278,250.0
lat_mean,6.0,80,5,l1,623,600.0
lat_mean,6.0,80,5,l1,973,950.0
lat_mean,6.0,80,5,l1,1273,1250.0
lat_mean,6.0,100,5,l2,263,250.0
lat_mean,6.0,100,5,l2,623,600.0
lat_mean,6.0,100,5,l1,28,0.0
lat_mean,6.0,100,5,l1,278,250.0
lat_mean,6.0,100,5,l1,623,600.0
lat_mean,6.0,100,5,l1,973,950.0
lat_mean,6.0,100,5,l1,1273,1250.0
lat_mean,6.0,120,5,l2,263,250.0
lat_mean,6.0,120,5,l2,623,600.0
lat_mean,6.0,120,5,l1,28,0.0
lat_mean,6.0,120,5,l1,278,250.0
lat_mean,6.0,120,5,l1,623,600.0
lat_mean,6.0,120,5,l1,973,950.0
lat_mean,6.0,120,5,l1,1273,1250.0
lat_mean,6.0,150,5,l2,263,250.0
lat_mean,6.0,150,5,l2,623,600.0
lat_mean,6.0,150,5,l1,28,0.0
lat_mean,6.0,150,5,l1,278,250.0
lat_mean,6.0,150,5,l1,623,600.0
lat_mean,6.0,150,5,l1,973,950.0
lat_mean,6.0,150,5,l1,1273,1250.0
lat_mean,6.0,200,5,l2,263,250.0
lat_mean,6.0,200,5,l2,623,600.0
lat_mean,6.0,200,5,l1,28,0.0
lat_mean,6.0,200,5,l1,278,250.0
lat_mean,6.0,200,5,l1,623,600.0
lat_mean,6.0,200,5,l1,973,950.0
lat_mean,6.0,200,5,l1,1273,1250.0
lat_mean,7.0,30,5,l2,263,250.0
lat_mean,7.0,30,5,l2,623,600.0
lat_mean,7.0,30,5,l1,28,0.0
lat_mean,7.0,30,5,l1,278,250.0
lat_mean,7.0,30,5,l1,623,600.0
lat_mean,7.0,30,5,l1,973,950.0
lat_mean,7.0,30,5,l1,1273,1250.0
lat_mean,7.0,40,5,l2,263,250.0
lat_mean,7.0,40,5,l2,623,600.0
lat_mean,7.0,40,5,l1,28,0.0
lat_mean,7.0,40,5,l1,278,250.0
lat_mean,7.0,40,5,l1,623,600.0
lat_mean,7.0,40,5,l1,973,950.0
lat_mean,7.0,40,5,l1,1273,1250.0
lat_mean,7.0,50,5,l2,263,250.0
lat_mean,7.0,50,5,l2,623,600.0
lat_mean,7.0,50,5,l1,28,0.0
lat_mean,7.0,50,5,l1,278,250.0
lat_mean,7.0,50,5,l1,623,600.0
lat_mean,7.0,50,5,l1,973,950.0
lat_mean,7.0,50,5,l1,1273,1250.0
lat_mean,7.0,60,5,l2,263,250.0
lat_mean,7.0,60,5,l2,623,600.0
lat_mean,7.0,60,5,l1,28,0.0
lat_mean,7.0,60,5,l1,278,250.0
lat_mean,7.0,60,5,l1,623,600.0
lat_mean,7.0,60,5,l1,973,950.0
lat_mean,7.0,60,5,l1,1273,1250.0
lat_mean,7.0,80,5,l2,263,250.0
lat_mean,7.0,80,5,l2,623,600.0
lat_mean,7.0,80,5,l1,28,0.0
lat_mean,7.0,80,5,l1,278,250.0
lat_mean,7.0,80,5,l1,623,600.0
lat_mean,7.0,80,5,l1,973,950.0
lat_mean,7.0,80,5,l1,1273,1250.0
lat_mean,7.0,100,5,l2,263,250.0
lat_mean,7.0,100,5,l2,623,600.0
lat_mean,7.0,100,5,l1,28,0.0
lat_mean,7.0,100,5,l1,278,250.0
lat_mean,7.0,100,5,l1,623,600.0
lat_mean,7.0,100,5,l1,973,950.0
lat_mean,7.0,100,5,l1,1273,1250.0
lat_mean,7.0,120,5,l2,263,250.0
lat_mean,7.0,120,5,l2,623,600.0
lat_mean,7.0,120,5,l1,28,0.0
lat_mean,7.0,120,5,l1,278,250.0
lat_mean,7.0,120,5,l1,623,600.0
lat_mean,7.0,120,5,l1,973,950.0
lat_mean,7.0,120,5,l1,1273,1250.0
lat_mean,7.0,150,5,l2,263,250.0
lat_mean,7.0,150,5,l2,623,600.0
lat_mean,7.0,150,5,l1,28,0.0
lat_mean,7.0,150,5,l1,278,250.0
lat_mean,7.0,150,5,l1,623,600.0
lat_mean,7.0,150,5,l1,973,950.0
lat_mean,7.0,150,5,l1,1273,1250.0
lat_mean,7.0,200,5,l2,263,250.0
lat_mean,7.0,200,5,l2,623,600.0
lat_mean,7.0,200,5,l1,28,0.0
lat_mean,7.0,200,5,l1,278,250.0
lat_mean,7.0,200,5,l1,623,600.0
lat_mean,7.0,200,5,l1,973,950.0
lat_mean,7.0,200,5,l1,1273,1250.0
lat_mean,8.0,30,5,l2,263,250.0
lat_mean,8.0,30,5,l2,623,600.0
lat_mean,8.0,30,5,l1,28,0.0
lat_mean,8.0,30,5,l1,278,250.0
lat_mean,8.0,30,5,l1,623,600.0
lat_mean,8.0,40,5,l2,263,250.0
lat_mean,8.0,40,5,l2,623,600.0
lat_mean,8.0,40,5,l1,28,0.0
lat_mean,8.0,40,5,l1,278,250.0
lat_mean,8.0,40,5,l1,623,600.0
lat_mean,8.0,50,5,l2,263,250.0
lat_mean,8.0,50,5,l2,623,600.0
lat_mean,8.0,50,5,l1,28,0.0
lat_mean,8.0,50,5,l1,278,250.0
lat_mean,8.0,50,5,l1,623,600.0
lat_mean,8.0,60,5,l2,263,250.0
lat_mean,8.0,60,5,l2,623,600.0
lat_mean,8.0,60,5,l1,28,0.0
lat_mean,8.0,60,5,l1,278,250.0
lat_mean,8.0,60,5,l1,623,600.0
lat_mean,8.0,80,5,l2,263,250.0
lat_mean,8.0,80,5,l2,623,600.0
lat_mean,8.0,80,5,l1,28,0.0
lat_mean,8.0,80,5,l1,278,250.0
lat_mean,8.0,80,5,l1,623,600.0
lat_mean,8.0,100,5,l2,263,250.0
lat_mean,8.0,100,5,l2,623,600.0
lat_mean,8.0,100,5,l1,28,0.0
lat_mean,8.0,100,5,l1,278,250.0
lat_mean,8.0,100,5,l1,623,600.0
lat_mean,8.0,120,5,l2,263,250.0
lat_mean,8.0,120,5,l2,623,600.0
lat_mean,8.0,120,5,l1,28,0.0
lat_mean,8.0,120,5,l1,278,250.0
lat_mean,8.0,120,5,l1,623,600.0
lat_mean,8.0,150,5,l2,263,250.0
lat_mean,8.0,150,5,l2,623,600.0
lat_mean,8.0,150,5,l1,28,0.0
lat_mean,8.0,150,5,l1,278,250.0
lat_mean,8.0,150,5,l1,623,600.0
lat_mean,8.0,200,5,l2,263,250.0
lat_mean,8.0,200,5,l2,623,600.0
lat_mean,8.0,200,5,l1,28,0.0
lat_mean,8.0,200,5,l1,278,250.0
lat_mean,8.0,200,5,l1,623,600.0
lat_mean,10.0,30,5,l2,263,250.0
lat_mean,10.0,30,5,l2,623,600.0
lat_mean,10.0,30,5,l1,268,250.0
lat_mean,10.0,30,5,l1,623,600.0
lat_mean,10.0,40,5,l2,263,250.0
lat_mean,10.0,40,5,l2,623,600.0
lat_mean,10.0,40,5,l1,268,250.0
lat_mean,10.0,40,5,l1,623,600.0
lat_mean,10.0,50,5,l2,263,250.0
lat_mean,10.0,50,5,l2,623,600.0
lat_mean,10.0,50,5,l1,268,250.0
lat_mean,10.0,50,5,l1,623,600.0
lat_mean,10.0,60,5,l2,263,250.0
lat_mean,10.0,60,5,l2,623,600.0
lat_mean,10.0,60,5,l1,268,250.0
lat_mean,10.0,60,5,l1,623,600.0
lat_mean,10.0,80,5,l2,263,250.0
lat_mean,10.0,80,5,l2,623,600.0
lat_mean,10.0,80,5,l1,268,250.0
lat_mean,10.0,80,5,l1,623,600.0
lat_mean,10.0,100,5,l2,263,250.0
lat_mean,10.0,100,5,l2,623,600.0
lat_mean,10.0,100,5,l1,268,250.0
lat_mean,10.0,100,5,l1,623,600.0
lat_mean,10.0,120,5,l2,263,250.0
lat_mean,10.0,120,5,l2,623,600.0
lat_mean,10.0,120,5,l1,268,250.0
lat_mean,10.0,120,5,l1,623,600.0
lat_mean,10.0,150,5,l2,263,250.0
lat_mean,10.0,150,5,l2,623,600.0
lat_mean,10.0,150,5,l1,268,250.0
lat_mean,10.0,150,5,l1,623,600.0
lat_mean,10.0,200,5,l2,263,250.0
lat_mean,10.0,200,5,l2,623,600.0
lat_mean,10.0,200,5,l1,268,250.0
lat_mean,10.0,200,5,l1,623,600.0
lat_mean,12.0,30,5,l2,263,250.0
lat_mean,12.0,30,5,l2,623,600.0
lat_mean,12.0,30,5,l1,268,250.0
lat_mean,12.0,30,5,l1,623,600.0
lat_mean,12.0,40,5,l2,263,250.0
lat_mean,12.0,40,5,l2,623,600.0
lat_mean,12.0,40,5,l1,268,250.0
lat_mean,12.0,40,5,l1,623,600.0
lat_mean,12.0,50,5,l2,263,250.0
lat_mean,12.0,50,5,l2,623,600.0
lat_mean,12.0,50,5,l1,268,250.0
lat_mean,12.0,50,5,l1,623,600.0
lat_mean,12.0,60,5,l2,263,250.0
lat_mean,12.0,60,5,l2,623,600.0
lat_mean,12.0,60,5,l1,268,250.0
lat_mean,12.0,60,5,l1,623,600.0
lat_mean,12.0,80,5,l2,263,250.0
lat_mean,12.0,80,5,l2,623,600.0
lat_mean,12.0,80,5,l1,268,250.0
lat_mean,12.0,80,5,l1,623,600.0
lat_mean,12.0,100,5,l2,263,250.0
lat_mean,12.0,100,5,l2,623,600.0
lat_mean,12.0,100,5,l1,268,250.0
lat_mean,12.0,100,5,l1,623,600.0
lat_mean,12.0,120,5,l2,263,250.0
lat_mean,12.0,120,5,l2,623,600.0
lat_mean,12.0,120,5,l1,268,250.0
lat_mean,12.0,120,5,l1,623,600.0
lat_mean,12.0,150,5,l2,263,250.0
lat_mean,12.0,150,5,l2,623,600.0
lat_mean,12.0,150,5,l1,268,250.0
lat_mean,12.0,150,5,l1,623,600.0
lat_mean,12.0,200,5,l2,263,250.0
lat_mean,12.0,200,5,l2,623,600.0
lat_mean,12.0,200,5,l1,268,250.0
lat_mean,12.0,200,5,l1,623,600.0
n_south,0.75,30,5,l2,-112,-150.0
n_south,0.75,30,5,l2,263,250.0
n_south,0.75,30,5,l2,478,450.0
n_south,0.75,30,5,l2,588,550.0
n_south,0.75,30,5,l2,618,600.0
n_south,0.75,30,5,l2,683,650.0
n_south,0.75,30,5,l2,973,950.0
n_south,0.75,30,5,l2,1278,1250.0
n_south,0.75,30,5,l2,1403,1400.0
n_south,0.75,30,5,l2,1663,1650.0
n_south,0.75,30,5,l1,-112,-150.0
n_south,0.75,30,5,l1,198,150.0
n_south,0.75,30,5,l1,278,250.0
n_south,0.75,30,5,l1,433,400.0
n_south,0.75,30,5,l1,498,450.0
n_south,0.75,30,5,l1,588,550.0
n_south,0.75,30,5,l1,618,600.0
n_south,0.75,30,5,l1,683,650.0
n_south,0.75,30,5,l1,973,950.0
n_south,0.75,30,5,l1,1278,1250.0
n_south,0.75,30,5,l1,1393,1350.0
n_south,0.75,30,5,l1,1488,1450.0
n_south,0.75,30,5,l1,1573,1550.0
n_south,0.75,30,5,l1,1663,1650.0
n_south,0.75,40,5,l2,-112,-150.0
n_south,0.75,40,5,l2,263,250.0
n_south,0.75,40,5,l2,473,450.0
n_south,0.75,40,5,l2,663,650.0
n_south,0.75,40,5,l2,973,950.0
n_south,0.75,40,5,l2,1278,1250.0
n_south,0.75,40,5,l2,1403,1400.0
n_south,0.75,40,5,l2,1663,1650.0
n_south,0.75,40,5,l1,-112,-150.0
n_south,0.75,40,5,l1,198,150.0
n_south,0.75,40,5,l1,278,250.0
n_south,0.75,40,5,l1,433,400.0
n_south,0.75,40,5,l1,503,500.0
n_south,0.75,40,5,l1,583,550.0
n_south,0.75,40,5,l1,623,600.0
n_south,0.75,40,5,l1,683,650.0
n_south,0.75,40,5,l1,973,950.0
n_south,0.75,40,5,l1,1278,1250.0
n_south,0.75,40,5,l1,1393,1350.0
n_south,0.75,40,5,l1,1488,1450.0
n_south,0.75,40,5,l1,1573,1550.0
n_south,0.75,40,5,l1,1663,1650.0
n_south,0.75,50,5,l2,-112,-150.0
n_south,0.75,50,5,l2,263,250.0
n_south,0.75,50,5,l2,473,450.0
n_south,0.75,50,5,l2,663,650.0
n_south,0.75,50,5,l2,973,950.0
n_south,0.75,50,5,l2,1278,1250.0
n_south,0.75,50,5,l2,1403,1400.0
n_south,0.75,50,5,l2,1663,1650.0
n_south,0.75,50,5,l1,-112,-150.0
n_south,0.75,50,5,l1,198,150.0
n_south,0.75,50,5,l1,278,250.0
n_south,0.75,50,5,l1,433,400.0
n_south,0.75,50,5,l1,498,450.0
n_south,0.75,50,5,l1,573,550.0
n_south,0.75,50,5,l1,623,600.0
n_south,0.75,50,5,l1,683,650.0
n_south,0.75,50,5,l1,973,950.0
n_south,0.75,50,5,l1,1278,1250.0
n_south,0.75,50,5,l1,1393,1350.0
n_south,0.75,50,5,l1,1488,1450.0
n_south,0.75,50,5,l1,1573,1550.0
n_south,0.75,50,5,l1,1663,1650.0
n_south,0.75,60,5,l2,-112,-150.0
n_south,0.75,60,5,l2,263,250.0
n_south,0.75,60,5,l2,473,450.0
n_south,0.75,60,5,l2,663,650.0
n_south,0.75,60,5,l2,973,950.0
n_south,0.75,60,5,l2,1278,1250.0
n_south,0.75,60,5,l2,1403,1400.0
n_south,0.75,60,5,l2,1663,1650.0
n_south,0.75,60,5,l1,-112,-150.0
n_south,0.75,60,5,l1,198,150.0
n_south,0.75,60,5,l1,278,250.0
n_south,0.75,60,5,l1,433,400.0
n_south,0.75,60,5,l1,498,450.0
n_south,0.75,60,5,l1,618,600.0
n_south,0.75,60,5,l1,683,650.0
n_south,0.75,60,5,l1,973,950.0
n_south,0.75,60,5,l1,1278,1250.0
n_south,0.75,60,5,l1,1393,1350.0
n_south,0.75,60,5,l1,1488,1450.0
n_south,0.75,60,5,l1,1573,1550.0
n_south,0.75,60,5,l1,1663,1650.0
n_south,0.75,80,5,l2,-112,-150.0
n_south,0.75,80,5,l2,263,250.0
n_south,0.75,80,5,l2,473,450.0
n_south,0.75,80,5,l2,663,650.0
n_south,0.75,80,5,l2,973,950.0
n_south,0.75,80,5,l2,1278,1250.0
n_south,0.75,80,5,l2,1403,1400.0
n_south,0.75,80,5,l2,1663,1650.0
n_south,0.75,80,5,l1,-112,-150.0
n_south,0.75,80,5,l1,198,150.0
n_south,0.75,80,5,l1,278,250.0
n_south,0.75,80,5,l1,423,400.0
n_south,0.75,80,5,l1,503,500.0
n_south,0.75,80,5,l1,673,650.0
n_south,0.75,80,5,l1,973,950.0
n_south,0.75,80,5,l1,1278,1250.0
n_south,0.75,80,5,l1,1393,1350.0
n_south,0.75,80,5,l1,1488,1450.0
n_south,0.75,80,5,l1,1573,1550.0
n_south,0.75,80,5,l1,1663,1650.0
n_south,0.75,100,5,l2,-112,-150.0
n_south,0.75,100,5,l2,263,250.0
n_south,0.75,100,5,l2,473,450.0
n_south,0.75,100,5,l2,663,650.0
n_south,0.75,100,5,l2,973,950.0
n_south,0.75,100,5,l2,1278,1250.0
n_south,0.75,100,5,l2,1403,1400.0
n_south,0.75,100,5,l2,1663,1650.0
n_south,0.75,100,5,l1,-112,-150.0
n_south,0.75,100,5,l1,183,150.0
n_south,0.75,100,5,l1,283,250.0
n_south,0.75,100,5,l1,408,400.0
n_south,0.75,100,5,l1,508,500.0
n_south,0.75,100,5,l1,673,650.0
n_south,0.75,100,5,l1,973,950.0
n_south,0.75,100,5,l1,1278,1250.0
n_south,0.75,100,5,l1,1393,1350.0
n_south,0.75,100,5,l1,1493,1450.0
n_south,0.75,100,5,l1,1663,1650.0
n_south,0.75,120,5,l2,-102,-150.0
n_south,0.75,120,5,l2,263,250.0
n_south,0.75,120,5,l2,473,450.0
n_south,0.75,120,5,l2,663,650.0
n_south,0.75,120,5,l2,973,950.0
n_south,0.75,120,5,l2,1278,1250.0
n_south,0.75,120,5,l2,1403,1400.0
n_south,0.75,120,5,l2,1663,1650.0
n_south,0.75,120,5,l1,-102,-150.0
n_south,0.75,120,5,l1,158,150.0
n_south,0.75,120,5,l1,278,250.0
n_south,0.75,120,5,l1,403,400.0
n_south,0.75,120,5,l1,523,500.0
n_south,0.75,120,5,l1,673,650.0
n_south,0.75,120,5,l1,973,950.0
n_south,0.75,120,5,l1,1278,1250.0
n_south,0.75,120,5,l1,1398,1350.0
n_south,0.75,120,5,l1,1518,1500.0
n_south,0.75,120,5,l1,1663,1650.0
n_south,0.75,150,5,l2,-72,-100.0
n_south,0.75,150,5,l2,263,250.0
n_south,0.75,150,5,l2,473,450.0
n_south,0.75,150,5,l2,663,650.0
n_south,0.75,150,5,l2,973,950.0
n_south,0.75,150,5,l2,1273,1250.0
n_south,0.75,150,5,l2,1423,1400.0
n_south,0.75,150,5,l2,1663,1650.0
n_south,0.75,150,5,l1,-72,-100.0
n_south,0.75,150,5,l1,263,250.0
n_south,0.75,150,5,l1,478,450.0
n_south,0.75,150,5,l1,668,650.0
n_south,0.75,150,5,l1,973,950.0
n_south,0.75,150,5,l1,1273,1250.0
n_south,0.75,150,5,l1,1423,1400.0
n_south,0.75,150,5,l1,1663,1650.0
n_south,0.75,200,5,l2,-22,-50.0
n_south,0.75,200,5,l2,263,250.0
n_south,0.75,200,5,l2,468,450.0
n_south,0.75,200,5,l2,668,650.0
n_south,0.75,200,5,l2,968,950.0
n_south,0.75,200,5,l2,1393,1350.0
n_south,0.75,200,5,l2,1668,1650.0
n_south,0.75,200,5,l1,-22,-50.0
n_south,0.75,200,5,l1,263,250.0
n_south,0.75,200,5,l1,473,450.0
n_south,0.75,200,5,l1,673,650.0
n_south,0.75,200,5,l1,973,950.0
n_south,0.75,200,5,l1,1268,1250.0
n_south,0.75,200,5,l1,1468,1450.0
n_south,0.75,200,5,l1,1668,1650.0
n_south,1.0,30,5,l2,-112,-150.0
n_south,1.0,30,5,l2,263,250.0
n_south,1.0,30,5,l2,473,450.0
n_south,1.0,30,5,l2,663,650.0
n_south,1.0,30,5,l2,973,950.0
n_south,1.0,30,5,l2,1278,1250.0
n_south,1.0,30,5,l2,1403,1400.0
n_south,1.0,30,5,l2,1663,1650.0
n_south,1.0,30,5,l1,-112,-150.0
n_south,1.0,30,5,l1,198,150.0
n_south,1.0,30,5,l1,278,250.0
n_south,1.0,30,5,l1,433,400.0
n_south,1.0,30,5,l1,498,450.0
n_south,1.0,30,5,l1,588,550.0
n_south,1.0,30,5,l1,618,600.0
n_south,1.0,30,5,l1,683,650.0
n_south,1.0,30,5,l1,973,950.0
n_south,1.0,30,5,l1,1278,1250.0
n_south,1.0,30,5,l1,1393,1350.0
n_south,1.0,30,5,l1,1493,1450.0
n_south,1.0,30,5,l1,1663,1650.0
n_south,1.0,40,5,l2,-112,-150.0
n_south,1.0,40,5,l2,263,250.0
n_south,1.0,40,5,l2,473,450.0
n_south,1.0,40,5,l2,663,650.0
n_south,1.0,40,5,l2,973,950.0
n_south,1.0,40,5,l2,1278,1250.0
n_south,1.0,40,5,l2,1403,1400.0
n_south,1.0,40,5,l2,1663,1650.0
n_south,1.0,40,5,l1,-112,-150.0
n_south,1.0,40,5,l1,198,150.0
n_south,1.0,40,5,l1,278,250.0
n_south,1.0,40,5,l1,433,400.0
n_south,1.0,40,5,l1,503,500.0
n_south,1.0,40,5,l1,583,550.0
n_south,1.0,40,5,l1,623,600.0
n_south,1.0,40,5,l1,683,650.0
n_south,1.0,40,5,l1,973,950.0
n_south,1.0,40,5,l1,1278,1250.0
n_south,1.0,40,5,l1,1393,1350.0
n_south,1.0,40,5,l1,1493,1450.0
n_south,1.0,40,5,l1,1663,1650.0
n_south,1.0,50,5,l2,-112,-150.0
n_south,1.0,50,5,l2,263,250.0
n_south,1.0,50,5,l2,473,450.0
n_south,1.0,50,5,l2,663,650.0
n_south,1.0,50,5,l2,973,950.0
n_south,1.0,50,5,l2,1278,1250.0
n_south,1.0,50,5,l2,1403,1400.0
n_south,1.0,50,5,l2,1663,1650.0
n_south,1.0,50,5,l1,-112,-150.0
n_south,1.0,50,5,l1,198,150.0
n_south,1.0,50,5,l1,278,250.0
n_south,1.0,50,5,l1,433,400.0
n_south,1.0,50,5,l1,503,500.0
n_south,1.0,50,5,l1,673,650.0
n_south,1.0,50,5,l1,973,950.0
n_south,1.0,50,5,l1,1278,1250.0
n_south,1.0,50,5,l1,1393,1350.0
n_south,1.0,50,5,l1,1493,1450.0
n_south,1.0,50,5,l1,1663,1650.0
n_south,1.0,60,5,l2,-112,-150.0
n_south,1.0,60,5,l2,263,250.0
n_south,1.0,60,5,l2,473,450.0
n_south,1.0,60,5,l2,663,650.0
n_south,1.0,60,5,l2,973,950.0
n_south,1.0,60,5,l2,1278,1250.0
n_south,1.0,60,5,l2,1403,1400.0
n_south,1.0,60,5,l2,1663,1650.0
n_south,1.0,60,5,l1,-112,-150.0
n_south,1.0,60,5,l1,198,150.0
n_south,1.0,60,5,l1,278,250.0
n_south,1.0,60,5,l1,433,400.0
n_south,1.0,60,5,l1,503,500.0
n_south,1.0,60,5,l1,673,650.0
n_south,1.0,60,5,l1,973,950.0
n_south,1.0,60,5,l1,1278,1250.0
n_south,1.0,60,5,l1,1393,1350.0
n_south,1.0,60,5,l1,1493,1450.0
n_south,1.0,60,5,l1,1663,1650.0
n_south,1.0,80,5,l2,-112,-150.0
n_south,1.0,80,5,l2,263,250.0
n_south,1.0,80,5,l2,473,450.0
n_south,1.0,80,5,l2,663,650.0
n_south,1.0,80,5,l2,973,950.0
n_south,1.0,80,5,l2,1278,1250.0
n_south,1.0,80,5,l2,1403,1400.0
n_south,1.0,80,5,l2,1663,1650.0
n_south,1.0,80,5,l1,-112,-150.0
n_south,1.0,80,5,l1,198,150.0
n_south,1.0,80,5,l1,278,250.0
n_south,1.0,80,5,l1,423,400.0
n_south,1.0,80,5,l1,503,500.0
n_south,1.0,80,5,l1,673,650.0
n_south,1.0,80,5,l1,973,950.0
n_south,1.0,80,5,l1,1278,1250.0
n_south,1.0,80,5,l1,1393,1350.0
n_south,1.0,80,5,l1,1493,1450.0
n_south,1.0,80,5,l1,1663,1650.0
n_south,1.0,100,5,l2,-112,-150.0
n_south,1.0,100,5,l2,263,250.0
n_south,1.0,100,5,l2,473,450.0
n_south,1.0,100,5,l2,663,650.0
n_south,1.0,100,5,l2,973,950.0
n_south,1.0,100,5,l2,1278,1250.0
n_south,1.0,100,5,l2,1403,1400.0
n_south,1.0,100,5,l2,1663,1650.0
n_south,1.0,100,5,l1,-112,-150.0
n_south,1.0,100,5,l1,183,150.0
n_south,1.0,100,5,l1,283,250.0
n_south,1.0,100,5,l1,408,400.0
n_south,1.0,100,5,l1,508,500.0
n_south,1.0,100,5,l1,673,650.0
n_south,1.0,100,5,l1,973,950.0
n_south,1.0,100,5,l1,1278,1250.0
n_south,1.0,100,5,l1,1393,1350.0
n_south,1.0,100,5,l1,1493,1450.0
n_south,1.0,100,5,l1,1663,1650.0
n_south,1.0,120,5,l2,-102,-150.0
n_south,1.0,120,5,l2,263,250.0
n_south,1.0,120,5,l2,473,450.0
n_south,1.0,120,5,l2,663,650.0
n_south,1.0,120,5,l2,973,950.0
n_south,1.0,120,5,l2,1278,1250.0
n_south,1.0,120,5,l2,1403,1400.0
n_south,1.0,120,5,l2,1663,1650.0
n_south,1.0,120,5,l1,-102,-150.0
n_south,1.0,120,5,l1,258,250.0
n_south,1.0,120,5,l1,403,400.0
n_south,1.0,120,5,l1,523,500.0
n_south,1.0,120,5,l1,673,650.0
n_south,1.0,120,5,l1,973,950.0
n_south,1.0,120,5,l1,1278,1250.0
n_south,1.0,120,5,l1,1398,1350.0
n_south,1.0,120,5,l1,1518,1500.0
n_south,1.0,120,5,l1,1663,1650.0
n_south,1.0,150,5,l2,-72,-100.0
n_south,1.0,150,5,l2,263,250.0
n_south,1.0,150,5,l2,473,450.0
n_south,1.0,150,5,l2,663,650.0
n_south,1.0,150,5,l2,973,950.0
n_south,1.0,150,5,l2,1273,1250.0
n_south,1.0,150,5,l2,1423,1400.0
n_south,1.0,150,5,l2,1663,1650.0
n_south,1.0,150,5,l1,-72,-100.0
n_south,1.0,150,5,l1,263,250.0
n_south,1.0,150,5,l1,478,450.0
n_south,1.0,150,5,l1,668,650.0
n_south,1.0,150,5,l1,973,950.0
n_south,1.0,150,5,l1,1273,1250.0
n_south,1.0,150,5,l1,1423,1400.0
n_south,1.0,150,5,l1,1663,1650.0
n_south,1.0,200,5,l2,-22,-50.0
n_south,1.0,200,5,l2,263,250.0
n_south,1.0,200,5,l2,468,450.0
n_south,1.0,200,5,l2,668,650.0
n_south,1.0,200,5,l2,968,950.0
n_south,1.0,200,5,l2,1393,1350.0
n_south,1.0,200,5,l2,1668,1650.0
n_south,1.0,200,5,l1,-22,-50.0
n_south,1.0,200,5,l1,263,250.0
n_south,1.0,200,5,l1,473,450.0
n_south,1.0,200,5,l1,673,650.0
n_south,1.0,200,5,l1,973,950.0
n_south,1.0,200,5,l1,1268,1250.0
n_south,1.0,200,5,l1,1468,1450.0
n_south,1.0,200,5,l1,1668,1650.0
n_south,1.25,30,5,l2,-112,-150.0
n_south,1.25,30,5,l2,263,250.0
n_south,1.25,30,5,l2,473,450.0
n_south,1.25,30,5,l2,663,650.0
n_south,1.25,30,5,l2,973,950.0
n_south,1.25,30,5,l2,1278,1250.0
n_south,1.25,30,5,l2,1403,1400.0
n_south,1.25,30,5,l2,1663,1650.0
n_south,1.25,30,5,l1,-112,-150.0
n_south,1.25,30,5,l1,198,150.0
n_south,1.25,30,5,l1,278,250.0
n_south,1.25,30,5,l1,433,400.0
n_south,1.25,30,5,l1,498,450.0
n_south,1.25,30,5,l1,588,550.0
n_south,1.25,30,5,l1,618,600.0
n_south,1.25,30,5,l1,683,650.0
n_south,1.25,30,5,l1,973,950.0
n_south,1.25,30,5,l1,1278,1250.0
n_south,1.25,30,5,l1,1393,1350.0
n_south,1.25,30,5,l1,1493,1450.0
n_south,1.25,30,5,l1,1663,1650.0
n_south,1.25,40,5,l2,-112,-150.0
n_south,1.25,40,5,l2,263,250.0
n_south,1.25,40,5,l2,473,450.0
n_south,1.25,40,5,l2,663,650.0
n_south,1.25,40,5,l2,973,950.0
n_south,1.25,40,5,l2,1278,1250.0
n_south,1.25,40,5,l2,1403,1400.0
n_south,1.25,40,5,l2,1663,1650.0
n_south,1.25,40,5,l1,-112,-150.0
n_south,1.25,40,5,l1,198,150.0
n_south,1.25,40,5,l1,278,250.0
n_south,1.25,40,5,l1,433,400.0
n_south,1.25,40,5,l1,503,500.0
n_south,1.25,40,5,l1,673,650.0
n_south,1.25,40,5,l1,973,950.0
n_south,1.25,40,5,l1,1278,1250.0
n_south,1.25,40,5,l1,1393,1350.0
n_south,1.25,40,5,l1,1493,1450.0
n_south,1.25,40,5,l1,1663,1650.0
n_south,1.25,50,5,l2,-112,-150.0
n_south,1.25,50,5,l2,263,250.0
n_south,1.25,50,5,l2,473,450.0
n_south,1.25,50,5,l2,663,650.0
n_south,1.25,50,5,l2,973,950.0
n_south,1.25,50,5,l2,1278,1250.0
n_south,1.25,50,5,l2,1403,1400.0
n_south,1.25,50,5,l2,1663,1650.0
n_south,1.25,50,5,l1,-112,-150.0
n_south,1.25,50,5,l1,198,150.0
n_south,1.25,50,5,l1,278,250.0
n_south,1.25,50,5,l1,433,400.0
n_south,1.25,50,5,l1,503,500.0
n_south,1.25,50,5,l1,673,650.0
n_south,1.25,50,5,l1,973,950.0
n_south,1.25,50,5,l1,1278,1250.0
n_south,1.25,50,5,l1,1393,1350.0
n_south,1.25,50,5,l1,1493,1450.0
n_south,1.25,50,5,l1,1663,1650.0
n_south,1.25,60,5,l2,-112,-150.0
n_south,1.25,60,5,l2,263,250.0
n_south,1.25,60,5,l2,473,450.0
n_south,1.25,60,5,l2,663,650.0
n_south,1.25,60,5,l2,973,950.0
n_south,1.25,60,5,l2,1278,1250.0
n_south,1.25,60,5,l2,1403,1400.0
n_south,1.25,60,5,l2,1663,1650.0
n_south,1.25,60,5,l1,-112,-150.0
n_south,1.25,60,5,l1,198,150.0
n_south,1.25,60,5,l1,278,250.0
n_south,1.25,60,5,l1,433,400.0
n_south,1.25,60,5,l1,503,500.0
n_south,1.25,60,5,l1,673,650.0
n_south,1.25,60,5,l1,973,950.0
n_south,1.25,60,5,l1,1278,1250.0
n_south,1.25,60,5,l1,1393,1350.0
n_south,1.25,60,5,l1,1493,1450.0
n_south,1.25,60,5,l1,1663,1650.0
n_south,1.25,80,5,l2,-112,-150.0
n_south,1.25,80,5,l2,263,250.0
n_south,1.25,80,5,l2,473,450.0
n_south,1.25,80,5,l2,663,650.0
n_south,1.25,80,5,l2,973,950.0
n_south,1.25,80,5,l2,1278,1250.0
n_south,1.25,80,5,l2,1403,1400.0
n_south,1.25,80,5,l2,1663,1650.0
n_south,1.25,80,5,l1,-112,-150.0
n_south,1.25,80,5,l1,198,150.0
n_south,1.25,80,5,l1,278,250.0
n_south,1.25,80,5,l1,423,400.0
n_south,1.25,80,5,l1,503,500.0
n_south,1.25,80,5,l1,673,650.0
n_south,1.25,80,5,l1,973,950.0
n_south,1.25,80,5,l1,1278,1250.0
n_south,1.25,80,5,l1,1393,1350.0
n_south,1.25,80,5,l1,1493,1450.0
n_south,1.25,80,5,l1,1663,1650.0
n_south,1.25,100,5,l2,-112,-150.0
n_south,1.25,100,5,l2,263,250.0
n_south,1.25,100,5,l2,473,450.0
n_south,1.25,100,5,l2,663,650.0
n_south,1.25,100,5,l2,973,950.0
n_south,1.25,100,5,l2,1278,1250.0
n_south,1.25,100,5,l2,1403,1400.0
n_south,1.25,100,5,l2,1663,1650.0
n_south,1.25,100,5,l1,-112,-150.0
n_south,1.25,100,5,l1,183,150.0
n_south,1.25,100,5,l1,283,250.0
n_south,1.25,100,5,l1,408,400.0
n_south,1.25,100,5,l1,508,500.0
n_south,1.25,100,5,l1,673,650.0
n_south,1.25,100,5,l1,973,950.0
n_south,1.25,100,5,l1,1278,1250.0
n_south,1.25,100,5,l1,1393,1350.0
n_south,1.25,100,5,l1,1493,1450.0
n_south,1.25,100,5,l1,1663,1650.0
n_south,1.25,120,5,l2,-102,-150.0
n_south,1.25,120,5,l2,263,250.0
n_south,1.25,120,5,l2,473,450.0
n_south,1.25,120,5,l2,663,650.0
n_south,1.25,120,5,l2,973,950.0
n_south,1.25,120,5,l2,1278,1250.0
n_south,1.25,120,5,l2,1403,1400.0
n_south,1.25,120,5,l2,1663,1650.0
n_south,1.25,120,5,l1,-102,-150.0
n_south,1.25,120,5,l1,263,250.0
n_south,1.25,120,5,l1,478,450.0
n_south,1.25,120,5,l1,668,650.0
n_south,1.25,120,5,l1,973,950.0
n_south,1.25,120,5,l1,1278,1250.0
n_south,1.25,120,5,l1,1398,1350.0
n_south,1.25,120,5,l1,1518,1500.0
n_south,1.25,120,5,l1,1663,1650.0
n_south,1.25,150,5,l2,-72,-100.0
n_south,1.25,150,5,l2,263,250.0
n_south,1.25,150,5,l2,448,400.0
n_south,1.25,150,5,l2,623,600.0
n_south,1.25,150,5,l2,1393,1350.0
n_south,1.25,150,5,l2,1668,1650.0
n_south,1.25,150,5,l1,-72,-100.0
n_south,1.25,150,5,l1,263,250.0
n_south,1.25,150,5,l1,478,450.0
n_south,1.25,150,5,l1,668,650.0
n_south,1.25,150,5,l1,973,950.0
n_south,1.25,150,5,l1,1273,1250.0
n_south,1.25,150,5,l1,1423,1400.0
n_south,1.25,150,5,l1,1663,1650.0
n_south,1.25,200,5,l2,-22,-50.0
n_south,1.25,200,5,l2,263,250.0
n_south,1.25,200,5,l2,468,450.0
n_south,1.25,200,5,l2,668,650.0
n_south,1.25,200,5,l2,968,950.0
n_south,1.25,200,5,l2,1393,1350.0
n_south,1.25,200,5,l2,1668,1650.0
n_south,1.25,200,5,l1,263,250.0
n_south,1.25,200,5,l1,473,450.0
n_south,1.25,200,5,l1,673,650.0
n_south,1.25,200,5,l1,973,950.0
n_south,1.25,200,5,l1,1268,1250.0
n_south,1.25,200,5,l1,1468,1450.0
n_south,1.25,200,5,l1,1668,1650.0
n_south,1.5,30,5,l2,-112,-150.0
n_south,1.5,30,5,l2,263,250.0
n_south,1.5,30,5,l2,448,400.0
n_south,1.5,30,5,l2,623,600.0
n_south,1.5,30,5,l2,1393,1350.0
n_south,1.5,30,5,l2,1668,1650.0
n_south,1.5,30,5,l1,-112,-150.0
n_south,1.5,30,5,l1,198,150.0
n_south,1.5,30,5,l1,278,250.0
n_south,1.5,30,5,l1,433,400.0
n_south,1.5,30,5,l1,503,500.0
n_south,1.5,30,5,l1,673,650.0
n_south,1.5,30,5,l1,973,950.0
n_south,1.5,30,5,l1,1278,1250.0
n_south,1.5,30,5,l1,1393,1350.0
n_south,1.5,30,5,l1,1493,1450.0
n_south,1.5,30,5,l1,1663,1650.0
n_south,1.5,40,5,l2,-112,-150.0
n_south,1.5,40,5,l2,263,250.0
n_south,1.5,40,5,l2,448,400.0
n_south,1.5,40,5,l2,623,600.0
n_south,1.5,40,5,l2,1393,1350.0
n_south,1.5,40,5,l2,1668,1650.0
n_south,1.5,40,5,l1,-112,-150.0
n_south,1.5,40,5,l1,198,150.0
n_south,1.5,40,5,l1,278,250.0
n_south,1.5,40,5,l1,433,400.0
n_south,1.5,40,5,l1,503,500.0
n_south,1.5,40,5,l1,673,650.0
n_south,1.5,40,5,l1,973,950.0
n_south,1.5,40,5,l1,1278,1250.0
n_south,1.5,40,5,l1,1393,1350.0
n_south,1.5,40,5,l1,1493,1450.0
n_south,1.5,40,5,l1,1663,1650.0
n_south,1.5,50,5,l2,-112,-150.0
n_south,1.5,50,5,l2,263,250.0
n_south,1.5,50,5,l2,448,400.0
n_south,1.5,50,5,l2,623,600.0
n_south,1.5,50,5,l2,1393,1350.0
n_south,1.5,50,5,l2,1668,1650.0
n_south,1.5,50,5,l1,-112,-150.0
n_south,1.5,50,5,l1,198,150.0
n_south,1.5,50,5,l1,278,250.0
n_south,1.5,50,5,l1,433,400.0
n_south,1.5,50,5,l1,503,500.0
n_south,1.5,50,5,l1,673,650.0
n_south,1.5,50,5,l1,973,950.0
n_south,1.5,50,5,l1,1278,1250.0
n_south,1.5,50,5,l1,1393,1350.0
n_south,1.5,50,5,l1,1493,1450.0
n_south,1.5,50,5,l1,1663,1650.0
n_south,1.5,60,5,l2,-112,-150.0
n_south,1.5,60,5,l2,263,250.0
n_south,1.5,60,5,l2,448,400.0
n_south,1.5,60,5,l2,623,600.0
n_south,1.5,60,5,l2,1393,1350.0
n_south,1.5,60,5,l2,1668,1650.0
n_south,1.5,60,5,l1,-112,-150.0
n_south,1.5,60,5,l1,198,150.0
n_south,1.5,60,5,l1,278,250.0
n_south,1.5,60,5,l1,433,400.0
n_south,1.5,60,5,l1,503,500.0
n_south,1.5,60,5,l1,673,650.0
n_south,1.5,60,5,l1,973,950.0
n_south,1.5,60,5,l1,1278,1250.0
n_south,1.5,60,5,l1,1393,1350.0
n_south,1.5,60,5,l1,1493,1450.0
n_south,1.5,60,5,l1,1663,1650.0
n_south,1.5,80,5,l2,-112,-150.0
n_south,1.5,80,5,l2,263,250.0
n_south,1.5,80,5,l2,448,400.0
n_south,1.5,80,5,l2,623,600.0
n_south,1.5,80,5,l2,1393,1350.0
n_south,1.5,80,5,l2,1668,1650.0
n_south,1.5,80,5,l1,-112,-150.0
n_south,1.5,80,5,l1,198,150.0
n_south,1.5,80,5,l1,278,250.0
n_south,1.5,80,5,l1,423,400.0
n_south,1.5,80,5,l1,503,500.0
n_south,1.5,80,5,l1,673,650.0
n_south,1.5,80,5,l1,973,950.0
n_south,1.5,80,5,l1,1278,1250.0
n_south,1.5,80,5,l1,1393,1350.0
n_south,1.5,80,5,l1,1493,1450.0
n_south,1.5,80,5,l1,1663,1650.0
n_south,1.5,100,5,l2,-112,-150.0
n_south,1.5,100,5,l2,263,250.0
n_south,1.5,100,5,l2,448,400.0
n_south,1.5,100,5,l2,623,600.0
n_south,1.5,100,5,l2,1393,1350.0
n_south,1.5,100,5,l2,1668,1650.0
n_south,1.5,100,5,l1,-112,-150.0
n_south,1.5,100,5,l1,183,150.0
n_south,1.5,100,5,l1,283,250.0
n_south,1.5,100,5,l1,478,450.0
n_south,1.5,100,5,l1,668,650.0
n_south,1.5,100,5,l1,973,950.0
n_south,1.5,100,5,l1,1278,1250.0
n_south,1.5,100,5,l1,1393,1350.0
n_south,1.5,100,5,l1,1493,1450.0
n_south,1.5,100,5,l1,1663,1650.0
n_south,1.5,120,5,l2,-102,-150.0
n_south,1.5,120,5,l2,263,250.0
n_south,1.5,120,5,l2,448,400.0
n_south,1.5,120,5,l2,623,600.0
n_south,1.5,120,5,l2,1393,1350.0
n_south,1.5,120,5,l2,1668,1650.0
n_south,1.5,120,5,l1,-102,-150.0
n_south,1.5,120,5,l1,263,250.0
n_south,1.5,120,5,l1,478,450.0
n_south,1.5,120,5,l1,668,650.0
n_south,1.5,120,5,l1,973,950.0
n_south,1.5,120,5,l1,1278,1250.0
n_south,1.5,120,5,l1,1398,1350.0
n_south,1.5,120,5,l1,1518,1500.0
n_south,1.5,120,5,l1,1663,1650.0
n_south,1.5,150,5,l2,-72,-100.0
n_south,1.5,150,5,l2,263,250.0
n_south,1.5,150,5,l2,448,400.0
n_south,1.5,150,5,l2,623,600.0
n_south,1.5,150,5,l2,1393,1350.0
n_south,1.5,150,5,l2,1668,1650.0
n_south,1.5,150,5,l1,-72,-100.0
n_south,1.5,150,5,l1,263,250.0
n_south,1.5,150,5,l1,478,450.0
n_south,1.5,150,5,l1,668,650.0
n_south,1.5,150,5,l1,973,950.0
n_south,1.5,150,5,l1,1273,1250.0
n_south,1.5,150,5,l1,1423,1400.0
n_south,1.5,150,5,l1,1663,1650.0
n_south,1.5,200,5,l2,223,200.0
n_south,1.5,200,5,l2,438,400.0
n_south,1.5,200,5,l2,638,600.0
n_south,1.5,200,5,l2,1393,1350.0
n_south,1.5,200,5,l2,1668,1650.0
n_south,1.5,200,5,l1,263,250.0
n_south,1.5,200,5,l1,473,450.0
n_south,1.5,200,5,l1,673,650.0
n_south,1.5,200,5,l1,973,950.0
n_south,1.5,200,5,l1,1268,1250.0
n_south,1.5,200,5,l1,1468,1450.0
n_south,1.5,200,5,l1,1668,1650.0
n_south,1.75,30,5,l2,-112,-150.0
n_south,1.75,30,5,l2,263,250.0
n_south,1.75,30,5,l2,448,400.0
n_south,1.75,30,5,l2,623,600.0
n_south,1.75,30,5,l2,1388,1350.0
n_south,1.75,30,5,l1,-112,-150.0
n_south,1.75,30,5,l1,198,150.0
n_south,1.75,30,5,l1,278,250.0
n_south,1.75,30,5,l1,478,450.0
n_south,1.75,30,5,l1,668,650.0
n_south,1.75,30,5,l1,973,950.0
n_south,1.75,30,5,l1,1278,1250.0
n_south,1.75,30,5,l1,1393,1350.0
n_south,1.75,30,5,l1,1493,1450.0
n_south,1.75,30,5,l1,1663,1650.0
n_south,1.75,40,5,l2,-112,-150.0
n_south,1.75,40,5,l2,263,250.0
n_south,1.75,40,5,l2,448,400.0
n_south,1.75,40,5,l2,623,600.0
n_south,1.75,40,5,l2,1388,1350.0
n_south,1.75,40,5,l1,-112,-150.0
n_south,1.75,40,5,l1,198,150.0
n_south,1.75,40,5,l1,278,250.0
n_south,1.75,40,5,l1,478,450.0
n_south,1.75,40,5,l1,668,650.0
n_south,1.75,40,5,l1,973,950.0
n_south,1.75,40,5,l1,1278,1250.0
n_south,1.75,40,5,l1,1393,1350.0
n_south,1.75,40,5,l1,1493,1450.0
n_south,1.75,40,5,l1,1663,1650.0
n_south,1.75,50,5,l2,-112,-150.0
n_south,1.75,50,5,l2,263,250.0
n_south,1.75,50,5,l2,448,400.0
n_south,1.75,50,5,l2,623,600.0
n_south,1.75,50,5,l2,1388,1350.0
n_south,1.75,50,5,l1,-112,-150.0
n_south,1.75,50,5,l1,198,150.0
n_south,1.75,50,5,l1,278,250.0
n_south,1.75,50,5,l1,478,450.0
n_south,1.75,50,5,l1,668,650.0
n_south,1.75,50,5,l1,973,950.0
n_south,1.75,50,5,l1,1278,1250.0
n_south,1.75,50,5,l1,1393,1350.0
n_south,1.75,50,5,l1,1493,1450.0
n_south,1.75,50,5,l1,1663,1650.0
n_south,1.75,60,5,l2,-112,-150.0
n_south,1.75,60,5,l2,263,250.0
n_south,1.75,60,5,l2,448,400.0
n_south,1.75,60,5,l2,623,600.0
n_south,1.75,60,5,l2,1388,1350.0
n_south,1.75,60,5,l1,-112,-150.0
n_south,1.75,60,5,l1,198,150.0
n_south,1.75,60,5,l1,278,250.0
n_south,1.75,60,5,l1,478,450.0
n_south,1.75,60,5,l1,668,650.0
n_south,1.75,60,5,l1,973,950.0
n_south,1.75,60,5,l1,1278,1250.0
n_south,1.75,60,5,l1,1393,1350.0
n_south,1.75,60,5,l1,1493,1450.0
n_south,1.75,60,5,l1,1663,1650.0
n_south,1.75,80,5,l2,-112,-150.0
n_south,1.75,80,5,l2,263,250.0
n_south,1.75,80,5,l2,448,400.0
n_south,1.75,80,5,l2,623,600.0
n_south,1.75,80,5,l2,1388,1350.0
n_south,1.75,80,5,l1,-112,-150.0
n_south,1.75,80,5,l1,198,150.0
n_south,1.75,80,5,l1,278,250.0
n_south,1.75,80,5,l1,478,450.0
n_south,1.75,80,5,l1,668,650.0
n_south,1.75,80,5,l1,973,950.0
n_south,1.75,80,5,l1,1278,1250.0
n_south,1.75,80,5,l1,1393,1350.0
n_south,1.75,80,5,l1,1493,1450.0
n_south,1.75,80,5,l1,1663,1650.0
n_south,1.75,100,5,l2,-112,-150.0
n_south,1.75,100,5,l2,263,250.0
n_south,1.75,100,5,l2,448,400.0
n_south,1.75,100,5,l2,623,600.0
n_south,1.75,100,5,l2,1388,1350.0
n_south,1.75,100,5,l1,-112,-150.0
n_south,1.75,100,5,l1,263,250.0
n_south,1.75,100,5,l1,478,450.0
n_south,1.75,100,5,l1,668,650.0
n_south,1.75,100,5,l1,973,950.0
n_south,1.75,100,5,l1,1278,1250.0
n_south,1.75,100,5,l1,1393,1350.0
n_south,1.75,100,5,l1,1493,1450.0
n_south,1.75,100,5,l1,1663,1650.0
n_south,1.75,120,5,l2,-102,-150.0
n_south,1.75,120,5,l2,263,250.0
n_south,1.75,120,5,l2,448,400.0
n_south,1.75,120,5,l2,623,600.0
n_south,1.75,120,5,l2,1388,1350.0
n_south,1.75,120,5,l1,-102,-150.0
n_south,1.75,120,5,l1,263,250.0
n_south,1.75,120,5,l1,478,450.0
n_south,1.75,120,5,l1,668,650.0
n_south,1.75,120,5,l1,973,950.0
n_south,1.75,120,5,l1,1278,1250.0
n_south,1.75,120,5,l1,1398,1350.0
n_south,1.75,120,5,l1,1518,1500.0
n_south,1.75,120,5,l1,1663,1650.0
n_south,1.75,150,5,l2,-72,-100.0
n_south,1.75,150,5,l2,263,250.0
n_south,1.75,150,5,l2,448,400.0
n_south,1.75,150,5,l2,623,600.0
n_south,1.75,150,5,l2,1388,1350.0
n_south,1.75,150,5,l1,-72,-100.0
n_south,1.75,150,5,l1,263,250.0
n_south,1.75,150,5,l1,478,450.0
n_south,1.75,150,5,l1,668,650.0
n_south,1.75,150,5,l1,973,950.0
n_south,1.75,150,5,l1,1273,1250.0
n_south,1.75,150,5,l1,1423,1400.0
n_south,1.75,150,5,l1,1663,1650.0
n_south,1.75,200,5,l2,223,200.0
n_south,1.75,200,5,l2,438,400.0
n_south,1.75,200,5,l2,638,600.0
n_south,1.75,200,5,l2,1388,1350.0
n_south,1.75,200,5,l1,263,250.0
n_south,1.75,200,5,l1,473,450.0
n_south,1.75,200,5,l1,673,650.0
n_south,1.75,200,5,l1,973,950.0
n_south,1.75,200,5,l1,1268,1250.0
n_south,1.75,200,5,l1,1468,1450.0
n_south,1.75,200,5,l1,1668,1650.0
n_south,2.0,30,5,l2,-112,-150.0
n_south,2.0,30,5,l2,263,250.0
n_south,2.0,30,5,l2,448,400.0
n_south,2.0,30,5,l2,623,600.0
n_south,2.0,30,5,l2,1388,1350.0
n_south,2.0,30,5,l1,-112,-150.0
n_south,2.0,30,5,l1,263,250.0
n_south,2.0,30,5,l1,478,450.0
n_south,2.0,30,5,l1,668,650.0
n_south,2.0,30,5,l1,973,950.0
n_south,2.0,30,5,l1,1278,1250.0
n_south,2.0,30,5,l1,1393,1350.0
n_south,2.0,30,5,l1,1493,1450.0
n_south,2.0,30,5,l1,1663,1650.0
n_south,2.0,40,5,l2,-112,-150.0
n_south,2.0,40,5,l2,263,250.0
n_south,2.0,40,5,l2,448,400.0
n_south,2.0,40,5,l2,623,600.0
n_south,2.0,40,5,l2,1388,1350.0
n_south,2.0,40,5,l1,-112,-150.0
n_south,2.0,40,5,l1,263,250.0
n_south,2.0,40,5,l1,478,450.0
n_south,2.0,40,5,l1,668,650.0
n_south,2.0,40,5,l1,973,950.0
n_south,2.0,40,5,l1,1278,1250.0
n_south,2.0,40,5,l1,1393,1350.0
n_south,2.0,40,5,l1,1493,1450.0
n_south,2.0,40,5,l1,1663,1650.0
n_south,2.0,50,5,l2,-112,-150.0
n_south,2.0,50,5,l2,263,250.0
n_south,2.0,50,5,l2,448,400.0
n_south,2.0,50,5,l2,623,600.0
n_south,2.0,50,5,l2,1388,1350.0
n_south,2.0,50,5,l1,-112,-150.0
n_south,2.0,50,5,l1,263,250.0
n_south,2.0,50,5,l1,478,450.0
n_south,2.0,50,5,l1,668,650.0
n_south,2.0,50,5,l1,973,950.0
n_south,2.0,50,5,l1,1278,1250.0
n_south,2.0,50,5,l1,1393,1350.0
n_south,2.0,50,5,l1,1493,1450.0
n_south,2.0,50,5,l1,1663,1650.0
n_south,2.0,60,5,l2,-112,-150.0
n_south,2.0,60,5,l2,263,250.0
n_south,2.0,60,5,l2,448,400.0
n_south,2.0,60,5,l2,623,600.0
n_south,2.0,60,5,l2,1388,1350.0
n_south,2.0,60,5,l1,-112,-150.0
n_south,2.0,60,5,l1,263,250.0
n_south,2.0,60,5,l1,478,450.0
n_south,2.0,60,5,l1,668,650.0
n_south,2.0,60,5,l1,973,950.0
n_south,2.0,60,5,l1,1278,1250.0
n_south,2.0,60,5,l1,1393,1350.0
n_south,2.0,60,5,l1,1493,1450.0
n_south,2.0,60,5,l1,1663,1650.0
n_south,2.0,80,5,l2,-112,-150.0
n_south,2.0,80,5,l2,263,250.0
n_south,2.0,80,5,l2,448,400.0
n_south,2.0,80,5,l2,623,600.0
n_south,2.0,80,5,l2,1388,1350.0
n_south,2.0,80,5,l1,-112,-150.0
n_south,2.0,80,5,l1,263,250.0
n_south,2.0,80,5,l1,478,450.0
n_south,2.0,80,5,l1,668,650.0
n_south,2.0,80,5,l1,973,950.0
n_south,2.0,80,5,l1,1278,1250.0
n_south,2.0,80,5,l1,1393,1350.0
n_south,2.0,80,5,l1,1493,1450.0
n_south,2.0,80,5,l1,1663,1650.0
n_south,2.0,100,5,l2,-112,-150.0
n_south,2.0,100,5,l2,263,250.0
n_south,2.0,100,5,l2,448,400.0
n_south,2.0,100,5,l2,623,600.0
n_south,2.0,100,5,l2,1388,1350.0
n_south,2.0,100,5,l1,-112,-150.0
n_south,2.0,100,5,l1,263,250.0
n_south,2.0,100,5,l1,478,450.0
n_south,2.0,100,5,l1,668,650.0
n_south,2.0,100,5,l1,973,950.0
n_south,2.0,100,5,l1,1278,1250.0
n_south,2.0,100,5,l1,1393,1350.0
n_south,2.0,100,5,l1,1493,1450.0
n_south,2.0,100,5,l1,1663,1650.0
n_south,2.0,120,5,l2,-102,-150.0
n_south,2.0,120,5,l2,263,250.0
n_south,2.0,120,5,l2,448,400.0
n_south,2.0,120,5,l2,623,600.0
n_south,2.0,120,5,l2,1388,1350.0
n_south,2.0,120,5,l1,-102,-150.0
n_south,2.0,120,5,l1,263,250.0
n_south,2.0,120,5,l1,478,450.0
n_south,2.0,120,5,l1,668,650.0
n_south,2.0,120,5,l1,973,950.0
n_south,2.0,120,5,l1,1278,1250.0
n_south,2.0,120,5,l1,1403,1400.0
n_south,2.0,120,5,l1,1663,1650.0
n_south,2.0,150,5,l2,258,250.0
n_south,2.0,150,5,l2,448,400.0
n_south,2.0,150,5,l2,623,600.0
n_south,2.0,150,5,l2,1388,1350.0
n_south,2.0,150,5,l1,-72,-100.0
n_south,2.0,150,5,l1,263,250.0
n_south,2.0,150,5,l1,478,450.0
n_south,2.0,150,5,l1,668,650.0
n_south,2.0,150,5,l1,973,950.0
n_south,2.0,150,5,l1,1273,1250.0
n_south,2.0,150,5,l1,1423,1400.0
n_south,2.0,150,5,l1,1663,1650.0
n_south,2.0,200,5,l2,223,200.0
n_south,2.0,200,5,l2,438,400.0
n_south,2.0,200,5,l2,638,600.0
n_south,2.0,200,5,l2,1388,1350.0
n_south,2.0,200,5,l1,263,250.0
n_south,2.0,200,5,l1,473,450.0
n_south,2.0,200,5,l1,673,650.0
n_south,2.0,200,5,l1,973,950.0
n_south,2.0,200,5,l1,1268,1250.0
n_south,2.0,200,5,l1,1468,1450.0
n_south,2.0,200,5,l1,1668,1650.0
n_south,2.25,30,5,l2,-112,-150.0
n_south,2.25,30,5,l2,263,250.0
n_south,2.25,30,5,l2,448,400.0
n_south,2.25,30,5,l2,623,600.0
n_south,2.25,30,5,l2,1388,1350.0
n_south,2.25,30,5,l1,-112,-150.0
n_south,2.25,30,5,l1,263,250.0
n_south,2.25,30,5,l1,478,450.0
n_south,2.25,30,5,l1,668,650.0
n_south,2.25,30,5,l1,973,950.0
n_south,2.25,30,5,l1,1278,1250.0
n_south,2.25,30,5,l1,1403,1400.0
n_south,2.25,30,5,l1,1663,1650.0
n_south,2.25,40,5,l2,-112,-150.0
n_south,2.25,40,5,l2,263,250.0
n_south,2.25,40,5,l2,448,400.0
n_south,2.25,40,5,l2,623,600.0
n_south,2.25,40,5,l2,1388,1350.0
n_south,2.25,40,5,l1,-112,-150.0
n_south,2.25,40,5,l1,263,250.0
n_south,2.25,40,5,l1,478,450.0
n_south,2.25,40,5,l1,668,650.0
n_south,2.25,40,5,l1,973,950.0
n_south,2.25,40,5,l1,1278,1250.0
n_south,2.25,40,5,l1,1403,1400.0
n_south,2.25,40,5,l1,1663,1650.0
n_south,2.25,50,5,l2,-112,-150.0
n_south,2.25,50,5,l2,263,250.0
n_south,2.25,50,5,l2,448,400.0
n_south,2.25,50,5,l2,623,600.0
n_south,2.25,50,5,l2,1388,1350.0
n_south,2.25,50,5,l1,-112,-150.0
n_south,2.25,50,5,l1,263,250.0
n_south,2.25,50,5,l1,478,450.0
n_south,2.25,50,5,l1,668,650.0
n_south,2.25,50,5,l1,973,950.0
n_south,2.25,50,5,l1,1278,1250.0
n_south,2.25,50,5,l1,1403,1400.0
n_south,2.25,50,5,l1,1663,1650.0
n_south,2.25,60,5,l2,-112,-150.0
n_south,2.25,60,5,l2,263,250.0
n_south,2.25,60,5,l2,448,400.0
n_south,2.25,60,5,l2,623,600.0
n_south,2.25,60,5,l2,1388,1350.0
n_south,2.25,60,5,l1,-112,-150.0
n_south,2.25,60,5,l1,263,250.0
n_south,2.25,60,5,l1,478,450.0
n_south,2.25,60,5,l1,668,650.0
n_south,2.25,60,5,l1,973,950.0
n_south,2.25,60,5,l1,1278,1250.0
n_south,2.25,60,5,l1,1403,1400.0
n_south,2.25,60,5,l1,1663,1650.0
n_south,2.25,80,5,l2,-112,-150.0
n_south,2.25,80,5,l2,263,250.0
n_south,2.25,80,5,l2,448,400.0
n_south,2.25,80,5,l2,623,600.0
n_south,2.25,80,5,l2,1388,1350.0
n_south,2.25,80,5,l1,-112,-150.0
n_south,2.25,80,5,l1,263,250.0
n_south,2.25,80,5,l1,478,450.0
n_south,2.25,80,5,l1,668,650.0
n_south,2.25,80,5,l1,973,950.0
n_south,2.25,80,5,l1,1278,1250.0
n_south,2.25,80,5,l1,1403,1400.0
n_south,2.25,80,5,l1,1663,1650.0
n_south,2.25,100,5,l2,-112,-150.0
n_south,2.25,100,5,l2,263,250.0
n_south,2.25,100,5,l2,448,400.0
n_south,2.25,100,5,l2,623,600.0
n_south,2.25,100,5,l2,1388,1350.0
n_south,2.25,100,5,l1,-112,-150.0
n_south,2.25,100,5,l1,263,250.0
n_south,2.25,100,5,l1,478,450.0
n_south,2.25,100,5,l1,668,650.0
n_south,2.25,100,5,l1,973,950.0
n_south,2.25,100,5,l1,1278,1250.0
n_south,2.25,100,5,l1,1403,1400.0
n_south,2.25,100,5,l1,1663,1650.0
n_south,2.25,120,5,l2,-102,-150.0
n_south,2.25,120,5,l2,263,250.0
n_south,2.25,120,5,l2,448,400.0
n_south,2.25,120,5,l2,623,600.0
n_south,2.25,120,5,l2,1388,1350.0
n_south,2.25,120,5,l1,-102,-150.0
n_south,2.25,120,5,l1,263,250.0
n_south,2.25,120,5,l1,478,450.0
n_south,2.25,120,5,l1,668,650.0
n_south,2.25,120,5,l1,973,950.0
n_south,2.25,120,5,l1,1278,1250.0
n_south,2.25,120,5,l1,1403,1400.0
n_south,2.25,120,5,l1,1663,1650.0
n_south,2.25,150,5,l2,258,250.0
n_south,2.25,150,5,l2,448,400.0
n_south,2.25,150,5,l2,623,600.0
n_south,2.25,150,5,l2,1388,1350.0
n_south,2.25,150,5,l1,-72,-100.0
n_south,2.25,150,5,l1,263,250.0
n_south,2.25,150,5,l1,478,450.0
n_south,2.25,150,5,l1,668,650.0
n_south,2.25,150,5,l1,973,950.0
n_south,2.25,150,5,l1,1273,1250.0
n_south,2.25,150,5,l1,1423,1400.0
n_south,2.25,150,5,l1,1663,1650.0
n_south,2.25,200,5,l2,223,200.0
n_south,2.25,200,5,l2,438,400.0
n_south,2.25,200,5,l2,638,600.0
n_south,2.25,200,5,l2,1388,1350.0
n_south,2.25,200,5,l1,263,250.0
n_south,2.25,200,5,l1,473,450.0
n_south,2.25,200,5,l1,673,650.0
n_south,2.25,200,5,l1,973,950.0
n_south,2.25,200,5,l1,1388,1350.0
n_south,2.25,200,5,l1,1663,1650.0
n_south,2.5,30,5,l2,-112,-150.0
n_south,2.5,30,5,l2,263,250.0
n_south,2.5,30,5,l2,448,400.0
n_south,2.5,30,5,l2,623,600.0
n_south,2.5,30,5,l2,1388,1350.0
n_south,2.5,30,5,l1,-112,-150.0
n_south,2.5,30,5,l1,263,250.0
n_south,2.5,30,5,l1,478,450.0
n_south,2.5,30,5,l1,668,650.0
n_south,2.5,30,5,l1,973,950.0
n_south,2.5,30,5,l1,1278,1250.0
n_south,2.5,30,5,l1,1403,1400.0
n_south,2.5,30,5,l1,1663,1650.0
n_south,2.5,40,5,l2,-112,-150.0
n_south,2.5,40,5,l2,263,250.0
n_south,2.5,40,5,l2,448,400.0
n_south,2.5,40,5,l2,623,600.0
n_south,2.5,40,5,l2,1388,1350.0
n_south,2.5,40,5,l1,-112,-150.0
n_south,2.5,40,5,l1,263,250.0
n_south,2.5,40,5,l1,478,450.0
n_south,2.5,40,5,l1,668,650.0
n_south,2.5,40,5,l1,973,950.0
n_south,2.5,40,5,l1,1278,1250.0
n_south,2.5,40,5,l1,1403,1400.0
n_south,2.5,40,5,l1,1663,1650.0
n_south,2.5,50,5,l2,-112,-150.0
n_south,2.5,50,5,l2,263,250.0
n_south,2.5,50,5,l2,448,400.0
n_south,2.5,50,5,l2,623,600.0
n_south,2.5,50,5,l2,1388,1350.0
n_south,2.5,50,5,l1,-112,-150.0
n_south,2.5,50,5,l1,263,250.0
n_south,2.5,50,5,l1,478,450.0
n_south,2.5,50,5,l1,668,650.0
n_south,2.5,50,5,l1,973,950.0
n_south,2.5,50,5,l1,1278,1250.0
n_south,2.5,50,5,l1,1403,1400.0
n_south,2.5,50,5,l1,1663,1650.0
n_south,2.5,60,5,l2,-112,-150.0
n_south,2.5,60,5,l2,263,250.0
n_south,2.5,60,5,l2,448,400.0
n_south,2.5,60,5,l2,623,600.0
n_south,2.5,60,5,l2,1388,1350.0
n_south,2.5,60,5,l1,-112,-150.0
n_south,2.5,60,5,l1,263,250.0
n_south,2.5,60,5,l1,478,450.0
n_south,2.5,60,5,l1,668,650.0
n_south,2.5,60,5,l1,973,950.0
n_south,2.5,60,5,l1,1278,1250.0
n_south,2.5,60,5,l1,1403,1400.0
n_south,2.5,60,5,l1,1663,1650.0
n_south,2.5,80,5,l2,-112,-150.0
n_south,2.5,80,5,l2,263,250.0
n_south,2.5,80,5,l2,448,400.0
n_south,2.5,80,5,l2,623,600.0
n_south,2.5,80,5,l2,1388,1350.0
n_south,2.5,80,5,l1,-112,-150.0
n_south,2.5,80,5,l1,263,250.0
n_south,2.5,80,5,l1,478,450.0
n_south,2.5,80,5,l1,668,650.0
n_south,2.5,80,5,l1,973,950.0
n_south,2.5,80,5,l1,1278,1250.0
n_south,2.5,80,5,l1,1403,1400.0
n_south,2.5,80,5,l1,1663,1650.0
n_south,2.5,100,5,l2,-112,-150.0
n_south,2.5,100,5,l2,263,250.0
n_south,2.5,100,5,l2,448,400.0
n_south,2.5,100,5,l2,623,600.0
n_south,2.5,100,5,l2,1388,1350.0
n_south,2.5,100,5,l1,-112,-150.0
n_south,2.5,100,5,l1,263,250.0
n_south,2.5,100,5,l1,478,450.0
n_south,2.5,100,5,l1,668,650.0
n_south,2.5,100,5,l1,973,950.0
n_south,2.5,100,5,l1,1278,1250.0
n_south,2.5,100,5,l1,1403,1400.0
n_south,2.5,100,5,l1,1663,1650.0
n_south,2.5,120,5,l2,-102,-150.0
n_south,2.5,120,5,l2,263,250.0
n_south,2.5,120,5,l2,448,400.0
n_south,2.5,120,5,l2,623,600.0
n_south,2.5,120,5,l2,1388,1350.0
n_south,2.5,120,5,l1,-102,-150.0
n_south,2.5,120,5,l1,263,250.0
n_south,2.5,120,5,l1,478,450.0
n_south,2.5,120,5,l1,668,650.0
n_south,2.5,120,5,l1,973,950.0
n_south,2.5,120,5,l1,1278,1250.0
n_south,2.5,120,5,l1,1403,1400.0
n_south,2.5,120,5,l1,1663,1650.0
n_south,2.5,150,5,l2,258,250.0
n_south,2.5,150,5,l2,448,400.0
n_south,2.5,150,5,l2,623,600.0
n_south,2.5,150,5,l2,1388,1350.0
n_south,2.5,150,5,l1,-72,-100.0
n_south,2.5,150,5,l1,263,250.0
n_south,2.5,150,5,l1,478,450.0
n_south,2.5,150,5,l1,668,650.0
n_south,2.5,150,5,l1,973,950.0
n_south,2.5,150,5,l1,1273,1250.0
n_south,2.5,150,5,l1,1423,1400.0
n_south,2.5,150,5,l1,1663,1650.0
n_south,2.5,200,5,l2,223,200.0
n_south,2.5,200,5,l2,438,400.0
n_south,2.5,200,5,l2,638,600.0
n_south,2.5,200,5,l2,1388,1350.0
n_south,2.5,200,5,l1,263,250.0
n_south,2.5,200,5,l1,473,450.0
n_south,2.5,200,5,l1,673,650.0
n_south,2.5,200,5,l1,973,950.0
n_south,2.5,200,5,l1,1388,1350.0
n_south,2.5,200,5,l1,1663,1650.0
n_south,2.75,30,5,l2,258,250.0
n_south,2.75,30,5,l2,448,400.0
n_south,2.75,30,5,l2,623,600.0
n_south,2.75,30,5,l2,1388,1350.0
n_south,2.75,30,5,l1,-112,-150.0
n_south,2.75,30,5,l1,263,250.0
n_south,2.75,30,5,l1,478,450.0
n_south,2.75,30,5,l1,668,650.0
n_south,2.75,30,5,l1,973,950.0
n_south,2.75,30,5,l1,1278,1250.0
n_south,2.75,30,5,l1,1403,1400.0
n_south,2.75,30,5,l1,1663,1650.0
n_south,2.75,40,5,l2,258,250.0
n_south,2.75,40,5,l2,448,400.0
n_south,2.75,40,5,l2,623,600.0
n_south,2.75,40,5,l2,1388,1350.0
n_south,2.75,40,5,l1,-112,-150.0
n_south,2.75,40,5,l1,263,250.0
n_south,2.75,40,5,l1,478,450.0
n_south,2.75,40,5,l1,668,650.0
n_south,2.75,40,5,l1,973,950.0
n_south,2.75,40,5,l1,1278,1250.0
n_south,2.75,40,5,l1,1403,1400.0
n_south,2.75,40,5,l1,1663,1650.0
n_south,2.75,50,5,l2,258,250.0
n_south,2.75,50,5,l2,448,400.0
n_south,2.75,50,5,l2,623,600.0
n_south,2.75,50,5,l2,1388,1350.0
n_south,2.75,50,5,l1,-112,-150.0
n_south,2.75,50,5,l1,263,250.0
n_south,2.75,50,5,l1,478,450.0
n_south,2.75,50,5,l1,668,650.0
n_south,2.75,50,5,l1,973,950.0
n_south,2.75,50,5,l1,1278,1250.0
n_south,2.75,50,5,l1,1403,1400.0
n_south,2.75,50,5,l1,1663,1650.0
n_south,2.75,60,5,l2,258,250.0
n_south,2.75,60,5,l2,448,400.0
n_south,2.75,60,5,l2,623,600.0
n_south,2.75,60,5,l2,1388,1350.0
n_south,2.75,60,5,l1,-112,-150.0
n_south,2.75,60,5,l1,263,250.0
n_south,2.75,60,5,l1,478,450.0
n_south,2.75,60,5,l1,668,650.0
n_south,2.75,60,5,l1,973,950.0
n_south,2.75,60,5,l1,1278,1250.0
n_south,2.75,60,5,l1,1403,1400.0
n_south,2.75,60,5,l1,1663,1650.0
n_south,2.75,80,5,l2,258,250.0
n_south,2.75,80,5,l2,448,400.0
n_south,2.75,80,5,l2,623,600.0
n_south,2.75,80,5,l2,1388,1350.0
n_south,2.75,80,5,l1,-112,-150.0
n_south,2.75,80,5,l1,263,250.0
n_south,2.75,80,5,l1,478,450.0
n_south,2.75,80,5,l1,668,650.0
n_south,2.75,80,5,l1,973,950.0
n_south,2.75,80,5,l1,1278,1250.0
n_south,2.75,80,5,l1,1403,1400.0
n_south,2.75,80,5,l1,1663,1650.0
n_south,2.75,100,5,l2,258,250.0
n_south,2.75,100,5,l2,448,400.0
n_south,2.75,100,5,l2,623,600.0
n_south,2.75,100,5,l2,1388,1350.0
n_south,2.75,100,5,l1,-112,-150.0
n_south,2.75,100,5,l1,263,250.0
n_south,2.75,100,5,l1,478,450.0
n_south,2.75,100,5,l1,668,650.0
n_south,2.75,100,5,l1,973,950.0
n_south,2.75,100,5,l1,1278,1250.0
n_south,2.75,100,5,l1,1403,1400.0
n_south,2.75,100,5,l1,1663,1650.0
n_south,2.75,120,5,l2,258,250.0
n_south,2.75,120,5,l2,448,400.0
n_south,2.75,120,5,l2,623,600.0
n_south,2.75,120,5,l2,1388,1350.0
n_south,2.75,120,5,l1,-102,-150.0
n_south,2.75,120,5,l1,263,250.0
n_south,2.75,120,5,l1,478,450.0
n_south,2.75,120,5,l1,668,650.0
n_south,2.75,120,5,l1,973,950.0
n_south,2.75,120,5,l1,1278,1250.0
n_south,2.75,120,5,l1,1403,1400.0
n_south,2.75,120,5,l1,1663,1650.0
n_south,2.75,150,5,l2,258,250.0
n_south,2.75,150,5,l2,448,400.0
n_south,2.75,150,5,l2,623,600.0
n_south,2.75,150,5,l2,1388,1350.0
n_south,2.75,150,5,l1,-72,-100.0
n_south,2.75,150,5,l1,263,250.0
n_south,2.75,150,5,l1,478,450.0
n_south,2.75,150,5,l1,668,650.0
n_south,2.75,150,5,l1,973,950.0
n_south,2.75,150,5,l1,1273,1250.0
n_south,2.75,150,5,l1,1423,1400.0
n_south,2.75,150,5,l1,1663,1650.0
n_south,2.75,200,5,l2,223,200.0
n_south,2.75,200,5,l2,438,400.0
n_south,2.75,200,5,l2,638,600.0
n_south,2.75,200,5,l2,1388,1350.0
n_south,2.75,200,5,l1,263,250.0
n_south,2.75,200,5,l1,473,450.0
n_south,2.75,200,5,l1,673,650.0
n_south,2.75,200,5,l1,973,950.0
n_south,2.75,200,5,l1,1388,1350.0
n_south,2.75,200,5,l1,1663,1650.0
n_south,3.0,30,5,l2,258,250.0
n_south,3.0,30,5,l2,448,400.0
n_south,3.0,30,5,l2,623,600.0
n_south,3.0,30,5,l2,1388,1350.0
n_south,3.0,30,5,l1,-112,-150.0
n_south,3.0,30,5,l1,263,250.0
n_south,3.0,30,5,l1,478,450.0
n_south,3.0,30,5,l1,668,650.0
n_south,3.0,30,5,l1,973,950.0
n_south,3.0,30,5,l1,1278,1250.0
n_south,3.0,30,5,l1,1403,1400.0
n_south,3.0,30,5,l1,1663,1650.0
n_south,3.0,40,5,l2,258,250.0
n_south,3.0,40,5,l2,448,400.0
n_south,3.0,40,5,l2,623,600.0
n_south,3.0,40,5,l2,1388,1350.0
n_south,3.0,40,5,l1,-112,-150.0
n_south,3.0,40,5,l1,263,250.0
n_south,3.0,40,5,l1,478,450.0
n_south,3.0,40,5,l1,668,650.0
n_south,3.0,40,5,l1,973,950.0
n_south,3.0,40,5,l1,1278,1250.0
n_south,3.0,40,5,l1,1403,1400.0
n_south,3.0,40,5,l1,1663,1650.0
n_south,3.0,50,5,l2,258,250.0
n_south,3.0,50,5,l2,448,400.0
n_south,3.0,50,5,l2,623,600.0
n_south,3.0,50,5,l2,1388,1350.0
n_south,3.0,50,5,l1,-112,-150.0
n_south,3.0,50,5,l1,263,250.0
n_south,3.0,50,5,l1,478,450.0
n_south,3.0,50,5,l1,668,650.0
n_south,3.0,50,5,l1,973,950.0
n_south,3.0,50,5,l1,1278,1250.0
n_south,3.0,50,5,l1,1403,1400.0
n_south,3.0,50,5,l1,1663,1650.0
n_south,3.0,60,5,l2,258,250.0
n_south,3.0,60,5,l2,448,400.0
n_south,3.0,60,5,l2,623,600.0
n_south,3.0,60,5,l2,1388,1350.0
n_south,3.0,60,5,l1,-112,-150.0
n_south,3.0,60,5,l1,263,250.0
n_south,3.0,60,5,l1,478,450.0
n_south,3.0,60,5,l1,668,650.0
n_south,3.0,60,5,l1,973,950.0
n_south,3.0,60,5,l1,1278,1250.0
n_south,3.0,60,5,l1,1403,1400.0
n_south,3.0,60,5,l1,1663,1650.0
n_south,3.0,80,5,l2,258,250.0
n_south,3.0,80,5,l2,448,400.0
n_south,3.0,80,5,l2,623,600.0
n_south,3.0,80,5,l2,1388,1350.0
n_south,3.0,80,5,l1,-112,-150.0
n_south,3.0,80,5,l1,263,250.0
n_south,3.0,80,5,l1,478,450.0
n_south,3.0,80,5,l1,668,650.0
n_south,3.0,80,5,l1,973,950.0
n_south,3.0,80,5,l1,1278,1250.0
n_south,3.0,80,5,l1,1403,1400.0
n_south,3.0,80,5,l1,1663,1650.0
n_south,3.0,100,5,l2,258,250.0
n_south,3.0,100,5,l2,448,400.0
n_south,3.0,100,5,l2,623,600.0
n_south,3.0,100,5,l2,1388,1350.0
n_south,3.0,100,5,l1,-112,-150.0
n_south,3.0,100,5,l1,263,250.0
n_south,3.0,100,5,l1,478,450.0
n_south,3.0,100,5,l1,668,650.0
n_south,3.0,100,5,l1,973,950.0
n_south,3.0,100,5,l1,1278,1250.0
n_south,3.0,100,5,l1,1403,1400.0
n_south,3.0,100,5,l1,1663,1650.0
n_south,3.0,120,5,l2,258,250.0
n_south,3.0,120,5,l2,448,400.0
n_south,3.0,120,5,l2,623,600.0
n_south,3.0,120,5,l2,1388,1350.0
n_south,3.0,120,5,l1,-102,-150.0
n_south,3.0,120,5,l1,263,250.0
n_south,3.0,120,5,l1,478,450.0
n_south,3.0,120,5,l1,668,650.0
n_south,3.0,120,5,l1,973,950.0
n_south,3.0,120,5,l1,1278,1250.0
n_south,3.0,120,5,l1,1403,1400.0
n_south,3.0,120,5,l1,1663,1650.0
n_south,3.0,150,5,l2,258,250.0
n_south,3.0,150,5,l2,448,400.0
n_south,3.0,150,5,l2,623,600.0
n_south,3.0,150,5,l2,1388,1350.0
n_south,3.0,150,5,l1,-72,-100.0
n_south,3.0,150,5,l1,263,250.0
n_south,3.0,150,5,l1,478,450.0
n_south,3.0,150,5,l1,668,650.0
n_south,3.0,150,5,l1,973,950.0
n_south,3.0,150,5,l1,1273,1250.0
n_south,3.0,150,5,l1,1423,1400.0
n_south,3.0,150,5,l1,1663,1650.0
n_south,3.0,200,5,l2,223,200.0
n_south,3.0,200,5,l2,438,400.0
n_south,3.0,200,5,l2,638,600.0
n_south,3.0,200,5,l2,1388,1350.0
n_south,3.0,200,5,l1,263,250.0
n_south,3.0,200,5,l1,473,450.0
n_south,3.0,200,5,l1,673,650.0
n_south,3.0,200,5,l1,973,950.0
n_south,3.0,200,5,l1,1388,1350.0
n_south,3.0,200,5,l1,1663,1650.0
n_south,3.25,30,5,l2,258,250.0
n_south,3.25,30,5,l2,448,400.0
n_south,3.25,30,5,l2,623,600.0
n_south,3.25,30,5,l2,1388,1350.0
n_south,3.25,30,5,l1,-112,-150.0
n_south,3.25,30,5,l1,263,250.0
n_south,3.25,30,5,l1,478,450.0
n_south,3.25,30,5,l1,668,650.0
n_south,3.25,30,5,l1,973,950.0
n_south,3.25,30,5,l1,1278,1250.0
n_south,3.25,30,5,l1,1403,1400.0
n_south,3.25,30,5,l1,1663,1650.0
n_south,3.25,40,5,l2,258,250.0
n_south,3.25,40,5,l2,448,400.0
n_south,3.25,40,5,l2,623,600.0
n_south,3.25,40,5,l2,1388,1350.0
n_south,3.25,40,5,l1,-112,-150.0
n_south,3.25,40,5,l1,263,250.0
n_south,3.25,40,5,l1,478,450.0
n_south,3.25,40,5,l1,668,650.0
n_south,3.25,40,5,l1,973,950.0
n_south,3.25,40,5,l1,1278,1250.0
n_south,3.25,40,5,l1,1403,1400.0
n_south,3.25,40,5,l1,1663,1650.0
n_south,3.25,50,5,l2,258,250.0
n_south,3.25,50,5,l2,448,400.0
n_south,3.25,50,5,l2,623,600.0
n_south,3.25,50,5,l2,1388,1350.0
n_south,3.25,50,5,l1,-112,-150.0
n_south,3.25,50,5,l1,263,250.0
n_south,3.25,50,5,l1,478,450.0
n_south,3.25,50,5,l1,668,650.0
n_south,3.25,50,5,l1,973,950.0
n_south,3.25,50,5,l1,1278,1250.0
n_south,3.25,50,5,l1,1403,1400.0
n_south,3.25,50,5,l1,1663,1650.0
n_south,3.25,60,5,l2,258,250.0
n_south,3.25,60,5,l2,448,400.0
n_south,3.25,60,5,l2,623,600.0
n_south,3.25,60,5,l2,1388,1350.0
n_south,3.25,60,5,l1,-112,-150.0
n_south,3.25,60,5,l1,263,250.0
n_south,3.25,60,5,l1,478,450.0
n_south,3.25,60,5,l1,668,650.0
n_south,3.25,60,5,l1,973,950.0
n_south,3.25,60,5,l1,1278,1250.0
n_south,3.25,60,5,l1,1403,1400.0
n_south,3.25,60,5,l1,1663,1650.0
n_south,3.25,80,5,l2,258,250.0
n_south,3.25,80,5,l2,448,400.0
n_south,3.25,80,5,l2,623,600.0
n_south,3.25,80,5,l2,1388,1350.0
n_south,3.25,80,5,l1,-112,-150.0
n_south,3.25,80,5,l1,263,250.0
n_south,3.25,80,5,l1,478,450.0
n_south,3.25,80,5,l1,668,650.0
n_south,3.25,80,5,l1,973,950.0
n_south,3.25,80,5,l1,1278,1250.0
n_south,3.25,80,5,l1,1403,1400.0
n_south,3.25,80,5,l1,1663,1650.0
n_south,3.25,100,5,l2,258,250.0
n_south,3.25,100,5,l2,448,400.0
n_south,3.25,100,5,l2,623,600.0
n_south,3.25,100,5,l2,1388,1350.0
n_south,3.25,100,5,l1,-112,-150.0
n_south,3.25,100,5,l1,263,250.0
n_south,3.25,100,5,l1,478,450.0
n_south,3.25,100,5,l1,668,650.0
n_south,3.25,100,5,l1,973,950.0
n_south,3.25,100,5,l1,1278,1250.0
n_south,3.25,100,5,l1,1403,1400.0
n_south,3.25,100,5,l1,1663,1650.0
n_south,3.25,120,5,l2,258,250.0
n_south,3.25,120,5,l2,448,400.0
n_south,3.25,120,5,l2,623,600.0
n_south,3.25,120,5,l2,1388,1350.0
n_south,3.25,120,5,l1,-102,-150.0
n_south,3.25,120,5,l1,263,250.0
n_south,3.25,120,5,l1,478,450.0
n_south,3.25,120,5,l1,668,650.0
n_south,3.25,120,5,l1,973,950.0
n_south,3.25,120,5,l1,1278,1250.0
n_south,3.25,120,5,l1,1403,1400.0
n_south,3.25,120,5,l1,1663,1650.0
n_south,3.25,150,5,l2,258,250.0
n_south,3.25,150,5,l2,448,400.0
n_south,3.25,150,5,l2,623,600.0
n_south,3.25,150,5,l2,1388,1350.0
n_south,3.25,150,5,l1,-72,-100.0
n_south,3.25,150,5,l1,263,250.0
n_south,3.25,150,5,l1,478,450.0
n_south,3.25,150,5,l1,668,650.0
n_south,3.25,150,5,l1,973,950.0
n_south,3.25,150,5,l1,1273,1250.0
n_south,3.25,150,5,l1,1423,1400.0
n_south,3.25,150,5,l1,1663,1650.0
n_south,3.25,200,5,l2,223,200.0
n_south,3.25,200,5,l2,438,400.0
n_south,3.25,200,5,l2,638,600.0
n_south,3.25,200,5,l2,1388,1350.0
n_south,3.25,200,5,l1,263,250.0
n_south,3.25,200,5,l1,473,450.0
n_south,3.25,200,5,l1,673,650.0
n_south,3.25,200,5,l1,973,950.0
n_south,3.25,200,5,l1,1388,1350.0
n_south,3.25,200,5,l1,1663,1650.0
n_south,3.5,30,5,l2,258,250.0
n_south,3.5,30,5,l2,448,400.0
n_south,3.5,30,5,l2,623,600.0
n_south,3.5,30,5,l2,1388,1350.0
n_south,3.5,30,5,l1,-112,-150.0
n_south,3.5,30,5,l1,263,250.0
n_south,3.5,30,5,l1,478,450.0
n_south,3.5,30,5,l1,668,650.0
n_south,3.5,30,5,l1,973,950.0
n_south,3.5,30,5,l1,1278,1250.0
n_south,3.5,30,5,l1,1403,1400.0
n_south,3.5,30,5,l1,1663,1650.0
n_south,3.5,40,5,l2,258,250.0
n_south,3.5,40,5,l2,448,400.0
n_south,3.5,40,5,l2,623,600.0
n_south,3.5,40,5,l2,1388,1350.0
n_south,3.5,40,5,l1,-112,-150.0
n_south,3.5,40,5,l1,263,250.0
n_south,3.5,40,5,l1,478,450.0
n_south,3.5,40,5,l1,668,650.0
n_south,3.5,40,5,l1,973,950.0
n_south,3.5,40,5,l1,1278,1250.0
n_south,3.5,40,5,l1,1403,1400.0
n_south,3.5,40,5,l1,1663,1650.0
n_south,3.5,50,5,l2,258,250.0
n_south,3.5,50,5,l2,448,400.0
n_south,3.5,50,5,l2,623,600.0
n_south,3.5,50,5,l2,1388,1350.0
n_south,3.5,50,5,l1,-112,-150.0
n_south,3.5,50,5,l1,263,250.0
n_south,3.5,50,5,l1,478,450.0
n_south,3.5,50,5,l1,668,650.0
n_south,3.5,50,5,l1,973,950.0
n_south,3.5,50,5,l1,1278,1250.0
n_south,3.5,50,5,l1,1403,1400.0
n_south,3.5,50,5,l1,1663,1650.0
n_south,3.5,60,5,l2,258,250.0
n_south,3.5,60,5,l2,448,400.0
n_south,3.5,60,5,l2,623,600.0
n_south,3.5,60,5,l2,1388,1350.0
n_south,3.5,60,5,l1,-112,-150.0
n_south,3.5,60,5,l1,263,250.0
n_south,3.5,60,5,l1,478,450.0
n_south,3.5,60,5,l1,668,650.0
n_south,3.5,60,5,l1,973,950.0
n_south,3.5,60,5,l1,1278,1250.0
n_south,3.5,60,5,l1,1403,1400.0
n_south,3.5,60,5,l1,1663,1650.0
n_south,3.5,80,5,l2,258,250.0
n_south,3.5,80,5,l2,448,400.0
n_south,3.5,80,5,l2,623,600.0
n_south,3.5,80,5,l2,1388,1350.0
n_south,3.5,80,5,l1,-112,-150.0
n_south,3.5,80,5,l1,263,250.0
n_south,3.5,80,5,l1,478,450.0
n_south,3.5,80,5,l1,668,650.0
n_south,3.5,80,5,l1,973,950.0
n_south,3.5,80,5,l1,1278,1250.0
n_south,3.5,80,5,l1,1403,1400.0
n_south,3.5,80,5,l1,1663,1650.0
n_south,3.5,100,5,l2,258,250.0
n_south,3.5,100,5,l2,448,400.0
n_south,3.5,100,5,l2,623,600.0
n_south,3.5,100,5,l2,1388,1350.0
n_south,3.5,100,5,l1,-112,-150.0
n_south,3.5,100,5,l1,263,250.0
n_south,3.5,100,5,l1,478,450.0
n_south,3.5,100,5,l1,668,650.0
n_south,3.5,100,5,l1,973,950.0
n_south,3.5,100,5,l1,1278,1250.0
n_south,3.5,100,5,l1,1403,1400.0
n_south,3.5,100,5,l1,1663,1650.0
n_south,3.5,120,5,l2,258,250.0
n_south,3.5,120,5,l2,448,400.0
n_south,3.5,120,5,l2,623,600.0
n_south,3.5,120,5,l2,1388,1350.0
n_south,3.5,120,5,l1,-102,-150.0
n_south,3.5,120,5,l1,263,250.0
n_south,3.5,120,5,l1,478,450.0
n_south,3.5,120,5,l1,668,650.0
n_south,3.5,120,5,l1,973,950.0
n_south,3.5,120,5,l1,1278,1250.0
n_south,3.5,120,5,l1,1403,1400.0
n_south,3.5,120,5,l1,1663,1650.0
n_south,3.5,150,5,l2,258,250.0
n_south,3.5,150,5,l2,448,400.0
n_south,3.5,150,5,l2,623,600.0
n_south,3.5,150,5,l2,1388,1350.0
n_south,3.5,150,5,l1,263,250.0
n_south,3.5,150,5,l1,478,450.0
n_south,3.5,150,5,l1,668,650.0
n_south,3.5,150,5,l1,973,950.0
n_south,3.5,150,5,l1,1273,1250.0
n_south,3.5,150,5,l1,1423,1400.0
n_south,3.5,150,5,l1,1663,1650.0
n_south,3.5,200,5,l2,278,250.0
n_south,3.5,200,5,l2,618,600.0
n_south,3.5,200,5,l2,1388,1350.0
n_south,3.5,200,5,l1,263,250.0
n_south,3.5,200,5,l1,473,450.0
n_south,3.5,200,5,l1,673,650.0
n_south,3.5,200,5,l1,973,950.0
n_south,3.5,200,5,l1,1388,1350.0
n_south,3.5,200,5,l1,1663,1650.0
n_south,3.75,30,5,l2,278,250.0
n_south,3.75,30,5,l2,618,600.0
n_south,3.75,30,5,l2,1388,1350.0
n_south,3.75,30,5,l1,-112,-150.0
n_south,3.75,30,5,l1,263,250.0
n_south,3.75,30,5,l1,478,450.0
n_south,3.75,30,5,l1,668,650.0
n_south,3.75,30,5,l1,973,950.0
n_south,3.75,30,5,l1,1278,1250.0
n_south,3.75,30,5,l1,1403,1400.0
n_south,3.75,30,5,l1,1663,1650.0
n_south,3.75,40,5,l2,278,250.0
n_south,3.75,40,5,l2,618,600.0
n_south,3.75,40,5,l2,1388,1350.0
n_south,3.75,40,5,l1,-112,-150.0
n_south,3.75,40,5,l1,263,250.0
n_south,3.75,40,5,l1,478,450.0
n_south,3.75,40,5,l1,668,650.0
n_south,3.75,40,5,l1,973,950.0
n_south,3.75,40,5,l1,1278,1250.0
n_south,3.75,40,5,l1,1403,1400.0
n_south,3.75,40,5,l1,1663,1650.0
n_south,3.75,50,5,l2,278,250.0
n_south,3.75,50,5,l2,618,600.0
n_south,3.75,50,5,l2,1388,1350.0
n_south,3.75,50,5,l1,-112,-150.0
n_south,3.75,50,5,l1,263,250.0
n_south,3.75,50,5,l1,478,450.0
n_south,3.75,50,5,l1,668,650.0
n_south,3.75,50,5,l1,973,950.0
n_south,3.75,50,5,l1,1278,1250.0
n_south,3.75,50,5,l1,1403,1400.0
n_south,3.75,50,5,l1,1663,1650.0
n_south,3.75,60,5,l2,278,250.0
n_south,3.75,60,5,l2,618,600.0
n_south,3.75,60,5,l2,1388,1350.0
n_south,3.75,60,5,l1,-112,-150.0
n_south,3.75,60,5,l1,263,250.0
n_south,3.75,60,5,l1,478,450.0
n_south,3.75,60,5,l1,668,650.0
n_south,3.75,60,5,l1,973,950.0
n_south,3.75,60,5,l1,1278,1250.0
n_south,3.75,60,5,l1,1403,1400.0
n_south,3.75,60,5,l1,1663,1650.0
n_south,3.75,80,5,l2,278,250.0
n_south,3.75,80,5,l2,618,600.0
n_south,3.75,80,5,l2,1388,1350.0
n_south,3.75,80,5,l1,-112,-150.0
n_south,3.75,80,5,l1,263,250.0
n_south,3.75,80,5,l1,478,450.0
n_south,3.75,80,5,l1,668,650.0
n_south,3.75,80,5,l1,973,950.0
n_south,3.75,80,5,l1,1278,1250.0
n_south,3.75,80,5,l1,1403,1400.0
n_south,3.75,80,5,l1,1663,1650.0
n_south,3.75,100,5,l2,278,250.0
n_south,3.75,100,5,l2,618,600.0
n_south,3.75,100,5,l2,1388,1350.0
n_south,3.75,100,5,l1,-112,-150.0
n_south,3.75,100,5,l1,263,250.0
n_south,3.75,100,5,l1,478,450.0
n_south,3.75,100,5,l1,668,650.0
n_south,3.75,100,5,l1,973,950.0
n_south,3.75,100,5,l1,1278,1250.0
n_south,3.75,100,5,l1,1403,1400.0
n_south,3.75,100,5,l1,1663,1650.0
n_south,3.75,120,5,l2,278,250.0
n_south,3.75,120,5,l2,618,600.0
n_south,3.75,120,5,l2,1388,1350.0
n_south,3.75,120,5,l1,-102,-150.0
n_south,3.75,120,5,l1,263,250.0
n_south,3.75,120,5,l1,478,450.0
n_south,3.75,120,5,l1,668,650.0
n_south,3.75,120,5,l1,973,950.0
n_south,3.75,120,5,l1,1278,1250.0
n_south,3.75,120,5,l1,1403,1400.0
n_south,3.75,120,5,l1,1663,1650.0
n_south,3.75,150,5,l2,278,250.0
n_south,3.75,150,5,l2,618,600.0
n_south,3.75,150,5,l2,1388,1350.0
n_south,3.75,150,5,l1,263,250.0
n_south,3.75,150,5,l1,478,450.0
n_south,3.75,150,5,l1,668,650.0
n_south,3.75,150,5,l1,973,950.0
n_south,3.75,150,5,l1,1273,1250.0
n_south,3.75,150,5,l1,1423,1400.0
n_south,3.75,150,5,l1,1663,1650.0
n_south,3.75,200,5,l2,278,250.0
n_south,3.75,200,5,l2,618,600.0
n_south,3.75,200,5,l2,1388,1350.0
n_south,3.75,200,5,l1,263,250.0
n_south,3.75,200,5,l1,473,450.0
n_south,3.75,200,5,l1,673,650.0
n_south,3.75,200,5,l1,973,950.0
n_south,3.75,200,5,l1,1388,1350.0
n_south,3.75,200,5,l1,1663,1650.0
n_south,4.0,30,5,l2,278,250.0
n_south,4.0,30,5,l2,618,600.0
n_south,4.0,30,5,l2,1388,1350.0
n_south,4.0,30,5,l1,-112,-150.0
n_south,4.0,30,5,l1,263,250.0
n_south,4.0,30,5,l1,478,450.0
n_south,4.0,30,5,l1,668,650.0
n_south,4.0,30,5,l1,973,950.0
n_south,4.0,30,5,l1,1278,1250.0
n_south,4.0,30,5,l1,1403,1400.0
n_south,4.0,30,5,l1,1663,1650.0
n_south,4.0,40,5,l2,278,250.0
n_south,4.0,40,5,l2,618,600.0
n_south,4.0,40,5,l2,1388,1350.0
n_south,4.0,40,5,l1,-112,-150.0
n_south,4.0,40,5,l1,263,250.0
n_south,4.0,40,5,l1,478,450.0
n_south,4.0,40,5,l1,668,650.0
n_south,4.0,40,5,l1,973,950.0
n_south,4.0,40,5,l1,1278,1250.0
n_south,4.0,40,5,l1,1403,1400.0
n_south,4.0,40,5,l1,1663,1650.0
n_south,4.0,50,5,l2,278,250.0
n_south,4.0,50,5,l2,618,600.0
n_south,4.0,50,5,l2,1388,1350.0
n_south,4.0,50,5,l1,-112,-150.0
n_south,4.0,50,5,l1,263,250.0
n_south,4.0,50,5,l1,478,450.0
n_south,4.0,50,5,l1,668,650.0
n_south,4.0,50,5,l1,973,950.0
n_south,4.0,50,5,l1,1278,1250.0
n_south,4.0,50,5,l1,1403,1400.0
n_south,4.0,50,5,l1,1663,1650.0
n_south,4.0,60,5,l2,278,250.0
n_south,4.0,60,5,l2,618,600.0
n_south,4.0,60,5,l2,1388,1350.0
n_south,4.0,60,5,l1,-112,-150.0
n_south,4.0,60,5,l1,263,250.0
n_south,4.0,60,5,l1,478,450.0
n_south,4.0,60,5,l1,668,650.0
n_south,4.0,60,5,l1,973,950.0
n_south,4.0,60,5,l1,1278,1250.0
n_south,4.0,60,5,l1,1403,1400.0
n_south,4.0,60,5,l1,1663,1650.0
n_south,4.0,80,5,l2,278,250.0
n_south,4.0,80,5,l2,618,600.0
n_south,4.0,80,5,l2,1388,1350.0
n_south,4.0,80,5,l1,-112,-150.0
n_south,4.0,80,5,l1,263,250.0
n_south,4.0,80,5,l1,478,450.0
n_south,4.0,80,5,l1,668,650.0
n_south,4.0,80,5,l1,973,950.0
n_south,4.0,80,5,l1,1278,1250.0
n_south,4.0,80,5,l1,1403,1400.0
n_south,4.0,80,5,l1,1663,1650.0
n_south,4.0,100,5,l2,278,250.0
n_south,4.0,100,5,l2,618,600.0
n_south,4.0,100,5,l2,1388,1350.0
n_south,4.0,100,5,l1,-112,-150.0
n_south,4.0,100,5,l1,263,250.0
n_south,4.0,100,5,l1,478,450.0
n_south,4.0,100,5,l1,668,650.0
n_south,4.0,100,5,l1,973,950.0
n_south,4.0,100,5,l1,1278,1250.0
n_south,4.0,100,5,l1,1403,1400.0
n_south,4.0,100,5,l1,1663,1650.0
n_south,4.0,120,5,l2,278,250.0
n_south,4.0,120,5,l2,618,600.0
n_south,4.0,120,5,l2,1388,1350.0
n_south,4.0,120,5,l1,-102,-150.0
n_south,4.0,120,5,l1,263,250.0
n_south,4.0,120,5,l1,478,450.0
n_south,4.0,120,5,l1,668,650.0
n_south,4.0,120,5,l1,973,950.0
n_south,4.0,120,5,l1,1278,1250.0
n_south,4.0,120,5,l1,1403,1400.0
n_south,4.0,120,5,l1,1663,1650.0
n_south,4.0,150,5,l2,278,250.0
n_south,4.0,150,5,l2,618,600.0
n_south,4.0,150,5,l2,1388,1350.0
n_south,4.0,150,5,l1,263,250.0
n_south,4.0,150,5,l1,478,450.0
n_south,4.0,150,5,l1,668,650.0
n_south,4.0,150,5,l1,973,950.0
n_south,4.0,150,5,l1,1388,1350.0
n_south,4.0,150,5,l1,1663,1650.0
n_south,4.0,200,5,l2,278,250.0
n_south,4.0,200,5,l2,618,600.0
n_south,4.0,200,5,l2,1388,1350.0
n_south,4.0,200,5,l1,263,250.0
n_south,4.0,200,5,l1,473,450.0
n_south,4.0,200,5,l1,673,650.0
n_south,4.0,200,5,l1,973,950.0
n_south,4.0,200,5,l1,1388,1350.0
n_south,4.0,200,5,l1,1663,1650.0
n_south,4.25,30,5,l2,278,250.0
n_south,4.25,30,5,l2,618,600.0
n_south,4.25,30,5,l2,1388,1350.0
n_south,4.25,30,5,l1,-112,-150.0
n_south,4.25,30,5,l1,263,250.0
n_south,4.25,30,5,l1,478,450.0
n_south,4.25,30,5,l1,668,650.0
n_south,4.25,30,5,l1,973,950.0
n_south,4.25,30,5,l1,1278,1250.0
n_south,4.25,30,5,l1,1403,1400.0
n_south,4.25,30,5,l1,1663,1650.0
n_south,4.25,40,5,l2,278,250.0
n_south,4.25,40,5,l2,618,600.0
n_south,4.25,40,5,l2,1388,1350.0
n_south,4.25,40,5,l1,-112,-150.0
n_south,4.25,40,5,l1,263,250.0
n_south,4.25,40,5,l1,478,450.0
n_south,4.25,40,5,l1,668,650.0
n_south,4.25,40,5,l1,973,950.0
n_south,4.25,40,5,l1,1278,1250.0
n_south,4.25,40,5,l1,1403,1400.0
n_south,4.25,40,5,l1,1663,1650.0
n_south,4.25,50,5,l2,278,250.0
n_south,4.25,50,5,l2,618,600.0
n_south,4.25,50,5,l2,1388,1350.0
n_south,4.25,50,5,l1,-112,-150.0
n_south,4.25,50,5,l1,263,250.0
n_south,4.25,50,5,l1,478,450.0
n_south,4.25,50,5,l1,668,650.0
n_south,4.25,50,5,l1,973,950.0
n_south,4.25,50,5,l1,1278,1250.0
n_south,4.25,50,5,l1,1403,1400.0
n_south,4.25,50,5,l1,1663,1650.0
n_south,4.25,60,5,l2,278,250.0
n_south,4.25,60,5,l2,618,600.0
n_south,4.25,60,5,l2,1388,1350.0
n_south,4.25,60,5,l1,-112,-150.0
n_south,4.25,60,5,l1,263,250.0
n_south,4.25,60,5,l1,478,450.0
n_south,4.25,60,5,l1,668,650.0
n_south,4.25,60,5,l1,973,950.0
n_south,4.25,60,5,l1,1278,1250.0
n_south,4.25,60,5,l1,1403,1400.0
n_south,4.25,60,5,l1,1663,1650.0
n_south,4.25,80,5,l2,278,250.0
n_south,4.25,80,5,l2,618,600.0
n_south,4.25,80,5,l2,1388,1350.0
n_south,4.25,80,5,l1,-112,-150.0
n_south,4.25,80,5,l1,263,250.0
n_south,4.25,80,5,l1,478,450.0
n_south,4.25,80,5,l1,668,650.0
n_south,4.25,80,5,l1,973,950.0
n_south,4.25,80,5,l1,1278,1250.0
n_south,4.25,80,5,l1,1403,1400.0
n_south,4.25,80,5,l1,1663,1650.0
n_south,4.25,100,5,l2,278,250.0
n_south,4.25,100,5,l2,618,600.0
n_south,4.25,100,5,l2,1388,1350.0
n_south,4.25,100,5,l1,-112,-150.0
n_south,4.25,100,5,l1,263,250.0
n_south,4.25,100,5,l1,478,450.0
n_south,4.25,100,5,l1,668,650.0
n_south,4.25,100,5,l1,973,950.0
n_south,4.25,100,5,l1,1278,1250.0
n_south,4.25,100,5,l1,1403,1400.0
n_south,4.25,100,5,l1,1663,1650.0
n_south,4.25,120,5,l2,278,250.0
n_south,4.25,120,5,l2,618,600.0
n_south,4.25,120,5,l2,1388,1350.0
n_south,4.25,120,5,l1,-102,-150.0
n_south,4.25,120,5,l1,263,250.0
n_south,4.25,120,5,l1,478,450.0
n_south,4.25,120,5,l1,668,650.0
n_south,4.25,120,5,l1,973,950.0
n_south,4.25,120,5,l1,1278,1250.0
n_south,4.25,120,5,l1,1403,1400.0
n_south,4.25,120,5,l1,1663,1650.0
n_south,4.25,150,5,l2,278,250.0
n_south,4.25,150,5,l2,618,600.0
n_south,4.25,150,5,l2,1388,1350.0
n_south,4.25,150,5,l1,263,250.0
n_south,4.25,150,5,l1,478,450.0
n_south,4.25,150,5,l1,668,650.0
n_south,4.25,150,5,l1,973,950.0
n_south,4.25,150,5,l1,1388,1350.0
n_south,4.25,150,5,l1,1663,1650.0
n_south,4.25,200,5,l2,278,250.0
n_south,4.25,200,5,l2,618,600.0
n_south,4.25,200,5,l2,1388,1350.0
n_south,4.25,200,5,l1,263,250.0
n_south,4.25,200,5,l1,473,450.0
n_south,4.25,200,5,l1,673,650.0
n_south,4.25,200,5,l1,973,950.0
n_south,4.25,200,5,l1,1388,1350.0
n_south,4.25,200,5,l1,1663,1650.0
n_south,4.5,30,5,l2,278,250.0
n_south,4.5,30,5,l2,618,600.0
n_south,4.5,30,5,l2,1388,1350.0
n_south,4.5,30,5,l1,-112,-150.0
n_south,4.5,30,5,l1,263,250.0
n_south,4.5,30,5,l1,478,450.0
n_south,4.5,30,5,l1,668,650.0
n_south,4.5,30,5,l1,973,950.0
n_south,4.5,30,5,l1,1388,1350.0
n_south,4.5,30,5,l1,1663,1650.0
n_south,4.5,40,5,l2,278,250.0
n_south,4.5,40,5,l2,618,600.0
n_south,4.5,40,5,l2,1388,1350.0
n_south,4.5,40,5,l1,-112,-150.0
n_south,4.5,40,5,l1,263,250.0
n_south,4.5,40,5,l1,478,450.0
n_south,4.5,40,5,l1,668,650.0
n_south,4.5,40,5,l1,973,950.0
n_south,4.5,40,5,l1,1388,1350.0
n_south,4.5,40,5,l1,1663,1650.0
n_south,4.5,50,5,l2,278,250.0
n_south,4.5,50,5,l2,618,600.0
n_south,4.5,50,5,l2,1388,1350.0
n_south,4.5,50,5,l1,-112,-150.0
n_south,4.5,50,5,l1,263,250.0
n_south,4.5,50,5,l1,478,450.0
n_south,4.5,50,5,l1,668,650.0
n_south,4.5,50,5,l1,973,950.0
n_south,4.5,50,5,l1,1388,1350.0
n_south,4.5,50,5,l1,1663,1650.0
n_south,4.5,60,5,l2,278,250.0
n_south,4.5,60,5,l2,618,600.0
n_south,4.5,60,5,l2,1388,1350.0
n_south,4.5,60,5,l1,-112,-150.0
n_south,4.5,60,5,l1,263,250.0
n_south,4.5,60,5,l1,478,450.0
n_south,4.5,60,5,l1,668,650.0
n_south,4.5,60,5,l1,973,950.0
n_south,4.5,60,5,l1,1388,1350.0
n_south,4.5,60,5,l1,1663,1650.0
n_south,4.5,80,5,l2,278,250.0
n_south,4.5,80,5,l2,618,600.0
n_south,4.5,80,5,l2,1388,1350.0
n_south,4.5,80,5,l1,-112,-150.0
n_south,4.5,80,5,l1,263,250.0
n_south,4.5,80,5,l1,478,450.0
n_south,4.5,80,5,l1,668,650.0
n_south,4.5,80,5,l1,973,950.0
n_south,4.5,80,5,l1,1388,1350.0
n_south,4.5,80,5,l1,1663,1650.0
n_south,4.5,100,5,l2,278,250.0
n_south,4.5,100,5,l2,618,600.0
n_south,4.5,100,5,l2,1388,1350.0
n_south,4.5,100,5,l1,-112,-150.0
n_south,4.5,100,5,l1,263,250.0
n_south,4.5,100,5,l1,478,450.0
n_south,4.5,100,5,l1,668,650.0
n_south,4.5,100,5,l1,973,950.0
n_south,4.5,100,5,l1,1388,1350.0
n_south,4.5,100,5,l1,1663,1650.0
n_south,4.5,120,5,l2,278,250.0
n_south,4.5,120,5,l2,618,600.0
n_south,4.5,120,5,l2,1388,1350.0
n_south,4.5,120,5,l1,-102,-150.0
n_south,4.5,120,5,l1,263,250.0
n_south,4.5,120,5,l1,478,450.0
n_south,4.5,120,5,l1,668,650.0
n_south,4.5,120,5,l1,973,950.0
n_south,4.5,120,5,l1,1388,1350.0
n_south,4.5,120,5,l1,1663,1650.0
n_south,4.5,150,5,l2,278,250.0
n_south,4.5,150,5,l2,618,600.0
n_south,4.5,150,5,l2,1388,1350.0
n_south,4.5,150,5,l1,263,250.0
n_south,4.5,150,5,l1,478,450.0
n_south,4.5,150,5,l1,668,650.0
n_south,4.5,150,5,l1,973,950.0
n_south,4.5,150,5,l1,1388,1350.0
n_south,4.5,150,5,l1,1663,1650.0
n_south,4.5,200,5,l2,278,250.0
n_south,4.5,200,5,l2,618,600.0
n_south,4.5,200,5,l2,1388,1350.0
n_south,4.5,200,5,l1,263,250.0
n_south,4.5,200,5,l1,473,450.0
n_south,4.5,200,5,l1,673,650.0
n_south,4.5,200,5,l1,973,950.0
n_south,4.5,200,5,l1,1388,1350.0
n_south,4.5,200,5,l1,1663,1650.0
n_south,4.75,30,5,l2,278,250.0
n_south,4.75,30,5,l2,618,600.0
n_south,4.75,30,5,l2,1388,1350.0
n_south,4.75,30,5,l1,-112,-150.0
n_south,4.75,30,5,l1,263,250.0
n_south,4.75,30,5,l1,478,450.0
n_south,4.75,30,5,l1,668,650.0
n_south,4.75,30,5,l1,973,950.0
n_south,4.75,30,5,l1,1388,1350.0
n_south,4.75,30,5,l1,1663,1650.0
n_south,4.75,40,5,l2,278,250.0
n_south,4.75,40,5,l2,618,600.0
n_south,4.75,40,5,l2,1388,1350.0
n_south,4.75,40,5,l1,-112,-150.0
n_south,4.75,40,5,l1,263,250.0
n_south,4.75,40,5,l1,478,450.0
n_south,4.75,40,5,l1,668,650.0
n_south,4.75,40,5,l1,973,950.0
n_south,4.75,40,5,l1,1388,1350.0
n_south,4.75,40,5,l1,1663,1650.0
n_south,4.75,50,5,l2,278,250.0
n_south,4.75,50,5,l2,618,600.0
n_south,4.75,50,5,l2,1388,1350.0
n_south,4.75,50,5,l1,-112,-150.0
n_south,4.75,50,5,l1,263,250.0
n_south,4.75,50,5,l1,478,450.0
n_south,4.75,50,5,l1,668,650.0
n_south,4.75,50,5,l1,973,950.0
n_south,4.75,50,5,l1,1388,1350.0
n_south,4.75,50,5,l1,1663,1650.0
n_south,4.75,60,5,l2,278,250.0
n_south,4.75,60,5,l2,618,600.0
n_south,4.75,60,5,l2,1388,1350.0
n_south,4.75,60,5,l1,-112,-150.0
n_south,4.75,60,5,l1,263,250.0
n_south,4.75,60,5,l1,478,450.0
n_south,4.75,60,5,l1,668,650.0
n_south,4.75,60,5,l1,973,950.0
n_south,4.75,60,5,l1,1388,1350.0
n_south,4.75,60,5,l1,1663,1650.0
n_south,4.75,80,5,l2,278,250.0
n_south,4.75,80,5,l2,618,600.0
n_south,4.75,80,5,l2,1388,1350.0
n_south,4.75,80,5,l1,-112,-150.0
n_south,4.75,80,5,l1,263,250.0
n_south,4.75,80,5,l1,478,450.0
n_south,4.75,80,5,l1,668,650.0
n_south,4.75,80,5,l1,973,950.0
n_south,4.75,80,5,l1,1388,1350.0
n_south,4.75,80,5,l1,1663,1650.0
n_south,4.75,100,5,l2,278,250.0
n_south,4.75,100,5,l2,618,600.0
n_south,4.75,100,5,l2,1388,1350.0
n_south,4.75,100,5,l1,-112,-150.0
n_south,4.75,100,5,l1,263,250.0
n_south,4.75,100,5,l1,478,450.0
n_south,4.75,100,5,l1,668,650.0
n_south,4.75,100,5,l1,973,950.0
n_south,4.75,100,5,l1,1388,1350.0
n_south,4.75,100,5,l1,1663,1650.0
n_south,4.75,120,5,l2,278,250.0
n_south,4.75,120,5,l2,618,600.0
n_south,4.75,120,5,l2,1388,1350.0
n_south,4.75,120,5,l1,-102,-150.0
n_south,4.75,120,5,l1,263,250.0
n_south,4.75,120,5,l1,478,450.0
n_south,4.75,120,5,l1,668,650.0
n_south,4.75,120,5,l1,973,950.0
n_south,4.75,120,5,l1,1388,1350.0
n_south,4.75,120,5,l1,1663,1650.0
n_south,4.75,150,5,l2,278,250.0
n_south,4.75,150,5,l2,618,600.0
n_south,4.75,150,5,l2,1388,1350.0
n_south,4.75,150,5,l1,263,250.0
n_south,4.75,150,5,l1,478,450.0
n_south,4.75,150,5,l1,668,650.0
n_south,4.75,150,5,l1,973,950.0
n_south,4.75,150,5,l1,1388,1350.0
n_south,4.75,150,5,l1,1663,1650.0
n_south,4.75,200,5,l2,278,250.0
n_south,4.75,200,5,l2,618,600.0
n_south,4.75,200,5,l2,1388,1350.0
n_south,4.75,200,5,l1,263,250.0
n_south,4.75,200,5,l1,473,450.0
n_south,4.75,200,5,l1,673,650.0
n_south,4.75,200,5,l1,973,950.0
n_south,4.75,200,5,l1,1388,1350.0
n_south,4.75,200,5,l1,1663,1650.0
n_south,5.0,30,5,l2,278,250.0
n_south,5.0,30,5,l2,618,600.0
n_south,5.0,30,5,l2,1388,1350.0
n_south,5.0,30,5,l1,-112,-150.0
n_south,5.0,30,5,l1,263,250.0
n_south,5.0,30,5,l1,478,450.0
n_south,5.0,30,5,l1,668,650.0
n_south,5.0,30,5,l1,973,950.0
n_south,5.0,30,5,l1,1388,1350.0
n_south,5.0,30,5,l1,1663,1650.0
n_south,5.0,40,5,l2,278,250.0
n_south,5.0,40,5,l2,618,600.0
n_south,5.0,40,5,l2,1388,1350.0
n_south,5.0,40,5,l1,-112,-150.0
n_south,5.0,40,5,l1,263,250.0
n_south,5.0,40,5,l1,478,450.0
n_south,5.0,40,5,l1,668,650.0
n_south,5.0,40,5,l1,973,950.0
n_south,5.0,40,5,l1,1388,1350.0
n_south,5.0,40,5,l1,1663,1650.0
n_south,5.0,50,5,l2,278,250.0
n_south,5.0,50,5,l2,618,600.0
n_south,5.0,50,5,l2,1388,1350.0
n_south,5.0,50,5,l1,-112,-150.0
n_south,5.0,50,5,l1,263,250.0
n_south,5.0,50,5,l1,478,450.0
n_south,5.0,50,5,l1,668,650.0
n_south,5.0,50,5,l1,973,950.0
n_south,5.0,50,5,l1,1388,1350.0
n_south,5.0,50,5,l1,1663,1650.0
n_south,5.0,60,5,l2,278,250.0
n_south,5.0,60,5,l2,618,600.0
n_south,5.0,60,5,l2,1388,1350.0
n_south,5.0,60,5,l1,-112,-150.0
n_south,5.0,60,5,l1,263,250.0
n_south,5.0,60,5,l1,478,450.0
n_south,5.0,60,5,l1,668,650.0
n_south,5.0,60,5,l1,973,950.0
n_south,5.0,60,5,l1,1388,1350.0
n_south,5.0,60,5,l1,1663,1650.0
n_south,5.0,80,5,l2,278,250.0
n_south,5.0,80,5,l2,618,600.0
n_south,5.0,80,5,l2,1388,1350.0
n_south,5.0,80,5,l1,-112,-150.0
n_south,5.0,80,5,l1,263,250.0
n_south,5.0,80,5,l1,478,450.0
n_south,5.0,80,5,l1,668,650.0
n_south,5.0,80,5,l1,973,950.0
n_south,5.0,80,5,l1,1388,1350.0
n_south,5.0,80,5,l1,1663,1650.0
n_south,5.0,100,5,l2,278,250.0
n_south,5.0,100,5,l2,618,600.0
n_south,5.0,100,5,l2,1388,1350.0
n_south,5.0,100,5,l1,-112,-150.0
n_south,5.0,100,5,l1,263,250.0
n_south,5.0,100,5,l1,478,450.0
n_south,5.0,100,5,l1,668,650.0
n_south,5.0,100,5,l1,973,950.0
n_south,5.0,100,5,l1,1388,1350.0
n_south,5.0,100,5,l1,1663,1650.0
n_south,5.0,120,5,l2,278,250.0
n_south,5.0,120,5,l2,618,600.0
n_south,5.0,120,5,l2,1388,1350.0
n_south,5.0,120,5,l1,263,250.0
n_south,5.0,120,5,l1,478,450.0
n_south,5.0,120,5,l1,668,650.0
n_south,5.0,120,5,l1,973,950.0
n_south,5.0,120,5,l1,1388,1350.0
n_south,5.0,120,5,l1,1663,1650.0
n_south,5.0,150,5,l2,278,250.0
n_south,5.0,150,5,l2,618,600.0
n_south,5.0,150,5,l2,1388,1350.0
n_south,5.0,150,5,l1,263,250.0
n_south,5.0,150,5,l1,478,450.0
n_south,5.0,150,5,l1,668,650.0
n_south,5.0,150,5,l1,973,950.0
n_south,5.0,150,5,l1,1388,1350.0
n_south,5.0,150,5,l1,1663,1650.0
n_south,5.0,200,5,l2,278,250.0
n_south,5.0,200,5,l2,618,600.0
n_south,5.0,200,5,l2,1388,1350.0
n_south,5.0,200,5,l1,263,250.0
n_south,5.0,200,5,l1,473,450.0
n_south,5.0,200,5,l1,673,650.0
n_south,5.0,200,5,l1,973,950.0
n_south,5.0,200,5,l1,1388,1350.0
n_south,5.0,200,5,l1,1663,1650.0
n_south,6.0,30,5,l2,278,250.0
n_south,6.0,30,5,l2,618,600.0
n_south,6.0,30,5,l2,1388,1350.0
n_south,6.0,30,5,l1,263,250.0
n_south,6.0,30,5,l1,478,450.0
n_south,6.0,30,5,l1,668,650.0
n_south,6.0,30,5,l1,973,950.0
n_south,6.0,30,5,l1,1388,1350.0
n_south,6.0,40,5,l2,278,250.0
n_south,6.0,40,5,l2,618,600.0
n_south,6.0,40,5,l2,1388,1350.0
n_south,6.0,40,5,l1,263,250.0
n_south,6.0,40,5,l1,478,450.0
n_south,6.0,40,5,l1,668,650.0
n_south,6.0,40,5,l1,973,950.0
n_south,6.0,40,5,l1,1388,1350.0
n_south,6.0,50,5,l2,278,250.0
n_south,6.0,50,5,l2,618,600.0
n_south,6.0,50,5,l2,1388,1350.0
n_south,6.0,50,5,l1,263,250.0
n_south,6.0,50,5,l1,478,450.0
n_south,6.0,50,5,l1,668,650.0
n_south,6.0,50,5,l1,973,950.0
n_south,6.0,50,5,l1,1388,1350.0
n_south,6.0,60,5,l2,278,250.0
n_south,6.0,60,5,l2,618,600.0
n_south,6.0,60,5,l2,1388,1350.0
n_south,6.0,60,5,l1,263,250.0
n_south,6.0,60,5,l1,478,450.0
n_south,6.0,60,5,l1,668,650.0
n_south,6.0,60,5,l1,973,950.0
n_south,6.0,60,5,l1,1388,1350.0
n_south,6.0,80,5,l2,278,250.0
n_south,6.0,80,5,l2,618,600.0
n_south,6.0,80,5,l2,1388,1350.0
n_south,6.0,80,5,l1,263,250.0
n_south,6.0,80,5,l1,478,450.0
n_south,6.0,80,5,l1,668,650.0
n_south,6.0,80,5,l1,973,950.0
n_south,6.0,80,5,l1,1388,1350.0
n_south,6.0,100,5,l2,278,250.0
n_south,6.0,100,5,l2,618,600.0
n_south,6.0,100,5,l2,1388,1350.0
n_south,6.0,100,5,l1,263,250.0
n_south,6.0,100,5,l1,478,450.0
n_south,6.0,100,5,l1,668,650.0
n_south,6.0,100,5,l1,973,950.0
n_south,6.0,100,5,l1,1388,1350.0
n_south,6.0,120,5,l2,278,250.0
n_south,6.0,120,5,l2,618,600.0
n_south,6.0,120,5,l2,1388,1350.0
n_south,6.0,120,5,l1,263,250.0
n_south,6.0,120,5,l1,478,450.0
n_south,6.0,120,5,l1,668,650.0
n_south,6.0,120,5,l1,973,950.0
n_south,6.0,120,5,l1,1388,1350.0
n_south,6.0,150,5,l2,278,250.0
n_south,6.0,150,5,l2,618,600.0
n_south,6.0,150,5,l2,1388,1350.0
n_south,6.0,150,5,l1,263,250.0
n_south,6.0,150,5,l1,478,450.0
n_south,6.0,150,5,l1,668,650.0
n_south,6.0,150,5,l1,973,950.0
n_south,6.0,150,5,l1,1388,1350.0
n_south,6.0,200,5,l2,278,250.0
n_south,6.0,200,5,l2,618,600.0
n_south,6.0,200,5,l2,1388,1350.0
n_south,6.0,200,5,l1,263,250.0
n_south,6.0,200,5,l1,473,450.0
n_south,6.0,200,5,l1,673,650.0
n_south,6.0,200,5,l1,973,950.0
n_south,6.0,200,5,l1,1388,1350.0
n_south,7.0,30,5,l2,278,250.0
n_south,7.0,30,5,l2,618,600.0
n_south,7.0,30,5,l2,1388,1350.0
n_south,7.0,30,5,l1,263,250.0
n_south,7.0,30,5,l1,498,450.0
n_south,7.0,30,5,l1,1388,1350.0
n_south,7.0,40,5,l2,278,250.0
n_south,7.0,40,5,l2,618,600.0
n_south,7.0,40,5,l2,1388,1350.0
n_south,7.0,40,5,l1,263,250.0
n_south,7.0,40,5,l1,498,450.0
n_south,7.0,40,5,l1,1388,1350.0
n_south,7.0,50,5,l2,278,250.0
n_south,7.0,50,5,l2,618,600.0
n_south,7.0,50,5,l2,1388,1350.0
n_south,7.0,50,5,l1,263,250.0
n_south,7.0,50,5,l1,498,450.0
n_south,7.0,50,5,l1,1388,1350.0
n_south,7.0,60,5,l2,278,250.0
n_south,7.0,60,5,l2,618,600.0
n_south,7.0,60,5,l2,1388,1350.0
n_south,7.0,60,5,l1,263,250.0
n_south,7.0,60,5,l1,498,450.0
n_south,7.0,60,5,l1,1388,1350.0
n_south,7.0,80,5,l2,278,250.0
n_south,7.0,80,5,l2,618,600.0
n_south,7.0,80,5,l2,1388,1350.0
n_south,7.0,80,5,l1,263,250.0
n_south,7.0,80,5,l1,498,450.0
n_south,7.0,80,5,l1,1388,1350.0
n_south,7.0,100,5,l2,278,250.0
n_south,7.0,100,5,l2,618,600.0
n_south,7.0,100,5,l2,1388,1350.0
n_south,7.0,100,5,l1,263,250.0
n_south,7.0,100,5,l1,498,450.0
n_south,7.0,100,5,l1,1388,1350.0
n_south,7.0,120,5,l2,278,250.0
n_south,7.0,120,5,l2,618,600.0
n_south,7.0,120,5,l2,1388,1350.0
n_south,7.0,120,5,l1,263,250.0
n_south,7.0,120,5,l1,498,450.0
n_south,7.0,120,5,l1,1388,1350.0
n_south,7.0,150,5,l2,278,250.0
n_south,7.0,150,5,l2,618,600.0
n_south,7.0,150,5,l2,1388,1350.0
n_south,7.0,150,5,l1,263,250.0
n_south,7.0,150,5,l1,498,450.0
n_south,7.0,150,5,l1,1388,1350.0
n_south,7.0,200,5,l2,278,250.0
n_south,7.0,200,5,l2,618,600.0
n_south,7.0,200,5,l2,1388,1350.0
n_south,7.0,200,5,l1,263,250.0
n_south,7.0,200,5,l1,498,450.0
n_south,7.0,200,5,l1,1388,1350.0
n_south,8.0,30,5,l2,278,250.0
n_south,8.0,30,5,l2,618,600.0
n_south,8.0,30,5,l2,1388,1350.0
n_south,8.0,30,5,l1,263,250.0
n_south,8.0,30,5,l1,498,450.0
n_south,8.0,30,5,l1,1388,1350.0
n_south,8.0,40,5,l2,278,250.0
n_south,8.0,40,5,l2,618,600.0
n_south,8.0,40,5,l2,1388,1350.0
n_south,8.0,40,5,l1,263,250.0
n_south,8.0,40,5,l1,498,450.0
n_south,8.0,40,5,l1,1388,1350.0
n_south,8.0,50,5,l2,278,250.0
n_south,8.0,50,5,l2,618,600.0
n_south,8.0,50,5,l2,1388,1350.0
n_south,8.0,50,5,l1,263,250.0
n_south,8.0,50,5,l1,498,450.0
n_south,8.0,50,5,l1,1388,1350.0
n_south,8.0,60,5,l2,278,250.0
n_south,8.0,60,5,l2,618,600.0
n_south,8.0,60,5,l2,1388,1350.0
n_south,8.0,60,5,l1,263,250.0
n_south,8.0,60,5,l1,498,450.0
n_south,8.0,60,5,l1,1388,1350.0
n_south,8.0,80,5,l2,278,250.0
n_south,8.0,80,5,l2,618,600.0
n_south,8.0,80,5,l2,1388,1350.0
n_south,8.0,80,5,l1,263,250.0
n_south,8.0,80,5,l1,498,450.0
n_south,8.0,80,5,l1,1388,1350.0
n_south,8.0,100,5,l2,278,250.0
n_south,8.0,100,5,l2,618,600.0
n_south,8.0,100,5,l2,1388,1350.0
n_south,8.0,100,5,l1,263,250.0
n_south,8.0,100,5,l1,498,450.0
n_south,8.0,100,5,l1,1388,1350.0
n_south,8.0,120,5,l2,278,250.0
n_south,8.0,120,5,l2,618,600.0
n_south,8.0,120,5,l2,1388,1350.0
n_south,8.0,120,5,l1,263,250.0
n_south,8.0,120,5,l1,498,450.0
n_south,8.0,120,5,l1,1388,1350.0
n_south,8.0,150,5,l2,278,250.0
n_south,8.0,150,5,l2,618,600.0
n_south,8.0,150,5,l2,1388,1350.0
n_south,8.0,150,5,l1,263,250.0
n_south,8.0,150,5,l1,498,450.0
n_south,8.0,150,5,l1,1388,1350.0
n_south,8.0,200,5,l2,278,250.0
n_south,8.0,200,5,l2,618,600.0
n_south,8.0,200,5,l2,1388,1350.0
n_south,8.0,200,5,l1,263,250.0
n_south,8.0,200,5,l1,498,450.0
n_south,8.0,200,5,l1,1388,1350.0
n_south,10.0,30,5,l2,278,250.0
n_south,10.0,30,5,l2,618,600.0
n_south,10.0,30,5,l2,1388,1350.0
n_south,10.0,30,5,l1,263,250.0
n_south,10.0,30,5,l1,498,450.0
n_south,10.0,30,5,l1,1388,1350.0
n_south,10.0,40,5,l2,278,250.0
n_south,10.0,40,5,l2,618,600.0
n_south,10.0,40,5,l2,1388,1350.0
n_south,10.0,40,5,l1,263,250.0
n_south,10.0,40,5,l1,498,450.0
n_south,10.0,40,5,l1,1388,1350.0
n_south,10.0,50,5,l2,278,250.0
n_south,10.0,50,5,l2,618,600.0
n_south,10.0,50,5,l2,1388,1350.0
n_south,10.0,50,5,l1,263,250.0
n_south,10.0,50,5,l1,498,450.0
n_south,10.0,50,5,l1,1388,1350.0
n_south,10.0,60,5,l2,278,250.0
n_south,10.0,60,5,l2,618,600.0
n_south,10.0,60,5,l2,1388,1350.0
n_south,10.0,60,5,l1,263,250.0
n_south,10.0,60,5,l1,498,450.0
n_south,10.0,60,5,l1,1388,1350.0
n_south,10.0,80,5,l2,278,250.0
n_south,10.0,80,5,l2,618,600.0
n_south,10.0,80,5,l2,1388,1350.0
n_south,10.0,80,5,l1,263,250.0
n_south,10.0,80,5,l1,498,450.0
n_south,10.0,80,5,l1,1388,1350.0
n_south,10.0,100,5,l2,278,250.0
n_south,10.0,100,5,l2,618,600.0
n_south,10.0,100,5,l2,1388,1350.0
n_south,10.0,100,5,l1,263,250.0
n_south,10.0,100,5,l1,498,450.0
n_south,10.0,100,5,l1,1388,1350.0
n_south,10.0,120,5,l2,278,250.0
n_south,10.0,120,5,l2,618,600.0
n_south,10.0,120,5,l2,1388,1350.0
n_south,10.0,120,5,l1,263,250.0
n_south,10.0,120,5,l1,498,450.0
n_south,10.0,120,5,l1,1388,1350.0
n_south,10.0,150,5,l2,278,250.0
n_south,10.0,150,5,l2,618,600.0
n_south,10.0,150,5,l2,1388,1350.0
n_south,10.0,150,5,l1,263,250.0
n_south,10.0,150,5,l1,498,450.0
n_south,10.0,150,5,l1,1388,1350.0
n_south,10.0,200,5,l2,278,250.0
n_south,10.0,200,5,l2,618,600.0
n_south,10.0,200,5,l2,1388,1350.0
n_south,10.0,200,5,l1,263,250.0
n_south,10.0,200,5,l1,498,450.0
n_south,10.0,200,5,l1,1388,1350.0
n_south,12.0,30,5,l2,278,250.0
n_south,12.0,30,5,l2,618,600.0
n_south,12.0,30,5,l2,1388,1350.0
n_south,12.0,30,5,l1,263,250.0
n_south,12.0,30,5,l1,498,450.0
n_south,12.0,30,5,l1,1388,1350.0
n_south,12.0,40,5,l2,278,250.0
n_south,12.0,40,5,l2,618,600.0
n_south,12.0,40,5,l2,1388,1350.0
n_south,12.0,40,5,l1,263,250.0
n_south,12.0,40,5,l1,498,450.0
n_south,12.0,40,5,l1,1388,1350.0
n_south,12.0,50,5,l2,278,250.0
n_south,12.0,50,5,l2,618,600.0
n_south,12.0,50,5,l2,1388,1350.0
n_south,12.0,50,5,l1,263,250.0
n_south,12.0,50,5,l1,498,450.0
n_south,12.0,50,5,l1,1388,1350.0
n_south,12.0,60,5,l2,278,250.0
n_south,12.0,60,5,l2,618,600.0
n_south,12.0,60,5,l2,1388,1350.0
n_south,12.0,60,5,l1,263,250.0
n_south,12.0,60,5,l1,498,450.0
n_south,12.0,60,5,l1,1388,1350.0
n_south,12.0,80,5,l2,278,250.0
n_south,12.0,80,5,l2,618,600.0
n_south,12.0,80,5,l2,1388,1350.0
n_south,12.0,80,5,l1,263,250.0
n_south,12.0,80,5,l1,498,450.0
n_south,12.0,80,5,l1,1388,1350.0
n_south,12.0,100,5,l2,278,250.0
n_south,12.0,100,5,l2,618,600.0
n_south,12.0,100,5,l2,1388,1350.0
n_south,12.0,100,5,l1,263,250.0
n_south,12.0,100,5,l1,498,450.0
n_south,12.0,100,5,l1,1388,1350.0
n_south,12.0,120,5,l2,278,250.0
n_south,12.0,120,5,l2,618,600.0
n_south,12.0,120,5,l2,1388,1350.0
n_south,12.0,120,5,l1,263,250.0
n_south,12.0,120,5,l1,498,450.0
n_south,12.0,120,5,l1,1388,1350.0
n_south,12.0,150,5,l2,278,250.0
n_south,12.0,150,5,l2,618,600.0
n_south,12.0,150,5,l2,1388,1350.0
n_south,12.0,150,5,l1,263,250.0
n_south,12.0,150,5,l1,498,450.0
n_south,12.0,150,5,l1,1388,1350.0
n_south,12.0,200,5,l2,278,250.0
n_south,12.0,200,5,l2,618,600.0
n_south,12.0,200,5,l2,1388,1350.0
n_south,12.0,200,5,l1,263,250.0
n_south,12.0,200,5,l1,498,450.0
n_south,12.0,200,5,l1,1388,1350.0
south_share,0.75,30,5,l2,28,0.0
south_share,0.75,30,5,l2,223,200.0
south_share,0.75,30,5,l2,313,300.0
south_share,0.75,30,5,l2,628,600.0
south_share,0.75,30,5,l2,973,950.0
south_share,0.75,30,5,l2,1273,1250.0
south_share,0.75,30,5,l1,-112,-150.0
south_share,0.75,30,5,l1,28,0.0
south_share,0.75,30,5,l1,208,200.0
south_share,0.75,30,5,l1,278,250.0
south_share,0.75,30,5,l1,318,300.0
south_share,0.75,30,5,l1,428,400.0
south_share,0.75,30,5,l1,558,550.0
south_share,0.75,30,5,l1,588,550.0
south_share,0.75,30,5,l1,623,600.0
south_share,0.75,30,5,l1,678,650.0
south_share,0.75,30,5,l1,968,950.0
south_share,0.75,30,5,l1,1273,1250.0
south_share,0.75,30,5,l1,1403,1400.0
south_share,0.75,30,5,l1,1668,1650.0
south_share,0.75,40,5,l2,28,0.0
south_share,0.75,40,5,l2,223,200.0
south_share,0.75,40,5,l2,313,300.0
south_share,0.75,40,5,l2,628,600.0
south_share,0.75,40,5,l2,973,950.0
south_share,0.75,40,5,l2,1273,1250.0
south_share,0.75,40,5,l1,-112,-150.0
south_share,0.75,40,5,l1,28,0.0
south_share,0.75,40,5,l1,208,200.0
south_share,0.75,40,5,l1,278,250.0
south_share,0.75,40,5,l1,318,300.0
south_share,0.75,40,5,l1,428,400.0
south_share,0.75,40,5,l1,548,500.0
south_share,0.75,40,5,l1,588,550.0
south_share,0.75,40,5,l1,628,600.0
south_share,0.75,40,5,l1,678,650.0
south_share,0.75,40,5,l1,968,950.0
south_share,0.75,40,5,l1,1273,1250.0
south_share,0.75,40,5,l1,1403,1400.0
south_share,0.75,40,5,l1,1668,1650.0
south_share,0.75,50,5,l2,28,0.0
south_share,0.75,50,5,l2,223,200.0
south_share,0.75,50,5,l2,313,300.0
south_share,0.75,50,5,l2,628,600.0
south_share,0.75,50,5,l2,973,950.0
south_share,0.75,50,5,l2,1273,1250.0
south_share,0.75,50,5,l1,-112,-150.0
south_share,0.75,50,5,l1,28,0.0
south_share,0.75,50,5,l1,208,200.0
south_share,0.75,50,5,l1,268,250.0
south_share,0.75,50,5,l1,318,300.0
south_share,0.75,50,5,l1,428,400.0
south_share,0.75,50,5,l1,628,600.0
south_share,0.75,50,5,l1,678,650.0
south_share,0.75,50,5,l1,968,950.0
south_share,0.75,50,5,l1,1273,1250.0
south_share,0.75,50,5,l1,1403,1400.0
south_share,0.75,50,5,l1,1668,1650.0
south_share,0.75,60,5,l2,28,0.0
south_share,0.75,60,5,l2,223,200.0
south_share,0.75,60,5,l2,313,300.0
south_share,0.75,60,5,l2,628,600.0
south_share,0.75,60,5,l2,973,950.0
south_share,0.75,60,5,l2,1273,1250.0
south_share,0.75,60,5,l1,-112,-150.0
south_share,0.75,60,5,l1,28,0.0
south_share,0.75,60,5,l1,203,200.0
south_share,0.75,60,5,l1,263,250.0
south_share,0.75,60,5,l1,323,300.0
south_share,0.75,60,5,l1,428,400.0
south_share,0.75,60,5,l1,628,600.0
south_share,0.75,60,5,l1,688,650.0
south_share,0.75,60,5,l1,968,950.0
south_share,0.75,60,5,l1,1273,1250.0
south_share,0.75,60,5,l1,1403,1400.0
south_share,0.75,60,5,l1,1668,1650.0
south_share,0.75,80,5,l2,28,0.0
south_share,0.75,80,5,l2,223,200.0
south_share,0.75,80,5,l2,313,300.0
south_share,0.75,80,5,l2,628,600.0
south_share,0.75,80,5,l2,973,950.0
south_share,0.75,80,5,l2,1273,1250.0
south_share,0.75,80,5,l1,-112,-150.0
south_share,0.75,80,5,l1,28,0.0
south_share,0.75,80,5,l1,223,200.0
south_share,0.75,80,5,l1,313,300.0
south_share,0.75,80,5,l1,428,400.0
south_share,0.75,80,5,l1,638,600.0
south_share,0.75,80,5,l1,968,950.0
south_share,0.75,80,5,l1,1273,1250.0
south_share,0.75,80,5,l1,1403,1400.0
south_share,0.75,80,5,l1,1668,1650.0
south_share,0.75,100,5,l2,28,0.0
south_share,0.75,100,5,l2,218,200.0
south_share,0.75,100,5,l2,318,300.0
south_share,0.75,100,5,l2,628,600.0
south_share,0.75,100,5,l2,973,950.0
south_share,0.75,100,5,l2,1273,1250.0
south_share,0.75,100,5,l1,-112,-150.0
south_share,0.75,100,5,l1,28,0.0
south_share,0.75,100,5,l1,213,200.0
south_share,0.75,100,5,l1,313,300.0
south_share,0.75,100,5,l1,428,400.0
south_share,0.75,100,5,l1,638,600.0
south_share,0.75,100,5,l1,968,950.0
south_share,0.75,100,5,l1,1273,1250.0
south_share,0.75,100,5,l1,1403,1400.0
south_share,0.75,100,5,l1,1668,1650.0
south_share,0.75,120,5,l2,28,0.0
south_share,0.75,120,5,l2,198,150.0
south_share,0.75,120,5,l2,318,300.0
south_share,0.75,120,5,l2,628,600.0
south_share,0.75,120,5,l2,973,950.0
south_share,0.75,120,5,l2,1273,1250.0
south_share,0.75,120,5,l1,-102,-150.0
south_share,0.75,120,5,l1,28,0.0
south_share,0.75,120,5,l1,193,150.0
south_share,0.75,120,5,l1,313,300.0
south_share,0.75,120,5,l1,433,400.0
south_share,0.75,120,5,l1,638,600.0
south_share,0.75,120,5,l1,968,950.0
south_share,0.75,120,5,l1,1273,1250.0
south_share,0.75,120,5,l1,1403,1400.0
south_share,0.75,120,5,l1,1668,1650.0
south_share,0.75,150,5,l2,28,0.0
south_share,0.75,150,5,l2,278,250.0
south_share,0.75,150,5,l2,428,400.0
south_share,0.75,150,5,l2,628,600.0
south_share,0.75,150,5,l2,973,950.0
south_share,0.75,150,5,l2,1273,1250.0
south_share,0.75,150,5,l1,28,0.0
south_share,0.75,150,5,l1,278,250.0
south_share,0.75,150,5,l1,428,400.0
south_share,0.75,150,5,l1,638,600.0
south_share,0.75,150,5,l1,968,950.0
south_share,0.75,150,5,l1,1273,1250.0
south_share,0.75,150,5,l1,1423,1400.0
south_share,0.75,150,5,l1,1668,1650.0
south_share,0.75,200,5,l2,28,0.0
south_share,0.75,200,5,l2,278,250.0
south_share,0.75,200,5,l2,628,600.0
south_share,0.75,200,5,l2,973,950.0
south_share,0.75,200,5,l2,1273,1250.0
south_share,0.75,200,5,l1,28,0.0
south_share,0.75,200,5,l1,278,250.0
south_share,0.75,200,5,l1,628,600.0
south_share,0.75,200,5,l1,968,950.0
south_share,0.75,200,5,l1,1273,1250.0
south_share,1.0,30,5,l2,28,0.0
south_share,1.0,30,5,l2,223,200.0
south_share,1.0,30,5,l2,313,300.0
south_share,1.0,30,5,l2,628,600.0
south_share,1.0,30,5,l2,1278,1250.0
south_share,1.0,30,5,l1,-112,-150.0
south_share,1.0,30,5,l1,28,0.0
south_share,1.0,30,5,l1,208,200.0
south_share,1.0,30,5,l1,278,250.0
south_share,1.0,30,5,l1,318,300.0
south_share,1.0,30,5,l1,428,400.0
south_share,1.0,30,5,l1,558,550.0
south_share,1.0,30,5,l1,588,550.0
south_share,1.0,30,5,l1,623,600.0
south_share,1.0,30,5,l1,678,650.0
south_share,1.0,30,5,l1,968,950.0
south_share,1.0,30,5,l1,1273,1250.0
south_share,1.0,40,5,l2,28,0.0
south_share,1.0,40,5,l2,223,200.0
south_share,1.0,40,5,l2,313,300.0
south_share,1.0,40,5,l2,628,600.0
south_share,1.0,40,5,l2,1278,1250.0
south_share,1.0,40,5,l1,-112,-150.0
south_share,1.0,40,5,l1,28,0.0
south_share,1.0,40,5,l1,208,200.0
south_share,1.0,40,5,l1,278,250.0
south_share,1.0,40,5,l1,318,300.0
south_share,1.0,40,5,l1,433,400.0
south_share,1.0,40,5,l1,588,550.0
south_share,1.0,40,5,l1,628,600.0
south_share,1.0,40,5,l1,968,950.0
south_share,1.0,40,5,l1,1273,1250.0
south_share,1.0,50,5,l2,28,0.0
south_share,1.0,50,5,l2,223,200.0
south_share,1.0,50,5,l2,313,300.0
south_share,1.0,50,5,l2,628,600.0
south_share,1.0,50,5,l2,1278,1250.0
south_share,1.0,50,5,l1,-112,-150.0
south_share,1.0,50,5,l1,28,0.0
south_share,1.0,50,5,l1,208,200.0
south_share,1.0,50,5,l1,268,250.0
south_share,1.0,50,5,l1,318,300.0
south_share,1.0,50,5,l1,428,400.0
south_share,1.0,50,5,l1,638,600.0
south_share,1.0,50,5,l1,968,950.0
south_share,1.0,50,5,l1,1273,1250.0
south_share,1.0,60,5,l2,28,0.0
south_share,1.0,60,5,l2,223,200.0
south_share,1.0,60,5,l2,313,300.0
south_share,1.0,60,5,l2,628,600.0
south_share,1.0,60,5,l2,1278,1250.0
south_share,1.0,60,5,l1,-112,-150.0
south_share,1.0,60,5,l1,28,0.0
south_share,1.0,60,5,l1,203,200.0
south_share,1.0,60,5,l1,263,250.0
south_share,1.0,60,5,l1,323,300.0
south_share,1.0,60,5,l1,428,400.0
south_share,1.0,60,5,l1,638,600.0
south_share,1.0,60,5,l1,968,950.0
south_share,1.0,60,5,l1,1273,1250.0
south_share,1.0,80,5,l2,28,0.0
south_share,1.0,80,5,l2,223,200.0
south_share,1.0,80,5,l2,313,300.0
south_share,1.0,80,5,l2,628,600.0
south_share,1.0,80,5,l2,1278,1250.0
south_share,1.0,80,5,l1,-112,-150.0
south_share,1.0,80,5,l1,28,0.0
south_share,1.0,80,5,l1,223,200.0
south_share,1.0,80,5,l1,313,300.0
south_share,1.0,80,5,l1,428,400.0
south_share,1.0,80,5,l1,638,600.0
south_share,1.0,80,5,l1,968,950.0
south_share,1.0,80,5,l1,1273,1250.0
south_share,1.0,100,5,l2,28,0.0
south_share,1.0,100,5,l2,218,200.0
south_share,1.0,100,5,l2,318,300.0
south_share,1.0,100,5,l2,628,600.0
south_share,1.0,100,5,l2,1278,1250.0
south_share,1.0,100,5,l1,-112,-150.0
south_share,1.0,100,5,l1,28,0.0
south_share,1.0,100,5,l1,213,200.0
south_share,1.0,100,5,l1,313,300.0
south_share,1.0,100,5,l1,428,400.0
south_share,1.0,100,5,l1,638,600.0
south_share,1.0,100,5,l1,968,950.0
south_share,1.0,100,5,l1,1273,1250.0
south_share,1.0,120,5,l2,28,0.0
south_share,1.0,120,5,l2,198,150.0
south_share,1.0,120,5,l2,318,300.0
south_share,1.0,120,5,l2,628,600.0
south_share,1.0,120,5,l2,1278,1250.0
south_share,1.0,120,5,l1,-102,-150.0
south_share,1.0,120,5,l1,28,0.0
south_share,1.0,120,5,l1,193,150.0
south_share,1.0,120,5,l1,313,300.0
south_share,1.0,120,5,l1,433,400.0
south_share,1.0,120,5,l1,638,600.0
south_share,1.0,120,5,l1,968,950.0
south_share,1.0,120,5,l1,1273,1250.0
south_share,1.0,150,5,l2,28,0.0
south_share,1.0,150,5,l2,278,250.0
south_share,1.0,150,5,l2,628,600.0
south_share,1.0,150,5,l2,1278,1250.0
south_share,1.0,150,5,l1,28,0.0
south_share,1.0,150,5,l1,278,250.0
south_share,1.0,150,5,l1,428,400.0
south_share,1.0,150,5,l1,638,600.0
south_share,1.0,150,5,l1,968,950.0
south_share,1.0,150,5,l1,1273,1250.0
south_share,1.0,200,5,l2,28,0.0
south_share,1.0,200,5,l2,278,250.0
south_share,1.0,200,5,l2,628,600.0
south_share,1.0,200,5,l2,1278,1250.0
south_share,1.0,200,5,l1,28,0.0
south_share,1.0,200,5,l1,278,250.0
south_share,1.0,200,5,l1,628,600.0
south_share,1.0,200,5,l1,968,950.0
south_share,1.0,200,5,l1,1273,1250.0
south_share,1.25,30,5,l2,28,0.0
south_share,1.25,30,5,l2,223,200.0
south_share,1.25,30,5,l2,313,300.0
south_share,1.25,30,5,l2,628,600.0
south_share,1.25,30,5,l2,1278,1250.0
south_share,1.25,30,5,l1,-112,-150.0
south_share,1.25,30,5,l1,28,0.0
south_share,1.25,30,5,l1,208,200.0
south_share,1.25,30,5,l1,278,250.0
south_share,1.25,30,5,l1,318,300.0
south_share,1.25,30,5,l1,428,400.0
south_share,1.25,30,5,l1,638,600.0
south_share,1.25,30,5,l1,968,950.0
south_share,1.25,30,5,l1,1273,1250.0
south_share,1.25,40,5,l2,28,0.0
south_share,1.25,40,5,l2,223,200.0
south_share,1.25,40,5,l2,313,300.0
south_share,1.25,40,5,l2,628,600.0
south_share,1.25,40,5,l2,1278,1250.0
south_share,1.25,40,5,l1,-112,-150.0
south_share,1.25,40,5,l1,28,0.0
south_share,1.25,40,5,l1,208,200.0
south_share,1.25,40,5,l1,278,250.0
south_share,1.25,40,5,l1,318,300.0
south_share,1.25,40,5,l1,428,400.0
south_share,1.25,40,5,l1,638,600.0
south_share,1.25,40,5,l1,968,950.0
south_share,1.25,40,5,l1,1273,1250.0
south_share,1.25,50,5,l2,28,0.0
south_share,1.25,50,5,l2,223,200.0
south_share,1.25,50,5,l2,313,300.0
south_share,1.25,50,5,l2,628,600.0
south_share,1.25,50,5,l2,1278,1250.0
south_share,1.25,50,5,l1,-112,-150.0
south_share,1.25,50,5,l1,28,0.0
south_share,1.25,50,5,l1,208,200.0
south_share,1.25,50,5,l1,268,250.0
south_share,1.25,50,5,l1,318,300.0
south_share,1.25,50,5,l1,428,400.0
south_share,1.25,50,5,l1,638,600.0
south_share,1.25,50,5,l1,968,950.0
south_share,1.25,50,5,l1,1273,1250.0
south_share,1.25,60,5,l2,28,0.0
south_share,1.25,60,5,l2,223,200.0
south_share,1.25,60,5,l2,313,300.0
south_share,1.25,60,5,l2,628,600.0
south_share,1.25,60,5,l2,1278,1250.0
south_share,1.25,60,5,l1,-112,-150.0
south_share,1.25,60,5,l1,28,0.0
south_share,1.25,60,5,l1,203,200.0
south_share,1.25,60,5,l1,263,250.0
south_share,1.25,60,5,l1,323,300.0
south_share,1.25,60,5,l1,628,600.0
south_share,1.25,60,5,l1,968,950.0
south_share,1.25,60,5,l1,1273,1250.0
south_share,1.25,80,5,l2,28,0.0
south_share,1.25,80,5,l2,223,200.0
south_share,1.25,80,5,l2,313,300.0
south_share,1.25,80,5,l2,628,600.0
south_share,1.25,80,5,l2,1278,1250.0
south_share,1.25,80,5,l1,-112,-150.0
south_share,1.25,80,5,l1,28,0.0
south_share,1.25,80,5,l1,223,200.0
south_share,1.25,80,5,l1,313,300.0
south_share,1.25,80,5,l1,428,400.0
south_share,1.25,80,5,l1,638,600.0
south_share,1.25,80,5,l1,968,950.0
south_share,1.25,80,5,l1,1273,1250.0
south_share,1.25,100,5,l2,28,0.0
south_share,1.25,100,5,l2,218,200.0
south_share,1.25,100,5,l2,318,300.0
south_share,1.25,100,5,l2,628,600.0
south_share,1.25,100,5,l2,1278,1250.0
south_share,1.25,100,5,l1,-112,-150.0
south_share,1.25,100,5,l1,28,0.0
south_share,1.25,100,5,l1,213,200.0
south_share,1.25,100,5,l1,313,300.0
south_share,1.25,100,5,l1,428,400.0
south_share,1.25,100,5,l1,638,600.0
south_share,1.25,100,5,l1,968,950.0
south_share,1.25,100,5,l1,1273,1250.0
south_share,1.25,120,5,l2,28,0.0
south_share,1.25,120,5,l2,198,150.0
south_share,1.25,120,5,l2,318,300.0
south_share,1.25,120,5,l2,628,600.0
south_share,1.25,120,5,l2,1278,1250.0
south_share,1.25,120,5,l1,-102,-150.0
south_share,1.25,120,5,l1,28,0.0
south_share,1.25,120,5,l1,193,150.0
south_share,1.25,120,5,l1,313,300.0
south_share,1.25,120,5,l1,433,400.0
south_share,1.25,120,5,l1,638,600.0
south_share,1.25,120,5,l1,968,950.0
south_share,1.25,120,5,l1,1273,1250.0
south_share,1.25,150,5,l2,28,0.0
south_share,1.25,150,5,l2,278,250.0
south_share,1.25,150,5,l2,628,600.0
south_share,1.25,150,5,l2,1278,1250.0
south_share,1.25,150,5,l1,28,0.0
south_share,1.25,150,5,l1,278,250.0
south_share,1.25,150,5,l1,428,400.0
south_share,1.25,150,5,l1,638,600.0
south_share,1.25,150,5,l1,968,950.0
south_share,1.25,150,5,l1,1273,1250.0
south_share,1.25,200,5,l2,28,0.0
south_share,1.25,200,5,l2,278,250.0
south_share,1.25,200,5,l2,628,600.0
south_share,1.25,200,5,l2,1278,1250.0
south_share,1.25,200,5,l1,28,0.0
south_share,1.25,200,5,l1,278,250.0
south_share,1.25,200,5,l1,628,600.0
south_share,1.25,200,5,l1,968,950.0
south_share,1.25,200,5,l1,1273,1250.0
south_share,1.5,30,5,l2,28,0.0
south_share,1.5,30,5,l2,223,200.0
south_share,1.5,30,5,l2,313,300.0
south_share,1.5,30,5,l2,628,600.0
south_share,1.5,30,5,l2,1278,1250.0
south_share,1.5,30,5,l1,-112,-150.0
south_share,1.5,30,5,l1,28,0.0
south_share,1.5,30,5,l1,208,200.0
south_share,1.5,30,5,l1,278,250.0
south_share,1.5,30,5,l1,318,300.0
south_share,1.5,30,5,l1,628,600.0
south_share,1.5,30,5,l1,968,950.0
south_share,1.5,30,5,l1,1273,1250.0
south_share,1.5,40,5,l2,28,0.0
south_share,1.5,40,5,l2,223,200.0
south_share,1.5,40,5,l2,313,300.0
south_share,1.5,40,5,l2,628,600.0
south_share,1.5,40,5,l2,1278,1250.0
south_share,1.5,40,5,l1,-112,-150.0
south_share,1.5,40,5,l1,28,0.0
south_share,1.5,40,5,l1,208,200.0
south_share,1.5,40,5,l1,278,250.0
south_share,1.5,40,5,l1,318,300.0
south_share,1.5,40,5,l1,628,600.0
south_share,1.5,40,5,l1,968,950.0
south_share,1.5,40,5,l1,1273,1250.0
south_share,1.5,50,5,l2,28,0.0
south_share,1.5,50,5,l2,223,200.0
south_share,1.5,50,5,l2,313,300.0
south_share,1.5,50,5,l2,628,600.0
south_share,1.5,50,5,l2,1278,1250.0
south_share,1.5,50,5,l1,-112,-150.0
south_share,1.5,50,5,l1,28,0.0
south_share,1.5,50,5,l1,208,200.0
south_share,1.5,50,5,l1,268,250.0
south_share,1.5,50,5,l1,318,300.0
south_share,1.5,50,5,l1,628,600.0
south_share,1.5,50,5,l1,968,950.0
south_share,1.5,50,5,l1,1273,1250.0
south_share,1.5,60,5,l2,28,0.0
south_share,1.5,60,5,l2,223,200.0
south_share,1.5,60,5,l2,313,300.0
south_share,1.5,60,5,l2,628,600.0
south_share,1.5,60,5,l2,1278,1250.0
south_share,1.5,60,5,l1,-112,-150.0
south_share,1.5,60,5,l1,28,0.0
south_share,1.5,60,5,l1,203,200.0
south_share,1.5,60,5,l1,263,250.0
south_share,1.5,60,5,l1,323,300.0
south_share,1.5,60,5,l1,628,600.0
south_share,1.5,60,5,l1,968,950.0
south_share,1.5,60,5,l1,1273,1250.0
south_share,1.5,80,5,l2,28,0.0
south_share,1.5,80,5,l2,223,200.0
south_share,1.5,80,5,l2,313,300.0
south_share,1.5,80,5,l2,628,600.0
south_share,1.5,80,5,l2,1278,1250.0
south_share,1.5,80,5,l1,-112,-150.0
south_share,1.5,80,5,l1,28,0.0
south_share,1.5,80,5,l1,223,200.0
south_share,1.5,80,5,l1,313,300.0
south_share,1.5,80,5,l1,628,600.0
south_share,1.5,80,5,l1,968,950.0
south_share,1.5,80,5,l1,1273,1250.0
south_share,1.5,100,5,l2,28,0.0
south_share,1.5,100,5,l2,218,200.0
south_share,1.5,100,5,l2,318,300.0
south_share,1.5,100,5,l2,628,600.0
south_share,1.5,100,5,l2,1278,1250.0
south_share,1.5,100,5,l1,-112,-150.0
south_share,1.5,100,5,l1,28,0.0
south_share,1.5,100,5,l1,218,200.0
south_share,1.5,100,5,l1,318,300.0
south_share,1.5,100,5,l1,628,600.0
south_share,1.5,100,5,l1,968,950.0
south_share,1.5,100,5,l1,1273,1250.0
south_share,1.5,120,5,l2,28,0.0
south_share,1.5,120,5,l2,198,150.0
south_share,1.5,120,5,l2,318,300.0
south_share,1.5,120,5,l2,628,600.0
south_share,1.5,120,5,l2,1278,1250.0
south_share,1.5,120,5,l1,28,0.0
south_share,1.5,120,5,l1,193,150.0
south_share,1.5,120,5,l1,313,300.0
south_share,1.5,120,5,l1,628,600.0
south_share,1.5,120,5,l1,968,950.0
south_share,1.5,120,5,l1,1273,1250.0
south_share,1.5,150,5,l2,28,0.0
south_share,1.5,150,5,l2,278,250.0
south_share,1.5,150,5,l2,628,600.0
south_share,1.5,150,5,l2,1278,1250.0
south_share,1.5,150,5,l1,28,0.0
south_share,1.5,150,5,l1,278,250.0
south_share,1.5,150,5,l1,628,600.0
south_share,1.5,150,5,l1,968,950.0
south_share,1.5,150,5,l1,1273,1250.0
south_share,1.5,200,5,l2,28,0.0
south_share,1.5,200,5,l2,278,250.0
south_share,1.5,200,5,l2,628,600.0
south_share,1.5,200,5,l2,1278,1250.0
south_share,1.5,200,5,l1,28,0.0
south_share,1.5,200,5,l1,278,250.0
south_share,1.5,200,5,l1,628,600.0
south_share,1.5,200,5,l1,968,950.0
south_share,1.5,200,5,l1,1273,1250.0
south_share,1.75,30,5,l2,28,0.0
south_share,1.75,30,5,l2,223,200.0
south_share,1.75,30,5,l2,313,300.0
south_share,1.75,30,5,l2,628,600.0
south_share,1.75,30,5,l2,1278,1250.0
south_share,1.75,30,5,l1,28,0.0
south_share,1.75,30,5,l1,208,200.0
south_share,1.75,30,5,l1,278,250.0
south_share,1.75,30,5,l1,318,300.0
south_share,1.75,30,5,l1,628,600.0
south_share,1.75,30,5,l1,968,950.0
south_share,1.75,30,5,l1,1273,1250.0
south_share,1.75,40,5,l2,28,0.0
south_share,1.75,40,5,l2,223,200.0
south_share,1.75,40,5,l2,313,300.0
south_share,1.75,40,5,l2,628,600.0
south_share,1.75,40,5,l2,1278,1250.0
south_share,1.75,40,5,l1,28,0.0
south_share,1.75,40,5,l1,208,200.0
south_share,1.75,40,5,l1,278,250.0
south_share,1.75,40,5,l1,318,300.0
south_share,1.75,40,5,l1,628,600.0
south_share,1.75,40,5,l1,968,950.0
south_share,1.75,40,5,l1,1273,1250.0
south_share,1.75,50,5,l2,28,0.0
south_share,1.75,50,5,l2,223,200.0
south_share,1.75,50,5,l2,313,300.0
south_share,1.75,50,5,l2,628,600.0
south_share,1.75,50,5,l2,1278,1250.0
south_share,1.75,50,5,l1,28,0.0
south_share,1.75,50,5,l1,208,200.0
south_share,1.75,50,5,l1,268,250.0
south_share,1.75,50,5,l1,318,300.0
south_share,1.75,50,5,l1,628,600.0
south_share,1.75,50,5,l1,968,950.0
south_share,1.75,50,5,l1,1273,1250.0
south_share,1.75,60,5,l2,28,0.0
south_share,1.75,60,5,l2,223,200.0
south_share,1.75,60,5,l2,313,300.0
south_share,1.75,60,5,l2,628,600.0
south_share,1.75,60,5,l2,1278,1250.0
south_share,1.75,60,5,l1,28,0.0
south_share,1.75,60,5,l1,223,200.0
south_share,1.75,60,5,l1,313,300.0
south_share,1.75,60,5,l1,628,600.0
south_share,1.75,60,5,l1,968,950.0
south_share,1.75,60,5,l1,1273,1250.0
south_share,1.75,80,5,l2,28,0.0
south_share,1.75,80,5,l2,223,200.0
south_share,1.75,80,5,l2,313,300.0
south_share,1.75,80,5,l2,628,600.0
south_share,1.75,80,5,l2,1278,1250.0
south_share,1.75,80,5,l1,28,0.0
south_share,1.75,80,5,l1,223,200.0
south_share,1.75,80,5,l1,313,300.0
south_share,1.75,80,5,l1,628,600.0
south_share,1.75,80,5,l1,968,950.0
south_share,1.75,80,5,l1,1273,1250.0
south_share,1.75,100,5,l2,28,0.0
south_share,1.75,100,5,l2,218,200.0
south_share,1.75,100,5,l2,318,300.0
south_share,1.75,100,5,l2,628,600.0
south_share,1.75,100,5,l2,1278,1250.0
south_share,1.75,100,5,l1,28,0.0
south_share,1.75,100,5,l1,218,200.0
south_share,1.75,100,5,l1,318,300.0
south_share,1.75,100,5,l1,628,600.0
south_share,1.75,100,5,l1,968,950.0
south_share,1.75,100,5,l1,1273,1250.0
south_share,1.75,120,5,l2,28,0.0
south_share,1.75,120,5,l2,198,150.0
south_share,1.75,120,5,l2,318,300.0
south_share,1.75,120,5,l2,628,600.0
south_share,1.75,120,5,l2,1278,1250.0
south_share,1.75,120,5,l1,28,0.0
south_share,1.75,120,5,l1,193,150.0
south_share,1.75,120,5,l1,313,300.0
south_share,1.75,120,5,l1,628,600.0
south_share,1.75,120,5,l1,968,950.0
south_share,1.75,120,5,l1,1273,1250.0
south_share,1.75,150,5,l2,28,0.0
south_share,1.75,150,5,l2,278,250.0
south_share,1.75,150,5,l2,628,600.0
south_share,1.75,150,5,l2,1278,1250.0
south_share,1.75,150,5,l1,28,0.0
south_share,1.75,150,5,l1,278,250.0
south_share,1.75,150,5,l1,628,600.0
south_share,1.75,150,5,l1,968,950.0
south_share,1.75,150,5,l1,1273,1250.0
south_share,1.75,200,5,l2,28,0.0
south_share,1.75,200,5,l2,278,250.0
south_share,1.75,200,5,l2,628,600.0
south_share,1.75,200,5,l2,1278,1250.0
south_share,1.75,200,5,l1,28,0.0
south_share,1.75,200,5,l1,278,250.0
south_share,1.75,200,5,l1,628,600.0
south_share,1.75,200,5,l1,968,950.0
south_share,1.75,200,5,l1,1273,1250.0
south_share,2.0,30,5,l2,28,0.0
south_share,2.0,30,5,l2,223,200.0
south_share,2.0,30,5,l2,313,300.0
south_share,2.0,30,5,l2,628,600.0
south_share,2.0,30,5,l1,28,0.0
south_share,2.0,30,5,l1,208,200.0
south_share,2.0,30,5,l1,278,250.0
south_share,2.0,30,5,l1,318,300.0
south_share,2.0,30,5,l1,628,600.0
south_share,2.0,30,5,l1,968,950.0
south_share,2.0,30,5,l1,1273,1250.0
south_share,2.0,40,5,l2,28,0.0
south_share,2.0,40,5,l2,223,200.0
south_share,2.0,40,5,l2,313,300.0
south_share,2.0,40,5,l2,628,600.0
south_share,2.0,40,5,l1,28,0.0
south_share,2.0,40,5,l1,208,200.0
south_share,2.0,40,5,l1,278,250.0
south_share,2.0,40,5,l1,318,300.0
south_share,2.0,40,5,l1,628,600.0
south_share,2.0,40,5,l1,968,950.0
south_share,2.0,40,5,l1,1273,1250.0
south_share,2.0,50,5,l2,28,0.0
south_share,2.0,50,5,l2,223,200.0
south_share,2.0,50,5,l2,313,300.0
south_share,2.0,50,5,l2,628,600.0
south_share,2.0,50,5,l1,28,0.0
south_share,2.0,50,5,l1,208,200.0
south_share,2.0,50,5,l1,268,250.0
south_share,2.0,50,5,l1,318,300.0
south_share,2.0,50,5,l1,628,600.0
south_share,2.0,50,5,l1,968,950.0
south_share,2.0,50,5,l1,1273,1250.0
south_share,2.0,60,5,l2,28,0.0
south_share,2.0,60,5,l2,223,200.0
south_share,2.0,60,5,l2,313,300.0
south_share,2.0,60,5,l2,628,600.0
south_share,2.0,60,5,l1,28,0.0
south_share,2.0,60,5,l1,223,200.0
south_share,2.0,60,5,l1,313,300.0
south_share,2.0,60,5,l1,628,600.0
south_share,2.0,60,5,l1,968,950.0
south_share,2.0,60,5,l1,1273,1250.0
south_share,2.0,80,5,l2,28,0.0
south_share,2.0,80,5,l2,223,200.0
south_share,2.0,80,5,l2,313,300.0
south_share,2.0,80,5,l2,628,600.0
south_share,2.0,80,5,l1,28,0.0
south_share,2.0,80,5,l1,223,200.0
south_share,2.0,80,5,l1,313,300.0
south_share,2.0,80,5,l1,628,600.0
south_share,2.0,80,5,l1,968,950.0
south_share,2.0,80,5,l1,1273,1250.0
south_share,2.0,100,5,l2,28,0.0
south_share,2.0,100,5,l2,218,200.0
south_share,2.0,100,5,l2,318,300.0
south_share,2.0,100,5,l2,628,600.0
south_share,2.0,100,5,l1,28,0.0
south_share,2.0,100,5,l1,218,200.0
south_share,2.0,100,5,l1,318,300.0
south_share,2.0,100,5,l1,628,600.0
south_share,2.0,100,5,l1,968,950.0
south_share,2.0,100,5,l1,1273,1250.0
south_share,2.0,120,5,l2,28,0.0
south_share,2.0,120,5,l2,278,250.0
south_share,2.0,120,5,l2,628,600.0
south_share,2.0,120,5,l1,28,0.0
south_share,2.0,120,5,l1,193,150.0
south_share,2.0,120,5,l1,313,300.0
south_share,2.0,120,5,l1,628,600.0
south_share,2.0,120,5,l1,968,950.0
south_share,2.0,120,5,l1,1273,1250.0
south_share,2.0,150,5,l2,28,0.0
south_share,2.0,150,5,l2,278,250.0
south_share,2.0,150,5,l2,628,600.0
south_share,2.0,150,5,l1,28,0.0
south_share,2.0,150,5,l1,278,250.0
south_share,2.0,150,5,l1,628,600.0
south_share,2.0,150,5,l1,968,950.0
south_share,2.0,150,5,l1,1273,1250.0
south_share,2.0,200,5,l2,28,0.0
south_share,2.0,200,5,l2,278,250.0
south_share,2.0,200,5,l2,628,600.0
south_share,2.0,200,5,l1,28,0.0
south_share,2.0,200,5,l1,278,250.0
south_share,2.0,200,5,l1,628,600.0
south_share,2.0,200,5,l1,968,950.0
south_share,2.0,200,5,l1,1273,1250.0
south_share,2.25,30,5,l2,28,0.0
south_share,2.25,30,5,l2,223,200.0
south_share,2.25,30,5,l2,313,300.0
south_share,2.25,30,5,l2,628,600.0
south_share,2.25,30,5,l1,28,0.0
south_share,2.25,30,5,l1,223,200.0
south_share,2.25,30,5,l1,313,300.0
south_share,2.25,30,5,l1,628,600.0
south_share,2.25,30,5,l1,968,950.0
south_share,2.25,30,5,l1,1273,1250.0
south_share,2.25,40,5,l2,28,0.0
south_share,2.25,40,5,l2,223,200.0
south_share,2.25,40,5,l2,313,300.0
south_share,2.25,40,5,l2,628,600.0
south_share,2.25,40,5,l1,28,0.0
south_share,2.25,40,5,l1,223,200.0
south_share,2.25,40,5,l1,313,300.0
south_share,2.25,40,5,l1,628,600.0
south_share,2.25,40,5,l1,968,950.0
south_share,2.25,40,5,l1,1273,1250.0
south_share,2.25,50,5,l2,28,0.0
south_share,2.25,50,5,l2,223,200.0
south_share,2.25,50,5,l2,313,300.0
south_share,2.25,50,5,l2,628,600.0
south_share,2.25,50,5,l1,28,0.0
south_share,2.25,50,5,l1,223,200.0
south_share,2.25,50,5,l1,313,300.0
south_share,2.25,50,5,l1,628,600.0
south_share,2.25,50,5,l1,968,950.0
south_share,2.25,50,5,l1,1273,1250.0
south_share,2.25,60,5,l2,28,0.0
south_share,2.25,60,5,l2,223,200.0
south_share,2.25,60,5,l2,313,300.0
south_share,2.25,60,5,l2,628,600.0
south_share,2.25,60,5,l1,28,0.0
south_share,2.25,60,5,l1,223,200.0
south_share,2.25,60,5,l1,313,300.0
south_share,2.25,60,5,l1,628,600.0
south_share,2.25,60,5,l1,968,950.0
south_share,2.25,60,5,l1,1273,1250.0
south_share,2.25,80,5,l2,28,0.0
south_share,2.25,80,5,l2,223,200.0
south_share,2.25,80,5,l2,313,300.0
south_share,2.25,80,5,l2,628,600.0
south_share,2.25,80,5,l1,28,0.0
south_share,2.25,80,5,l1,223,200.0
south_share,2.25,80,5,l1,313,300.0
south_share,2.25,80,5,l1,628,600.0
south_share,2.25,80,5,l1,968,950.0
south_share,2.25,80,5,l1,1273,1250.0
south_share,2.25,100,5,l2,28,0.0
south_share,2.25,100,5,l2,218,200.0
south_share,2.25,100,5,l2,318,300.0
south_share,2.25,100,5,l2,628,600.0
south_share,2.25,100,5,l1,28,0.0
south_share,2.25,100,5,l1,218,200.0
south_share,2.25,100,5,l1,318,300.0
south_share,2.25,100,5,l1,628,600.0
south_share,2.25,100,5,l1,968,950.0
south_share,2.25,100,5,l1,1273,1250.0
south_share,2.25,120,5,l2,28,0.0
south_share,2.25,120,5,l2,278,250.0
south_share,2.25,120,5,l2,628,600.0
south_share,2.25,120,5,l1,28,0.0
south_share,2.25,120,5,l1,193,150.0
south_share,2.25,120,5,l1,313,300.0
south_share,2.25,120,5,l1,628,600.0
south_share,2.25,120,5,l1,968,950.0
south_share,2.25,120,5,l1,1273,1250.0
south_share,2.25,150,5,l2,28,0.0
south_share,2.25,150,5,l2,278,250.0
south_share,2.25,150,5,l2,628,600.0
south_share,2.25,150,5,l1,28,0.0
south_share,2.25,150,5,l1,278,250.0
south_share,2.25,150,5,l1,628,600.0
south_share,2.25,150,5,l1,968,950.0
south_share,2.25,150,5,l1,1273,1250.0
south_share,2.25,200,5,l2,28,0.0
south_share,2.25,200,5,l2,278,250.0
south_share,2.25,200,5,l2,628,600.0
south_share,2.25,200,5,l1,28,0.0
south_share,2.25,200,5,l1,278,250.0
south_share,2.25,200,5,l1,628,600.0
south_share,2.25,200,5,l1,968,950.0
south_share,2.25,200,5,l1,1273,1250.0
south_share,2.5,30,5,l2,28,0.0
south_share,2.5,30,5,l2,278,250.0
south_share,2.5,30,5,l2,628,600.0
south_share,2.5,30,5,l1,28,0.0
south_share,2.5,30,5,l1,223,200.0
south_share,2.5,30,5,l1,313,300.0
south_share,2.5,30,5,l1,628,600.0
south_share,2.5,30,5,l1,968,950.0
south_share,2.5,30,5,l1,1273,1250.0
south_share,2.5,40,5,l2,28,0.0
south_share,2.5,40,5,l2,278,250.0
south_share,2.5,40,5,l2,628,600.0
south_share,2.5,40,5,l1,28,0.0
south_share,2.5,40,5,l1,223,200.0
south_share,2.5,40,5,l1,313,300.0
south_share,2.5,40,5,l1,628,600.0
south_share,2.5,40,5,l1,968,950.0
south_share,2.5,40,5,l1,1273,1250.0
south_share,2.5,50,5,l2,28,0.0
south_share,2.5,50,5,l2,278,250.0
south_share,2.5,50,5,l2,628,600.0
south_share,2.5,50,5,l1,28,0.0
south_share,2.5,50,5,l1,223,200.0
south_share,2.5,50,5,l1,313,300.0
south_share,2.5,50,5,l1,628,600.0
south_share,2.5,50,5,l1,968,950.0
south_share,2.5,50,5,l1,1273,1250.0
south_share,2.5,60,5,l2,28,0.0
south_share,2.5,60,5,l2,278,250.0
south_share,2.5,60,5,l2,628,600.0
south_share,2.5,60,5,l1,28,0.0
south_share,2.5,60,5,l1,223,200.0
south_share,2.5,60,5,l1,313,300.0
south_share,2.5,60,5,l1,628,600.0
south_share,2.5,60,5,l1,968,950.0
south_share,2.5,60,5,l1,1273,1250.0
south_share,2.5,80,5,l2,28,0.0
south_share,2.5,80,5,l2,278,250.0
south_share,2.5,80,5,l2,628,600.0
south_share,2.5,80,5,l1,28,0.0
south_share,2.5,80,5,l1,223,200.0
south_share,2.5,80,5,l1,313,300.0
south_share,2.5,80,5,l1,628,600.0
south_share,2.5,80,5,l1,968,950.0
south_share,2.5,80,5,l1,1273,1250.0
south_share,2.5,100,5,l2,28,0.0
south_share,2.5,100,5,l2,278,250.0
south_share,2.5,100,5,l2,628,600.0
south_share,2.5,100,5,l1,28,0.0
south_share,2.5,100,5,l1,218,200.0
south_share,2.5,100,5,l1,318,300.0
south_share,2.5,100,5,l1,628,600.0
south_share,2.5,100,5,l1,968,950.0
south_share,2.5,100,5,l1,1273,1250.0
south_share,2.5,120,5,l2,28,0.0
south_share,2.5,120,5,l2,278,250.0
south_share,2.5,120,5,l2,628,600.0
south_share,2.5,120,5,l1,28,0.0
south_share,2.5,120,5,l1,193,150.0
south_share,2.5,120,5,l1,313,300.0
south_share,2.5,120,5,l1,628,600.0
south_share,2.5,120,5,l1,968,950.0
south_share,2.5,120,5,l1,1273,1250.0
south_share,2.5,150,5,l2,28,0.0
south_share,2.5,150,5,l2,278,250.0
south_share,2.5,150,5,l2,628,600.0
south_share,2.5,150,5,l1,28,0.0
south_share,2.5,150,5,l1,278,250.0
south_share,2.5,150,5,l1,628,600.0
south_share,2.5,150,5,l1,968,950.0
south_share,2.5,150,5,l1,1273,1250.0
south_share,2.5,200,5,l2,28,0.0
south_share,2.5,200,5,l2,278,250.0
south_share,2.5,200,5,l2,628,600.0
south_share,2.5,200,5,l1,28,0.0
south_share,2.5,200,5,l1,278,250.0
south_share,2.5,200,5,l1,628,600.0
south_share,2.5,200,5,l1,968,950.0
south_share,2.5,200,5,l1,1273,1250.0
south_share,2.75,30,5,l2,28,0.0
south_share,2.75,30,5,l2,278,250.0
south_share,2.75,30,5,l2,628,600.0
south_share,2.75,30,5,l1,28,0.0
south_share,2.75,30,5,l1,223,200.0
south_share,2.75,30,5,l1,313,300.0
south_share,2.75,30,5,l1,628,600.0
south_share,2.75,30,5,l1,968,950.0
south_share,2.75,30,5,l1,1273,1250.0
south_share,2.75,40,5,l2,28,0.0
south_share,2.75,40,5,l2,278,250.0
south_share,2.75,40,5,l2,628,600.0
south_share,2.75,40,5,l1,28,0.0
south_share,2.75,40,5,l1,223,200.0
south_share,2.75,40,5,l1,313,300.0
south_share,2.75,40,5,l1,628,600.0
south_share,2.75,40,5,l1,968,950.0
south_share,2.75,40,5,l1,1273,1250.0
south_share,2.75,50,5,l2,28,0.0
south_share,2.75,50,5,l2,278,250.0
south_share,2.75,50,5,l2,628,600.0
south_share,2.75,50,5,l1,28,0.0
south_share,2.75,50,5,l1,223,200.0
south_share,2.75,50,5,l1,313,300.0
south_share,2.75,50,5,l1,628,600.0
south_share,2.75,50,5,l1,968,950.0
south_share,2.75,50,5,l1,1273,1250.0
south_share,2.75,60,5,l2,28,0.0
south_share,2.75,60,5,l2,278,250.0
south_share,2.75,60,5,l2,628,600.0
south_share,2.75,60,5,l1,28,0.0
south_share,2.75,60,5,l1,223,200.0
south_share,2.75,60,5,l1,313,300.0
south_share,2.75,60,5,l1,628,600.0
south_share,2.75,60,5,l1,968,950.0
south_share,2.75,60,5,l1,1273,1250.0
south_share,2.75,80,5,l2,28,0.0
south_share,2.75,80,5,l2,278,250.0
south_share,2.75,80,5,l2,628,600.0
south_share,2.75,80,5,l1,28,0.0
south_share,2.75,80,5,l1,223,200.0
south_share,2.75,80,5,l1,313,300.0
south_share,2.75,80,5,l1,628,600.0
south_share,2.75,80,5,l1,968,950.0
south_share,2.75,80,5,l1,1273,1250.0
south_share,2.75,100,5,l2,28,0.0
south_share,2.75,100,5,l2,278,250.0
south_share,2.75,100,5,l2,628,600.0
south_share,2.75,100,5,l1,28,0.0
south_share,2.75,100,5,l1,218,200.0
south_share,2.75,100,5,l1,318,300.0
south_share,2.75,100,5,l1,628,600.0
south_share,2.75,100,5,l1,968,950.0
south_share,2.75,100,5,l1,1273,1250.0
south_share,2.75,120,5,l2,28,0.0
south_share,2.75,120,5,l2,278,250.0
south_share,2.75,120,5,l2,628,600.0
south_share,2.75,120,5,l1,28,0.0
south_share,2.75,120,5,l1,193,150.0
south_share,2.75,120,5,l1,313,300.0
south_share,2.75,120,5,l1,628,600.0
south_share,2.75,120,5,l1,968,950.0
south_share,2.75,120,5,l1,1273,1250.0
south_share,2.75,150,5,l2,28,0.0
south_share,2.75,150,5,l2,278,250.0
south_share,2.75,150,5,l2,628,600.0
south_share,2.75,150,5,l1,28,0.0
south_share,2.75,150,5,l1,278,250.0
south_share,2.75,150,5,l1,628,600.0
south_share,2.75,150,5,l1,968,950.0
south_share,2.75,150,5,l1,1273,1250.0
south_share,2.75,200,5,l2,28,0.0
south_share,2.75,200,5,l2,278,250.0
south_share,2.75,200,5,l2,628,600.0
south_share,2.75,200,5,l1,28,0.0
south_share,2.75,200,5,l1,278,250.0
south_share,2.75,200,5,l1,628,600.0
south_share,2.75,200,5,l1,968,950.0
south_share,2.75,200,5,l1,1273,1250.0
south_share,3.0,30,5,l2,28,0.0
south_share,3.0,30,5,l2,278,250.0
south_share,3.0,30,5,l2,628,600.0
south_share,3.0,30,5,l1,28,0.0
south_share,3.0,30,5,l1,223,200.0
south_share,3.0,30,5,l1,313,300.0
south_share,3.0,30,5,l1,628,600.0
south_share,3.0,30,5,l1,968,950.0
south_share,3.0,30,5,l1,1273,1250.0
south_share,3.0,40,5,l2,28,0.0
south_share,3.0,40,5,l2,278,250.0
south_share,3.0,40,5,l2,628,600.0
south_share,3.0,40,5,l1,28,0.0
south_share,3.0,40,5,l1,223,200.0
south_share,3.0,40,5,l1,313,300.0
south_share,3.0,40,5,l1,628,600.0
south_share,3.0,40,5,l1,968,950.0
south_share,3.0,40,5,l1,1273,1250.0
south_share,3.0,50,5,l2,28,0.0
south_share,3.0,50,5,l2,278,250.0
south_share,3.0,50,5,l2,628,600.0
south_share,3.0,50,5,l1,28,0.0
south_share,3.0,50,5,l1,223,200.0
south_share,3.0,50,5,l1,313,300.0
south_share,3.0,50,5,l1,628,600.0
south_share,3.0,50,5,l1,968,950.0
south_share,3.0,50,5,l1,1273,1250.0
south_share,3.0,60,5,l2,28,0.0
south_share,3.0,60,5,l2,278,250.0
south_share,3.0,60,5,l2,628,600.0
south_share,3.0,60,5,l1,28,0.0
south_share,3.0,60,5,l1,223,200.0
south_share,3.0,60,5,l1,313,300.0
south_share,3.0,60,5,l1,628,600.0
south_share,3.0,60,5,l1,968,950.0
south_share,3.0,60,5,l1,1273,1250.0
south_share,3.0,80,5,l2,28,0.0
south_share,3.0,80,5,l2,278,250.0
south_share,3.0,80,5,l2,628,600.0
south_share,3.0,80,5,l1,28,0.0
south_share,3.0,80,5,l1,223,200.0
south_share,3.0,80,5,l1,313,300.0
south_share,3.0,80,5,l1,628,600.0
south_share,3.0,80,5,l1,968,950.0
south_share,3.0,80,5,l1,1273,1250.0
south_share,3.0,100,5,l2,28,0.0
south_share,3.0,100,5,l2,278,250.0
south_share,3.0,100,5,l2,628,600.0
south_share,3.0,100,5,l1,28,0.0
south_share,3.0,100,5,l1,218,200.0
south_share,3.0,100,5,l1,318,300.0
south_share,3.0,100,5,l1,628,600.0
south_share,3.0,100,5,l1,968,950.0
south_share,3.0,100,5,l1,1273,1250.0
south_share,3.0,120,5,l2,28,0.0
south_share,3.0,120,5,l2,278,250.0
south_share,3.0,120,5,l2,628,600.0
south_share,3.0,120,5,l1,28,0.0
south_share,3.0,120,5,l1,193,150.0
south_share,3.0,120,5,l1,313,300.0
south_share,3.0,120,5,l1,628,600.0
south_share,3.0,120,5,l1,968,950.0
south_share,3.0,120,5,l1,1273,1250.0
south_share,3.0,150,5,l2,28,0.0
south_share,3.0,150,5,l2,278,250.0
south_share,3.0,150,5,l2,628,600.0
south_share,3.0,150,5,l1,28,0.0
south_share,3.0,150,5,l1,278,250.0
south_share,3.0,150,5,l1,628,600.0
south_share,3.0,150,5,l1,968,950.0
south_share,3.0,150,5,l1,1273,1250.0
south_share,3.0,200,5,l2,28,0.0
south_share,3.0,200,5,l2,278,250.0
south_share,3.0,200,5,l2,628,600.0
south_share,3.0,200,5,l1,28,0.0
south_share,3.0,200,5,l1,278,250.0
south_share,3.0,200,5,l1,628,600.0
south_share,3.0,200,5,l1,968,950.0
south_share,3.0,200,5,l1,1273,1250.0
south_share,3.25,30,5,l2,28,0.0
south_share,3.25,30,5,l2,278,250.0
south_share,3.25,30,5,l2,628,600.0
south_share,3.25,30,5,l1,28,0.0
south_share,3.25,30,5,l1,223,200.0
south_share,3.25,30,5,l1,313,300.0
south_share,3.25,30,5,l1,628,600.0
south_share,3.25,30,5,l1,968,950.0
south_share,3.25,30,5,l1,1273,1250.0
south_share,3.25,40,5,l2,28,0.0
south_share,3.25,40,5,l2,278,250.0
south_share,3.25,40,5,l2,628,600.0
south_share,3.25,40,5,l1,28,0.0
south_share,3.25,40,5,l1,223,200.0
south_share,3.25,40,5,l1,313,300.0
south_share,3.25,40,5,l1,628,600.0
south_share,3.25,40,5,l1,968,950.0
south_share,3.25,40,5,l1,1273,1250.0
south_share,3.25,50,5,l2,28,0.0
south_share,3.25,50,5,l2,278,250.0
south_share,3.25,50,5,l2,628,600.0
south_share,3.25,50,5,l1,28,0.0
south_share,3.25,50,5,l1,223,200.0
south_share,3.25,50,5,l1,313,300.0
south_share,3.25,50,5,l1,628,600.0
south_share,3.25,50,5,l1,968,950.0
south_share,3.25,50,5,l1,1273,1250.0
south_share,3.25,60,5,l2,28,0.0
south_share,3.25,60,5,l2,278,250.0
south_share,3.25,60,5,l2,628,600.0
south_share,3.25,60,5,l1,28,0.0
south_share,3.25,60,5,l1,223,200.0
south_share,3.25,60,5,l1,313,300.0
south_share,3.25,60,5,l1,628,600.0
south_share,3.25,60,5,l1,968,950.0
south_share,3.25,60,5,l1,1273,1250.0
south_share,3.25,80,5,l2,28,0.0
south_share,3.25,80,5,l2,278,250.0
south_share,3.25,80,5,l2,628,600.0
south_share,3.25,80,5,l1,28,0.0
south_share,3.25,80,5,l1,223,200.0
south_share,3.25,80,5,l1,313,300.0
south_share,3.25,80,5,l1,628,600.0
south_share,3.25,80,5,l1,968,950.0
south_share,3.25,80,5,l1,1273,1250.0
south_share,3.25,100,5,l2,28,0.0
south_share,3.25,100,5,l2,278,250.0
south_share,3.25,100,5,l2,628,600.0
south_share,3.25,100,5,l1,28,0.0
south_share,3.25,100,5,l1,218,200.0
south_share,3.25,100,5,l1,318,300.0
south_share,3.25,100,5,l1,628,600.0
south_share,3.25,100,5,l1,968,950.0
south_share,3.25,100,5,l1,1273,1250.0
south_share,3.25,120,5,l2,28,0.0
south_share,3.25,120,5,l2,278,250.0
south_share,3.25,120,5,l2,628,600.0
south_share,3.25,120,5,l1,28,0.0
south_share,3.25,120,5,l1,193,150.0
south_share,3.25,120,5,l1,313,300.0
south_share,3.25,120,5,l1,628,600.0
south_share,3.25,120,5,l1,968,950.0
south_share,3.25,120,5,l1,1273,1250.0
south_share,3.25,150,5,l2,28,0.0
south_share,3.25,150,5,l2,278,250.0
south_share,3.25,150,5,l2,628,600.0
south_share,3.25,150,5,l1,28,0.0
south_share,3.25,150,5,l1,278,250.0
south_share,3.25,150,5,l1,628,600.0
south_share,3.25,150,5,l1,968,950.0
south_share,3.25,150,5,l1,1273,1250.0
south_share,3.25,200,5,l2,28,0.0
south_share,3.25,200,5,l2,278,250.0
south_share,3.25,200,5,l2,628,600.0
south_share,3.25,200,5,l1,28,0.0
south_share,3.25,200,5,l1,278,250.0
south_share,3.25,200,5,l1,628,600.0
south_share,3.25,200,5,l1,968,950.0
south_share,3.25,200,5,l1,1273,1250.0
south_share,3.5,30,5,l2,28,0.0
south_share,3.5,30,5,l2,278,250.0
south_share,3.5,30,5,l2,628,600.0
south_share,3.5,30,5,l1,28,0.0
south_share,3.5,30,5,l1,223,200.0
south_share,3.5,30,5,l1,313,300.0
south_share,3.5,30,5,l1,628,600.0
south_share,3.5,30,5,l1,968,950.0
south_share,3.5,30,5,l1,1273,1250.0
south_share,3.5,40,5,l2,28,0.0
south_share,3.5,40,5,l2,278,250.0
south_share,3.5,40,5,l2,628,600.0
south_share,3.5,40,5,l1,28,0.0
south_share,3.5,40,5,l1,223,200.0
south_share,3.5,40,5,l1,313,300.0
south_share,3.5,40,5,l1,628,600.0
south_share,3.5,40,5,l1,968,950.0
south_share,3.5,40,5,l1,1273,1250.0
south_share,3.5,50,5,l2,28,0.0
south_share,3.5,50,5,l2,278,250.0
south_share,3.5,50,5,l2,628,600.0
south_share,3.5,50,5,l1,28,0.0
south_share,3.5,50,5,l1,223,200.0
south_share,3.5,50,5,l1,313,300.0
south_share,3.5,50,5,l1,628,600.0
south_share,3.5,50,5,l1,968,950.0
south_share,3.5,50,5,l1,1273,1250.0
south_share,3.5,60,5,l2,28,0.0
south_share,3.5,60,5,l2,278,250.0
south_share,3.5,60,5,l2,628,600.0
south_share,3.5,60,5,l1,28,0.0
south_share,3.5,60,5,l1,223,200.0
south_share,3.5,60,5,l1,313,300.0
south_share,3.5,60,5,l1,628,600.0
south_share,3.5,60,5,l1,968,950.0
south_share,3.5,60,5,l1,1273,1250.0
south_share,3.5,80,5,l2,28,0.0
south_share,3.5,80,5,l2,278,250.0
south_share,3.5,80,5,l2,628,600.0
south_share,3.5,80,5,l1,28,0.0
south_share,3.5,80,5,l1,223,200.0
south_share,3.5,80,5,l1,313,300.0
south_share,3.5,80,5,l1,628,600.0
south_share,3.5,80,5,l1,968,950.0
south_share,3.5,80,5,l1,1273,1250.0
south_share,3.5,100,5,l2,28,0.0
south_share,3.5,100,5,l2,278,250.0
south_share,3.5,100,5,l2,628,600.0
south_share,3.5,100,5,l1,28,0.0
south_share,3.5,100,5,l1,218,200.0
south_share,3.5,100,5,l1,318,300.0
south_share,3.5,100,5,l1,628,600.0
south_share,3.5,100,5,l1,968,950.0
south_share,3.5,100,5,l1,1273,1250.0
south_share,3.5,120,5,l2,28,0.0
south_share,3.5,120,5,l2,278,250.0
south_share,3.5,120,5,l2,628,600.0
south_share,3.5,120,5,l1,28,0.0
south_share,3.5,120,5,l1,278,250.0
south_share,3.5,120,5,l1,628,600.0
south_share,3.5,120,5,l1,968,950.0
south_share,3.5,120,5,l1,1273,1250.0
south_share,3.5,150,5,l2,28,0.0
south_share,3.5,150,5,l2,278,250.0
south_share,3.5,150,5,l2,628,600.0
south_share,3.5,150,5,l1,28,0.0
south_share,3.5,150,5,l1,278,250.0
south_share,3.5,150,5,l1,628,600.0
south_share,3.5,150,5,l1,968,950.0
south_share,3.5,150,5,l1,1273,1250.0
south_share,3.5,200,5,l2,28,0.0
south_share,3.5,200,5,l2,278,250.0
south_share,3.5,200,5,l2,628,600.0
south_share,3.5,200,5,l1,28,0.0
south_share,3.5,200,5,l1,278,250.0
south_share,3.5,200,5,l1,628,600.0
south_share,3.5,200,5,l1,968,950.0
south_share,3.5,200,5,l1,1273,1250.0
south_share,3.75,30,5,l2,28,0.0
south_share,3.75,30,5,l2,278,250.0
south_share,3.75,30,5,l2,628,600.0
south_share,3.75,30,5,l1,28,0.0
south_share,3.75,30,5,l1,223,200.0
south_share,3.75,30,5,l1,313,300.0
south_share,3.75,30,5,l1,628,600.0
south_share,3.75,30,5,l1,968,950.0
south_share,3.75,30,5,l1,1273,1250.0
south_share,3.75,40,5,l2,28,0.0
south_share,3.75,40,5,l2,278,250.0
south_share,3.75,40,5,l2,628,600.0
south_share,3.75,40,5,l1,28,0.0
south_share,3.75,40,5,l1,223,200.0
south_share,3.75,40,5,l1,313,300.0
south_share,3.75,40,5,l1,628,600.0
south_share,3.75,40,5,l1,968,950.0
south_share,3.75,40,5,l1,1273,1250.0
south_share,3.75,50,5,l2,28,0.0
south_share,3.75,50,5,l2,278,250.0
south_share,3.75,50,5,l2,628,600.0
south_share,3.75,50,5,l1,28,0.0
south_share,3.75,50,5,l1,223,200.0
south_share,3.75,50,5,l1,313,300.0
south_share,3.75,50,5,l1,628,600.0
south_share,3.75,50,5,l1,968,950.0
south_share,3.75,50,5,l1,1273,1250.0
south_share,3.75,60,5,l2,28,0.0
south_share,3.75,60,5,l2,278,250.0
south_share,3.75,60,5,l2,628,600.0
south_share,3.75,60,5,l1,28,0.0
south_share,3.75,60,5,l1,223,200.0
south_share,3.75,60,5,l1,313,300.0
south_share,3.75,60,5,l1,628,600.0
south_share,3.75,60,5,l1,968,950.0
south_share,3.75,60,5,l1,1273,1250.0
south_share,3.75,80,5,l2,28,0.0
south_share,3.75,80,5,l2,278,250.0
south_share,3.75,80,5,l2,628,600.0
south_share,3.75,80,5,l1,28,0.0
south_share,3.75,80,5,l1,223,200.0
south_share,3.75,80,5,l1,313,300.0
south_share,3.75,80,5,l1,628,600.0
south_share,3.75,80,5,l1,968,950.0
south_share,3.75,80,5,l1,1273,1250.0
south_share,3.75,100,5,l2,28,0.0
south_share,3.75,100,5,l2,278,250.0
south_share,3.75,100,5,l2,628,600.0
south_share,3.75,100,5,l1,28,0.0
south_share,3.75,100,5,l1,218,200.0
south_share,3.75,100,5,l1,318,300.0
south_share,3.75,100,5,l1,628,600.0
south_share,3.75,100,5,l1,968,950.0
south_share,3.75,100,5,l1,1273,1250.0
south_share,3.75,120,5,l2,28,0.0
south_share,3.75,120,5,l2,278,250.0
south_share,3.75,120,5,l2,628,600.0
south_share,3.75,120,5,l1,28,0.0
south_share,3.75,120,5,l1,278,250.0
south_share,3.75,120,5,l1,628,600.0
south_share,3.75,120,5,l1,968,950.0
south_share,3.75,120,5,l1,1273,1250.0
south_share,3.75,150,5,l2,28,0.0
south_share,3.75,150,5,l2,278,250.0
south_share,3.75,150,5,l2,628,600.0
south_share,3.75,150,5,l1,28,0.0
south_share,3.75,150,5,l1,278,250.0
south_share,3.75,150,5,l1,628,600.0
south_share,3.75,150,5,l1,968,950.0
south_share,3.75,150,5,l1,1273,1250.0
south_share,3.75,200,5,l2,28,0.0
south_share,3.75,200,5,l2,278,250.0
south_share,3.75,200,5,l2,628,600.0
south_share,3.75,200,5,l1,28,0.0
south_share,3.75,200,5,l1,278,250.0
south_share,3.75,200,5,l1,628,600.0
south_share,3.75,200,5,l1,968,950.0
south_share,3.75,200,5,l1,1273,1250.0
south_share,4.0,30,5,l2,28,0.0
south_share,4.0,30,5,l2,278,250.0
south_share,4.0,30,5,l2,628,600.0
south_share,4.0,30,5,l1,28,0.0
south_share,4.0,30,5,l1,278,250.0
south_share,4.0,30,5,l1,628,600.0
south_share,4.0,30,5,l1,968,950.0
south_share,4.0,30,5,l1,1273,1250.0
south_share,4.0,40,5,l2,28,0.0
south_share,4.0,40,5,l2,278,250.0
south_share,4.0,40,5,l2,628,600.0
south_share,4.0,40,5,l1,28,0.0
south_share,4.0,40,5,l1,278,250.0
south_share,4.0,40,5,l1,628,600.0
south_share,4.0,40,5,l1,968,950.0
south_share,4.0,40,5,l1,1273,1250.0
south_share,4.0,50,5,l2,28,0.0
south_share,4.0,50,5,l2,278,250.0
south_share,4.0,50,5,l2,628,600.0
south_share,4.0,50,5,l1,28,0.0
south_share,4.0,50,5,l1,278,250.0
south_share,4.0,50,5,l1,628,600.0
south_share,4.0,50,5,l1,968,950.0
south_share,4.0,50,5,l1,1273,1250.0
south_share,4.0,60,5,l2,28,0.0
south_share,4.0,60,5,l2,278,250.0
south_share,4.0,60,5,l2,628,600.0
south_share,4.0,60,5,l1,28,0.0
south_share,4.0,60,5,l1,278,250.0
south_share,4.0,60,5,l1,628,600.0
south_share,4.0,60,5,l1,968,950.0
south_share,4.0,60,5,l1,1273,1250.0
south_share,4.0,80,5,l2,28,0.0
south_share,4.0,80,5,l2,278,250.0
south_share,4.0,80,5,l2,628,600.0
south_share,4.0,80,5,l1,28,0.0
south_share,4.0,80,5,l1,278,250.0
south_share,4.0,80,5,l1,628,600.0
south_share,4.0,80,5,l1,968,950.0
south_share,4.0,80,5,l1,1273,1250.0
south_share,4.0,100,5,l2,28,0.0
south_share,4.0,100,5,l2,278,250.0
south_share,4.0,100,5,l2,628,600.0
south_share,4.0,100,5,l1,28,0.0
south_share,4.0,100,5,l1,278,250.0
south_share,4.0,100,5,l1,628,600.0
south_share,4.0,100,5,l1,968,950.0
south_share,4.0,100,5,l1,1273,1250.0
south_share,4.0,120,5,l2,28,0.0
south_share,4.0,120,5,l2,278,250.0
south_share,4.0,120,5,l2,628,600.0
south_share,4.0,120,5,l1,28,0.0
south_share,4.0,120,5,l1,278,250.0
south_share,4.0,120,5,l1,628,600.0
south_share,4.0,120,5,l1,968,950.0
south_share,4.0,120,5,l1,1273,1250.0
south_share,4.0,150,5,l2,28,0.0
south_share,4.0,150,5,l2,278,250.0
south_share,4.0,150,5,l2,628,600.0
south_share,4.0,150,5,l1,28,0.0
south_share,4.0,150,5,l1,278,250.0
south_share,4.0,150,5,l1,628,600.0
south_share,4.0,150,5,l1,968,950.0
south_share,4.0,150,5,l1,1273,1250.0
south_share,4.0,200,5,l2,28,0.0
south_share,4.0,200,5,l2,278,250.0
south_share,4.0,200,5,l2,628,600.0
south_share,4.0,200,5,l1,28,0.0
south_share,4.0,200,5,l1,278,250.0
south_share,4.0,200,5,l1,628,600.0
south_share,4.0,200,5,l1,968,950.0
south_share,4.0,200,5,l1,1273,1250.0
south_share,4.25,30,5,l2,28,0.0
south_share,4.25,30,5,l2,278,250.0
south_share,4.25,30,5,l2,628,600.0
south_share,4.25,30,5,l1,28,0.0
south_share,4.25,30,5,l1,278,250.0
south_share,4.25,30,5,l1,628,600.0
south_share,4.25,30,5,l1,968,950.0
south_share,4.25,30,5,l1,1273,1250.0
south_share,4.25,40,5,l2,28,0.0
south_share,4.25,40,5,l2,278,250.0
south_share,4.25,40,5,l2,628,600.0
south_share,4.25,40,5,l1,28,0.0
south_share,4.25,40,5,l1,278,250.0
south_share,4.25,40,5,l1,628,600.0
south_share,4.25,40,5,l1,968,950.0
south_share,4.25,40,5,l1,1273,1250.0
south_share,4.25,50,5,l2,28,0.0
south_share,4.25,50,5,l2,278,250.0
south_share,4.25,50,5,l2,628,600.0
south_share,4.25,50,5,l1,28,0.0
south_share,4.25,50,5,l1,278,250.0
south_share,4.25,50,5,l1,628,600.0
south_share,4.25,50,5,l1,968,950.0
south_share,4.25,50,5,l1,1273,1250.0
south_share,4.25,60,5,l2,28,0.0
south_share,4.25,60,5,l2,278,250.0
south_share,4.25,60,5,l2,628,600.0
south_share,4.25,60,5,l1,28,0.0
south_share,4.25,60,5,l1,278,250.0
south_share,4.25,60,5,l1,628,600.0
south_share,4.25,60,5,l1,968,950.0
south_share,4.25,60,5,l1,1273,1250.0
south_share,4.25,80,5,l2,28,0.0
south_share,4.25,80,5,l2,278,250.0
south_share,4.25,80,5,l2,628,600.0
south_share,4.25,80,5,l1,28,0.0
south_share,4.25,80,5,l1,278,250.0
south_share,4.25,80,5,l1,628,600.0
south_share,4.25,80,5,l1,968,950.0
south_share,4.25,80,5,l1,1273,1250.0
south_share,4.25,100,5,l2,28,0.0
south_share,4.25,100,5,l2,278,250.0
south_share,4.25,100,5,l2,628,600.0
south_share,4.25,100,5,l1,28,0.0
south_share,4.25,100,5,l1,278,250.0
south_share,4.25,100,5,l1,628,600.0
south_share,4.25,100,5,l1,968,950.0
south_share,4.25,100,5,l1,1273,1250.0
south_share,4.25,120,5,l2,28,0.0
south_share,4.25,120,5,l2,278,250.0
south_share,4.25,120,5,l2,628,600.0
south_share,4.25,120,5,l1,28,0.0
south_share,4.25,120,5,l1,278,250.0
south_share,4.25,120,5,l1,628,600.0
south_share,4.25,120,5,l1,968,950.0
south_share,4.25,120,5,l1,1273,1250.0
south_share,4.25,150,5,l2,28,0.0
south_share,4.25,150,5,l2,278,250.0
south_share,4.25,150,5,l2,628,600.0
south_share,4.25,150,5,l1,28,0.0
south_share,4.25,150,5,l1,278,250.0
south_share,4.25,150,5,l1,628,600.0
south_share,4.25,150,5,l1,968,950.0
south_share,4.25,150,5,l1,1273,1250.0
south_share,4.25,200,5,l2,28,0.0
south_share,4.25,200,5,l2,278,250.0
south_share,4.25,200,5,l2,628,600.0
south_share,4.25,200,5,l1,28,0.0
south_share,4.25,200,5,l1,278,250.0
south_share,4.25,200,5,l1,628,600.0
south_share,4.25,200,5,l1,968,950.0
south_share,4.25,200,5,l1,1273,1250.0
south_share,4.5,30,5,l2,28,0.0
south_share,4.5,30,5,l2,278,250.0
south_share,4.5,30,5,l2,628,600.0
south_share,4.5,30,5,l1,28,0.0
south_share,4.5,30,5,l1,278,250.0
south_share,4.5,30,5,l1,628,600.0
south_share,4.5,30,5,l1,968,950.0
south_share,4.5,30,5,l1,1273,1250.0
south_share,4.5,40,5,l2,28,0.0
south_share,4.5,40,5,l2,278,250.0
south_share,4.5,40,5,l2,628,600.0
south_share,4.5,40,5,l1,28,0.0
south_share,4.5,40,5,l1,278,250.0
south_share,4.5,40,5,l1,628,600.0
south_share,4.5,40,5,l1,968,950.0
south_share,4.5,40,5,l1,1273,1250.0
south_share,4.5,50,5,l2,28,0.0
south_share,4.5,50,5,l2,278,250.0
south_share,4.5,50,5,l2,628,600.0
south_share,4.5,50,5,l1,28,0.0
south_share,4.5,50,5,l1,278,250.0
south_share,4.5,50,5,l1,628,600.0
south_share,4.5,50,5,l1,968,950.0
south_share,4.5,50,5,l1,1273,1250.0
south_share,4.5,60,5,l2,28,0.0
south_share,4.5,60,5,l2,278,250.0
south_share,4.5,60,5,l2,628,600.0
south_share,4.5,60,5,l1,28,0.0
south_share,4.5,60,5,l1,278,250.0
south_share,4.5,60,5,l1,628,600.0
south_share,4.5,60,5,l1,968,950.0
south_share,4.5,60,5,l1,1273,1250.0
south_share,4.5,80,5,l2,28,0.0
south_share,4.5,80,5,l2,278,250.0
south_share,4.5,80,5,l2,628,600.0
south_share,4.5,80,5,l1,28,0.0
south_share,4.5,80,5,l1,278,250.0
south_share,4.5,80,5,l1,628,600.0
south_share,4.5,80,5,l1,968,950.0
south_share,4.5,80,5,l1,1273,1250.0
south_share,4.5,100,5,l2,28,0.0
south_share,4.5,100,5,l2,278,250.0
south_share,4.5,100,5,l2,628,600.0
south_share,4.5,100,5,l1,28,0.0
south_share,4.5,100,5,l1,278,250.0
south_share,4.5,100,5,l1,628,600.0
south_share,4.5,100,5,l1,968,950.0
south_share,4.5,100,5,l1,1273,1250.0
south_share,4.5,120,5,l2,28,0.0
south_share,4.5,120,5,l2,278,250.0
south_share,4.5,120,5,l2,628,600.0
south_share,4.5,120,5,l1,28,0.0
south_share,4.5,120,5,l1,278,250.0
south_share,4.5,120,5,l1,628,600.0
south_share,4.5,120,5,l1,968,950.0
south_share,4.5,120,5,l1,1273,1250.0
south_share,4.5,150,5,l2,28,0.0
south_share,4.5,150,5,l2,278,250.0
south_share,4.5,150,5,l2,628,600.0
south_share,4.5,150,5,l1,28,0.0
south_share,4.5,150,5,l1,278,250.0
south_share,4.5,150,5,l1,628,600.0
south_share,4.5,150,5,l1,968,950.0
south_share,4.5,150,5,l1,1273,1250.0
south_share,4.5,200,5,l2,28,0.0
south_share,4.5,200,5,l2,278,250.0
south_share,4.5,200,5,l2,628,600.0
south_share,4.5,200,5,l1,28,0.0
south_share,4.5,200,5,l1,278,250.0
south_share,4.5,200,5,l1,628,600.0
south_share,4.5,200,5,l1,968,950.0
south_share,4.5,200,5,l1,1273,1250.0
south_share,4.75,30,5,l2,28,0.0
south_share,4.75,30,5,l2,278,250.0
south_share,4.75,30,5,l2,628,600.0
south_share,4.75,30,5,l1,28,0.0
south_share,4.75,30,5,l1,278,250.0
south_share,4.75,30,5,l1,628,600.0
south_share,4.75,30,5,l1,968,950.0
south_share,4.75,30,5,l1,1273,1250.0
south_share,4.75,40,5,l2,28,0.0
south_share,4.75,40,5,l2,278,250.0
south_share,4.75,40,5,l2,628,600.0
south_share,4.75,40,5,l1,28,0.0
south_share,4.75,40,5,l1,278,250.0
south_share,4.75,40,5,l1,628,600.0
south_share,4.75,40,5,l1,968,950.0
south_share,4.75,40,5,l1,1273,1250.0
south_share,4.75,50,5,l2,28,0.0
south_share,4.75,50,5,l2,278,250.0
south_share,4.75,50,5,l2,628,600.0
south_share,4.75,50,5,l1,28,0.0
south_share,4.75,50,5,l1,278,250.0
south_share,4.75,50,5,l1,628,600.0
south_share,4.75,50,5,l1,968,950.0
south_share,4.75,50,5,l1,1273,1250.0
south_share,4.75,60,5,l2,28,0.0
south_share,4.75,60,5,l2,278,250.0
south_share,4.75,60,5,l2,628,600.0
south_share,4.75,60,5,l1,28,0.0
south_share,4.75,60,5,l1,278,250.0
south_share,4.75,60,5,l1,628,600.0
south_share,4.75,60,5,l1,968,950.0
south_share,4.75,60,5,l1,1273,1250.0
south_share,4.75,80,5,l2,28,0.0
south_share,4.75,80,5,l2,278,250.0
south_share,4.75,80,5,l2,628,600.0
south_share,4.75,80,5,l1,28,0.0
south_share,4.75,80,5,l1,278,250.0
south_share,4.75,80,5,l1,628,600.0
south_share,4.75,80,5,l1,968,950.0
south_share,4.75,80,5,l1,1273,1250.0
south_share,4.75,100,5,l2,28,0.0
south_share,4.75,100,5,l2,278,250.0
south_share,4.75,100,5,l2,628,600.0
south_share,4.75,100,5,l1,28,0.0
south_share,4.75,100,5,l1,278,250.0
south_share,4.75,100,5,l1,628,600.0
south_share,4.75,100,5,l1,968,950.0
south_share,4.75,100,5,l1,1273,1250.0
south_share,4.75,120,5,l2,28,0.0
south_share,4.75,120,5,l2,278,250.0
south_share,4.75,120,5,l2,628,600.0
south_share,4.75,120,5,l1,28,0.0
south_share,4.75,120,5,l1,278,250.0
south_share,4.75,120,5,l1,628,600.0
south_share,4.75,120,5,l1,968,950.0
south_share,4.75,120,5,l1,1273,1250.0
south_share,4.75,150,5,l2,28,0.0
south_share,4.75,150,5,l2,278,250.0
south_share,4.75,150,5,l2,628,600.0
south_share,4.75,150,5,l1,28,0.0
south_share,4.75,150,5,l1,278,250.0
south_share,4.75,150,5,l1,628,600.0
south_share,4.75,150,5,l1,968,950.0
south_share,4.75,150,5,l1,1273,1250.0
south_share,4.75,200,5,l2,28,0.0
south_share,4.75,200,5,l2,278,250.0
south_share,4.75,200,5,l2,628,600.0
south_share,4.75,200,5,l1,28,0.0
south_share,4.75,200,5,l1,278,250.0
south_share,4.75,200,5,l1,628,600.0
south_share,4.75,200,5,l1,968,950.0
south_share,4.75,200,5,l1,1273,1250.0
south_share,5.0,30,5,l2,28,0.0
south_share,5.0,30,5,l2,278,250.0
south_share,5.0,30,5,l2,628,600.0
south_share,5.0,30,5,l1,28,0.0
south_share,5.0,30,5,l1,278,250.0
south_share,5.0,30,5,l1,628,600.0
south_share,5.0,30,5,l1,968,950.0
south_share,5.0,30,5,l1,1273,1250.0
south_share,5.0,40,5,l2,28,0.0
south_share,5.0,40,5,l2,278,250.0
south_share,5.0,40,5,l2,628,600.0
south_share,5.0,40,5,l1,28,0.0
south_share,5.0,40,5,l1,278,250.0
south_share,5.0,40,5,l1,628,600.0
south_share,5.0,40,5,l1,968,950.0
south_share,5.0,40,5,l1,1273,1250.0
south_share,5.0,50,5,l2,28,0.0
south_share,5.0,50,5,l2,278,250.0
south_share,5.0,50,5,l2,628,600.0
south_share,5.0,50,5,l1,28,0.0
south_share,5.0,50,5,l1,278,250.0
south_share,5.0,50,5,l1,628,600.0
south_share,5.0,50,5,l1,968,950.0
south_share,5.0,50,5,l1,1273,1250.0
south_share,5.0,60,5,l2,28,0.0
south_share,5.0,60,5,l2,278,250.0
south_share,5.0,60,5,l2,628,600.0
south_share,5.0,60,5,l1,28,0.0
south_share,5.0,60,5,l1,278,250.0
south_share,5.0,60,5,l1,628,600.0
south_share,5.0,60,5,l1,968,950.0
south_share,5.0,60,5,l1,1273,1250.0
south_share,5.0,80,5,l2,28,0.0
south_share,5.0,80,5,l2,278,250.0
south_share,5.0,80,5,l2,628,600.0
south_share,5.0,80,5,l1,28,0.0
south_share,5.0,80,5,l1,278,250.0
south_share,5.0,80,5,l1,628,600.0
south_share,5.0,80,5,l1,968,950.0
south_share,5.0,80,5,l1,1273,1250.0
south_share,5.0,100,5,l2,28,0.0
south_share,5.0,100,5,l2,278,250.0
south_share,5.0,100,5,l2,628,600.0
south_share,5.0,100,5,l1,28,0.0
south_share,5.0,100,5,l1,278,250.0
south_share,5.0,100,5,l1,628,600.0
south_share,5.0,100,5,l1,968,950.0
south_share,5.0,100,5,l1,1273,1250.0
south_share,5.0,120,5,l2,28,0.0
south_share,5.0,120,5,l2,278,250.0
south_share,5.0,120,5,l2,628,600.0
south_share,5.0,120,5,l1,28,0.0
south_share,5.0,120,5,l1,278,250.0
south_share,5.0,120,5,l1,628,600.0
south_share,5.0,120,5,l1,968,950.0
south_share,5.0,120,5,l1,1273,1250.0
south_share,5.0,150,5,l2,28,0.0
south_share,5.0,150,5,l2,278,250.0
south_share,5.0,150,5,l2,628,600.0
south_share,5.0,150,5,l1,28,0.0
south_share,5.0,150,5,l1,278,250.0
south_share,5.0,150,5,l1,628,600.0
south_share,5.0,150,5,l1,968,950.0
south_share,5.0,150,5,l1,1273,1250.0
south_share,5.0,200,5,l2,28,0.0
south_share,5.0,200,5,l2,278,250.0
south_share,5.0,200,5,l2,628,600.0
south_share,5.0,200,5,l1,28,0.0
south_share,5.0,200,5,l1,278,250.0
south_share,5.0,200,5,l1,628,600.0
south_share,5.0,200,5,l1,968,950.0
south_share,5.0,200,5,l1,1273,1250.0
south_share,6.0,30,5,l2,268,250.0
south_share,6.0,30,5,l2,628,600.0
south_share,6.0,30,5,l1,28,0.0
south_share,6.0,30,5,l1,278,250.0
south_share,6.0,30,5,l1,628,600.0
south_share,6.0,40,5,l2,268,250.0
south_share,6.0,40,5,l2,628,600.0
south_share,6.0,40,5,l1,28,0.0
south_share,6.0,40,5,l1,278,250.0
south_share,6.0,40,5,l1,628,600.0
south_share,6.0,50,5,l2,268,250.0
south_share,6.0,50,5,l2,628,600.0
south_share,6.0,50,5,l1,28,0.0
south_share,6.0,50,5,l1,278,250.0
south_share,6.0,50,5,l1,628,600.0
south_share,6.0,60,5,l2,268,250.0
south_share,6.0,60,5,l2,628,600.0
south_share,6.0,60,5,l1,28,0.0
south_share,6.0,60,5,l1,278,250.0
south_share,6.0,60,5,l1,628,600.0
south_share,6.0,80,5,l2,268,250.0
south_share,6.0,80,5,l2,628,600.0
south_share,6.0,80,5,l1,28,0.0
south_share,6.0,80,5,l1,278,250.0
south_share,6.0,80,5,l1,628,600.0
south_share,6.0,100,5,l2,268,250.0
south_share,6.0,100,5,l2,628,600.0
south_share,6.0,100,5,l1,28,0.0
south_share,6.0,100,5,l1,278,250.0
south_share,6.0,100,5,l1,628,600.0
south_share,6.0,120,5,l2,268,250.0
south_share,6.0,120,5,l2,628,600.0
south_share,6.0,120,5,l1,28,0.0
south_share,6.0,120,5,l1,278,250.0
south_share,6.0,120,5,l1,628,600.0
south_share,6.0,150,5,l2,268,250.0
south_share,6.0,150,5,l2,628,600.0
south_share,6.0,150,5,l1,28,0.0
south_share,6.0,150,5,l1,278,250.0
south_share,6.0,150,5,l1,628,600.0
south_share,6.0,200,5,l2,268,250.0
south_share,6.0,200,5,l2,628,600.0
south_share,6.0,200,5,l1,28,0.0
south_share,6.0,200,5,l1,278,250.0
south_share,6.0,200,5,l1,628,600.0
south_share,7.0,30,5,l2,268,250.0
south_share,7.0,30,5,l2,628,600.0
south_share,7.0,30,5,l1,28,0.0
south_share,7.0,30,5,l1,278,250.0
south_share,7.0,30,5,l1,628,600.0
south_share,7.0,40,5,l2,268,250.0
south_share,7.0,40,5,l2,628,600.0
south_share,7.0,40,5,l1,28,0.0
south_share,7.0,40,5,l1,278,250.0
south_share,7.0,40,5,l1,628,600.0
south_share,7.0,50,5,l2,268,250.0
south_share,7.0,50,5,l2,628,600.0
south_share,7.0,50,5,l1,28,0.0
south_share,7.0,50,5,l1,278,250.0
south_share,7.0,50,5,l1,628,600.0
south_share,7.0,60,5,l2,268,250.0
south_share,7.0,60,5,l2,628,600.0
south_share,7.0,60,5,l1,28,0.0
south_share,7.0,60,5,l1,278,250.0
south_share,7.0,60,5,l1,628,600.0
south_share,7.0,80,5,l2,268,250.0
south_share,7.0,80,5,l2,628,600.0
south_share,7.0,80,5,l1,28,0.0
south_share,7.0,80,5,l1,278,250.0
south_share,7.0,80,5,l1,628,600.0
south_share,7.0,100,5,l2,268,250.0
south_share,7.0,100,5,l2,628,600.0
south_share,7.0,100,5,l1,28,0.0
south_share,7.0,100,5,l1,278,250.0
south_share,7.0,100,5,l1,628,600.0
south_share,7.0,120,5,l2,268,250.0
south_share,7.0,120,5,l2,628,600.0
south_share,7.0,120,5,l1,28,0.0
south_share,7.0,120,5,l1,278,250.0
south_share,7.0,120,5,l1,628,600.0
south_share,7.0,150,5,l2,268,250.0
south_share,7.0,150,5,l2,628,600.0
south_share,7.0,150,5,l1,28,0.0
south_share,7.0,150,5,l1,278,250.0
south_share,7.0,150,5,l1,628,600.0
south_share,7.0,200,5,l2,268,250.0
south_share,7.0,200,5,l2,628,600.0
south_share,7.0,200,5,l1,28,0.0
south_share,7.0,200,5,l1,278,250.0
south_share,7.0,200,5,l1,628,600.0
south_share,8.0,30,5,l2,268,250.0
south_share,8.0,30,5,l2,628,600.0
south_share,8.0,30,5,l1,28,0.0
south_share,8.0,30,5,l1,278,250.0
south_share,8.0,30,5,l1,628,600.0
south_share,8.0,40,5,l2,268,250.0
south_share,8.0,40,5,l2,628,600.0
south_share,8.0,40,5,l1,28,0.0
south_share,8.0,40,5,l1,278,250.0
south_share,8.0,40,5,l1,628,600.0
south_share,8.0,50,5,l2,268,250.0
south_share,8.0,50,5,l2,628,600.0
south_share,8.0,50,5,l1,28,0.0
south_share,8.0,50,5,l1,278,250.0
south_share,8.0,50,5,l1,628,600.0
south_share,8.0,60,5,l2,268,250.0
south_share,8.0,60,5,l2,628,600.0
south_share,8.0,60,5,l1,28,0.0
south_share,8.0,60,5,l1,278,250.0
south_share,8.0,60,5,l1,628,600.0
south_share,8.0,80,5,l2,268,250.0
south_share,8.0,80,5,l2,628,600.0
south_share,8.0,80,5,l1,28,0.0
south_share,8.0,80,5,l1,278,250.0
south_share,8.0,80,5,l1,628,600.0
south_share,8.0,100,5,l2,268,250.0
south_share,8.0,100,5,l2,628,600.0
south_share,8.0,100,5,l1,28,0.0
south_share,8.0,100,5,l1,278,250.0
south_share,8.0,100,5,l1,628,600.0
south_share,8.0,120,5,l2,268,250.0
south_share,8.0,120,5,l2,628,600.0
south_share,8.0,120,5,l1,28,0.0
south_share,8.0,120,5,l1,278,250.0
south_share,8.0,120,5,l1,628,600.0
south_share,8.0,150,5,l2,268,250.0
south_share,8.0,150,5,l2,628,600.0
south_share,8.0,150,5,l1,28,0.0
south_share,8.0,150,5,l1,278,250.0
south_share,8.0,150,5,l1,628,600.0
south_share,8.0,200,5,l2,268,250.0
south_share,8.0,200,5,l2,628,600.0
south_share,8.0,200,5,l1,28,0.0
south_share,8.0,200,5,l1,278,250.0
south_share,8.0,200,5,l1,628,600.0
south_share,10.0,30,5,l2,268,250.0
south_share,10.0,30,5,l2,628,600.0
south_share,10.0,30,5,l1,28,0.0
south_share,10.0,30,5,l1,278,250.0
south_share,10.0,30,5,l1,628,600.0
south_share,10.0,40,5,l2,268,250.0
south_share,10.0,40,5,l2,628,600.0
south_share,10.0,40,5,l1,28,0.0
south_share,10.0,40,5,l1,278,250.0
south_share,10.0,40,5,l1,628,600.0
south_share,10.0,50,5,l2,268,250.0
south_share,10.0,50,5,l2,628,600.0
south_share,10.0,50,5,l1,28,0.0
south_share,10.0,50,5,l1,278,250.0
south_share,10.0,50,5,l1,628,600.0
south_share,10.0,60,5,l2,268,250.0
south_share,10.0,60,5,l2,628,600.0
south_share,10.0,60,5,l1,28,0.0
south_share,10.0,60,5,l1,278,250.0
south_share,10.0,60,5,l1,628,600.0
south_share,10.0,80,5,l2,268,250.0
south_share,10.0,80,5,l2,628,600.0
south_share,10.0,80,5,l1,28,0.0
south_share,10.0,80,5,l1,278,250.0
south_share,10.0,80,5,l1,628,600.0
south_share,10.0,100,5,l2,268,250.0
south_share,10.0,100,5,l2,628,600.0
south_share,10.0,100,5,l1,28,0.0
south_share,10.0,100,5,l1,278,250.0
south_share,10.0,100,5,l1,628,600.0
south_share,10.0,120,5,l2,268,250.0
south_share,10.0,120,5,l2,628,600.0
south_share,10.0,120,5,l1,28,0.0
south_share,10.0,120,5,l1,278,250.0
south_share,10.0,120,5,l1,628,600.0
south_share,10.0,150,5,l2,268,250.0
south_share,10.0,150,5,l2,628,600.0
south_share,10.0,150,5,l1,28,0.0
south_share,10.0,150,5,l1,278,250.0
south_share,10.0,150,5,l1,628,600.0
south_share,10.0,200,5,l2,268,250.0
south_share,10.0,200,5,l2,628,600.0
south_share,10.0,200,5,l1,28,0.0
south_share,10.0,200,5,l1,278,250.0
south_share,10.0,200,5,l1,628,600.0
south_share,12.0,30,5,l2,268,250.0
south_share,12.0,30,5,l2,628,600.0
south_share,12.0,30,5,l1,268,250.0
south_share,12.0,30,5,l1,628,600.0
south_share,12.0,40,5,l2,268,250.0
south_share,12.0,40,5,l2,628,600.0
south_share,12.0,40,5,l1,268,250.0
south_share,12.0,40,5,l1,628,600.0
south_share,12.0,50,5,l2,268,250.0
south_share,12.0,50,5,l2,628,600.0
south_share,12.0,50,5,l1,268,250.0
south_share,12.0,50,5,l1,628,600.0
south_share,12.0,60,5,l2,268,250.0
south_share,12.0,60,5,l2,628,600.0
south_share,12.0,60,5,l1,268,250.0
south_share,12.0,60,5,l1,628,600.0
south_share,12.0,80,5,l2,268,250.0
south_share,12.0,80,5,l2,628,600.0
south_share,12.0,80,5,l1,268,250.0
south_share,12.0,80,5,l1,628,600.0
south_share,12.0,100,5,l2,268,250.0
south_share,12.0,100,5,l2,628,600.0
south_share,12.0,100,5,l1,268,250.0
south_share,12.0,100,5,l1,628,600.0
south_share,12.0,120,5,l2,268,250.0
south_share,12.0,120,5,l2,628,600.0
south_share,12.0,120,5,l1,268,250.0
south_share,12.0,120,5,l1,628,600.0
south_share,12.0,150,5,l2,268,250.0
south_share,12.0,150,5,l2,628,600.0
south_share,12.0,150,5,l1,268,250.0
south_share,12.0,150,5,l1,628,600.0
south_share,12.0,200,5,l2,268,250.0
south_share,12.0,200,5,l2,628,600.0
south_share,12.0,200,5,l1,268,250.0
south_share,12.0,200,5,l1,628,600.0
joint,0.75,30,5,l2,-112,-150.0
joint,0.75,30,5,l2,28,0.0
joint,0.75,30,5,l2,208,200.0
joint,0.75,30,5,l2,263,250.0
joint,0.75,30,5,l2,318,300.0
joint,0.75,30,5,l2,478,450.0
joint,0.75,30,5,l2,588,550.0
joint,0.75,30,5,l2,618,600.0
joint,0.75,30,5,l2,673,650.0
joint,0.75,30,5,l2,973,950.0
joint,0.75,30,5,l2,1278,1250.0
joint,0.75,30,5,l2,1403,1400.0
joint,0.75,30,5,l2,1668,1650.0
joint,0.75,30,5,l1,-112,-150.0
joint,0.75,30,5,l1,28,0.0
joint,0.75,30,5,l1,208,200.0
joint,0.75,30,5,l1,268,250.0
joint,0.75,30,5,l1,318,300.0
joint,0.75,30,5,l1,433,400.0
joint,0.75,30,5,l1,503,500.0
joint,0.75,30,5,l1,588,550.0
joint,0.75,30,5,l1,623,600.0
joint,0.75,30,5,l1,678,650.0
joint,0.75,30,5,l1,803,800.0
joint,0.75,30,5,l1,903,900.0
joint,0.75,30,5,l1,973,950.0
joint,0.75,30,5,l1,1278,1250.0
joint,0.75,30,5,l1,1393,1350.0
joint,0.75,30,5,l1,1478,1450.0
joint,0.75,30,5,l1,1573,1550.0
joint,0.75,30,5,l1,1663,1650.0
joint,0.75,40,5,l2,-112,-150.0
joint,0.75,40,5,l2,28,0.0
joint,0.75,40,5,l2,208,200.0
joint,0.75,40,5,l2,263,250.0
joint,0.75,40,5,l2,318,300.0
joint,0.75,40,5,l2,478,450.0
joint,0.75,40,5,l2,583,550.0
joint,0.75,40,5,l2,623,600.0
joint,0.75,40,5,l2,678,650.0
joint,0.75,40,5,l2,973,950.0
joint,0.75,40,5,l2,1278,1250.0
joint,0.75,40,5,l2,1403,1400.0
joint,0.75,40,5,l2,1668,1650.0
joint,0.75,40,5,l1,-112,-150.0
joint,0.75,40,5,l1,28,0.0
joint,0.75,40,5,l1,208,200.0
joint,0.75,40,5,l1,268,250.0
joint,0.75,40,5,l1,318,300.0
joint,0.75,40,5,l1,433,400.0
joint,0.75,40,5,l1,503,500.0
joint,0.75,40,5,l1,583,550.0
joint,0.75,40,5,l1,623,600.0
joint,0.75,40,5,l1,678,650.0
joint,0.75,40,5,l1,803,800.0
joint,0.75,40,5,l1,903,900.0
joint,0.75,40,5,l1,973,950.0
joint,0.75,40,5,l1,1278,1250.0
joint,0.75,40,5,l1,1393,1350.0
joint,0.75,40,5,l1,1478,1450.0
joint,0.75,40,5,l1,1573,1550.0
joint,0.75,40,5,l1,1663,1650.0
joint,0.75,50,5,l2,-112,-150.0
joint,0.75,50,5,l2,28,0.0
joint,0.75,50,5,l2,223,200.0
joint,0.75,50,5,l2,313,300.0
joint,0.75,50,5,l2,448,400.0
joint,0.75,50,5,l2,623,600.0
joint,0.75,50,5,l2,678,650.0
joint,0.75,50,5,l2,973,950.0
joint,0.75,50,5,l2,1278,1250.0
joint,0.75,50,5,l2,1403,1400.0
joint,0.75,50,5,l2,1668,1650.0
joint,0.75,50,5,l1,-112,-150.0
joint,0.75,50,5,l1,28,0.0
joint,0.75,50,5,l1,208,200.0
joint,0.75,50,5,l1,268,250.0
joint,0.75,50,5,l1,318,300.0
joint,0.75,50,5,l1,433,400.0
joint,0.75,50,5,l1,498,450.0
joint,0.75,50,5,l1,573,550.0
joint,0.75,50,5,l1,623,600.0
joint,0.75,50,5,l1,678,650.0
joint,0.75,50,5,l1,803,800.0
joint,0.75,50,5,l1,903,900.0
joint,0.75,50,5,l1,973,950.0
joint,0.75,50,5,l1,1278,1250.0
joint,0.75,50,5,l1,1393,1350.0
joint,0.75,50,5,l1,1478,1450.0
joint,0.75,50,5,l1,1573,1550.0
joint,0.75,50,5,l1,1663,1650.0
joint,0.75,60,5,l2,-112,-150.0
joint,0.75,60,5,l2,28,0.0
joint,0.75,60,5,l2,223,200.0
joint,0.75,60,5,l2,313,300.0
joint,0.75,60,5,l2,448,400.0
joint,0.75,60,5,l2,623,600.0
joint,0.75,60,5,l2,683,650.0
joint,0.75,60,5,l2,973,950.0
joint,0.75,60,5,l2,1278,1250.0
joint,0.75,60,5,l2,1403,1400.0
joint,0.75,60,5,l2,1668,1650.0
joint,0.75,60,5,l1,-112,-150.0
joint,0.75,60,5,l1,28,0.0
joint,0.75,60,5,l1,203,200.0
joint,0.75,60,5,l1,263,250.0
joint,0.75,60,5,l1,323,300.0
joint,0.75,60,5,l1,433,400.0
joint,0.75,60,5,l1,498,450.0
joint,0.75,60,5,l1,623,600.0
joint,0.75,60,5,l1,683,650.0
joint,0.75,60,5,l1,803,800.0
joint,0.75,60,5,l1,903,900.0
joint,0.75,60,5,l1,973,950.0
joint,0.75,60,5,l1,1278,1250.0
joint,0.75,60,5,l1,1393,1350.0
joint,0.75,60,5,l1,1478,1450.0
joint,0.75,60,5,l1,1573,1550.0
joint,0.75,60,5,l1,1663,1650.0
joint,0.75,80,5,l2,-112,-150.0
joint,0.75,80,5,l2,28,0.0
joint,0.75,80,5,l2,223,200.0
joint,0.75,80,5,l2,313,300.0
joint,0.75,80,5,l2,448,400.0
joint,0.75,80,5,l2,628,600.0
joint,0.75,80,5,l2,973,950.0
joint,0.75,80,5,l2,1278,1250.0
joint,0.75,80,5,l2,1403,1400.0
joint,0.75,80,5,l2,1668,1650.0
joint,0.75,80,5,l1,-112,-150.0
joint,0.75,80,5,l1,28,0.0
joint,0.75,80,5,l1,188,150.0
joint,0.75,80,5,l1,268,250.0
joint,0.75,80,5,l1,348,300.0
joint,0.75,80,5,l1,433,400.0
joint,0.75,80,5,l1,513,500.0
joint,0.75,80,5,l1,618,600.0
joint,0.75,80,5,l1,698,650.0
joint,0.75,80,5,l1,778,750.0
joint,0.75,80,5,l1,893,850.0
joint,0.75,80,5,l1,973,950.0
joint,0.75,80,5,l1,1278,1250.0
joint,0.75,80,5,l1,1393,1350.0
joint,0.75,80,5,l1,1478,1450.0
joint,0.75,80,5,l1,1573,1550.0
joint,0.75,80,5,l1,1663,1650.0
joint,0.75,100,5,l2,-112,-150.0
joint,0.75,100,5,l2,28,0.0
joint,0.75,100,5,l2,218,200.0
joint,0.75,100,5,l2,318,300.0
joint,0.75,100,5,l2,448,400.0
joint,0.75,100,5,l2,628,600.0
joint,0.75,100,5,l2,973,950.0
joint,0.75,100,5,l2,1278,1250.0
joint,0.75,100,5,l2,1403,1400.0
joint,0.75,100,5,l2,1668,1650.0
joint,0.75,100,5,l1,-112,-150.0
joint,0.75,100,5,l1,28,0.0
joint,0.75,100,5,l1,218,200.0
joint,0.75,100,5,l1,318,300.0
joint,0.75,100,5,l1,423,400.0
joint,0.75,100,5,l1,523,500.0
joint,0.75,100,5,l1,638,600.0
joint,0.75,100,5,l1,873,850.0
joint,0.75,100,5,l1,973,950.0
joint,0.75,100,5,l1,1278,1250.0
joint,0.75,100,5,l1,1398,1350.0
joint,0.75,100,5,l1,1563,1550.0
joint,0.75,100,5,l1,1663,1650.0
joint,0.75,120,5,l2,-102,-150.0
joint,0.75,120,5,l2,28,0.0
joint,0.75,120,5,l2,198,150.0
joint,0.75,120,5,l2,318,300.0
joint,0.75,120,5,l2,448,400.0
joint,0.75,120,5,l2,628,600.0
joint,0.75,120,5,l2,973,950.0
joint,0.75,120,5,l2,1278,1250.0
joint,0.75,120,5,l2,1403,1400.0
joint,0.75,120,5,l2,1668,1650.0
joint,0.75,120,5,l1,-102,-150.0
joint,0.75,120,5,l1,28,0.0
joint,0.75,120,5,l1,193,150.0
joint,0.75,120,5,l1,313,300.0
joint,0.75,120,5,l1,443,400.0
joint,0.75,120,5,l1,628,600.0
joint,0.75,120,5,l1,973,950.0
joint,0.75,120,5,l1,1278,1250.0
joint,0.75,120,5,l1,1398,1350.0
joint,0.75,120,5,l1,1523,1500.0
joint,0.75,120,5,l1,1663,1650.0
joint,0.75,150,5,l2,-72,-100.0
joint,0.75,150,5,l2,128,100.0
joint,0.75,150,5,l2,278,250.0
joint,0.75,150,5,l2,438,400.0
joint,0.75,150,5,l2,628,600.0
joint,0.75,150,5,l2,973,950.0
joint,0.75,150,5,l2,1273,1250.0
joint,0.75,150,5,l2,1423,1400.0
joint,0.75,150,5,l2,1663,1650.0
joint,0.75,150,5,l1,-72,-100.0
joint,0.75,150,5,l1,78,50.0
joint,0.75,150,5,l1,268,250.0
joint,0.75,150,5,l1,443,400.0
joint,0.75,150,5,l1,628,600.0
joint,0.75,150,5,l1,973,950.0
joint,0.75,150,5,l1,1273,1250.0
joint,0.75,150,5,l1,1423,1400.0
joint,0.75,150,5,l1,1668,1650.0
joint,0.75,200,5,l2,28,0.0
joint,0.75,200,5,l2,263,250.0
joint,0.75,200,5,l2,463,450.0
joint,0.75,200,5,l2,663,650.0
joint,0.75,200,5,l2,973,950.0
joint,0.75,200,5,l2,1273,1250.0
joint,0.75,200,5,l2,1473,1450.0
joint,0.75,200,5,l2,1673,1650.0
joint,0.75,200,5,l1,28,0.0
joint,0.75,200,5,l1,263,250.0
joint,0.75,200,5,l1,463,450.0
joint,0.75,200,5,l1,663,650.0
joint,0.75,200,5,l1,973,950.0
joint,0.75,200,5,l1,1273,1250.0
joint,0.75,200,5,l1,1473,1450.0
joint,0.75,200,5,l1,1673,1650.0
joint,1.0,30,5,l2,-112,-150.0
joint,1.0,30,5,l2,28,0.0
joint,1.0,30,5,l2,223,200.0
joint,1.0,30,5,l2,318,300.0
joint,1.0,30,5,l2,478,450.0
joint,1.0,30,5,l2,588,550.0
joint,1.0,30,5,l2,618,600.0
joint,1.0,30,5,l2,673,650.0
joint,1.0,30,5,l2,973,950.0
joint,1.0,30,5,l2,1278,1250.0
joint,1.0,30,5,l2,1403,1400.0
joint,1.0,30,5,l2,1668,1650.0
joint,1.0,30,5,l1,-112,-150.0
joint,1.0,30,5,l1,28,0.0
joint,1.0,30,5,l1,208,200.0
joint,1.0,30,5,l1,268,250.0
joint,1.0,30,5,l1,318,300.0
joint,1.0,30,5,l1,433,400.0
joint,1.0,30,5,l1,503,500.0
joint,1.0,30,5,l1,588,550.0
joint,1.0,30,5,l1,623,600.0
joint,1.0,30,5,l1,678,650.0
joint,1.0,30,5,l1,903,900.0
joint,1.0,30,5,l1,973,950.0
joint,1.0,30,5,l1,1278,1250.0
joint,1.0,30,5,l1,1393,1350.0
joint,1.0,30,5,l1,1478,1450.0
joint,1.0,30,5,l1,1573,1550.0
joint,1.0,30,5,l1,1663,1650.0
joint,1.0,40,5,l2,-112,-150.0
joint,1.0,40,5,l2,28,0.0
joint,1.0,40,5,l2,223,200.0
joint,1.0,40,5,l2,318,300.0
joint,1.0,40,5,l2,478,450.0
joint,1.0,40,5,l2,583,550.0
joint,1.0,40,5,l2,623,600.0
joint,1.0,40,5,l2,973,950.0
joint,1.0,40,5,l2,1278,1250.0
joint,1.0,40,5,l2,1403,1400.0
joint,1.0,40,5,l2,1668,1650.0
joint,1.0,40,5,l1,-112,-150.0
joint,1.0,40,5,l1,28,0.0
joint,1.0,40,5,l1,208,200.0
joint,1.0,40,5,l1,268,250.0
joint,1.0,40,5,l1,318,300.0
joint,1.0,40,5,l1,433,400.0
joint,1.0,40,5,l1,503,500.0
joint,1.0,40,5,l1,583,550.0
joint,1.0,40,5,l1,623,600.0
joint,1.0,40,5,l1,678,650.0
joint,1.0,40,5,l1,903,900.0
joint,1.0,40,5,l1,973,950.0
joint,1.0,40,5,l1,1278,1250.0
joint,1.0,40,5,l1,1393,1350.0
joint,1.0,40,5,l1,1478,1450.0
joint,1.0,40,5,l1,1573,1550.0
joint,1.0,40,5,l1,1663,1650.0
joint,1.0,50,5,l2,-112,-150.0
joint,1.0,50,5,l2,28,0.0
joint,1.0,50,5,l2,223,200.0
joint,1.0,50,5,l2,313,300.0
joint,1.0,50,5,l2,448,400.0
joint,1.0,50,5,l2,628,600.0
joint,1.0,50,5,l2,973,950.0
joint,1.0,50,5,l2,1278,1250.0
joint,1.0,50,5,l2,1403,1400.0
joint,1.0,50,5,l2,1668,1650.0
joint,1.0,50,5,l1,-112,-150.0
joint,1.0,50,5,l1,28,0.0
joint,1.0,50,5,l1,208,200.0
joint,1.0,50,5,l1,268,250.0
joint,1.0,50,5,l1,318,300.0
joint,1.0,50,5,l1,433,400.0
joint,1.0,50,5,l1,498,450.0
joint,1.0,50,5,l1,573,550.0
joint,1.0,50,5,l1,623,600.0
joint,1.0,50,5,l1,678,650.0
joint,1.0,50,5,l1,903,900.0
joint,1.0,50,5,l1,973,950.0
joint,1.0,50,5,l1,1278,1250.0
joint,1.0,50,5,l1,1393,1350.0
joint,1.0,50,5,l1,1478,1450.0
joint,1.0,50,5,l1,1573,1550.0
joint,1.0,50,5,l1,1663,1650.0
joint,1.0,60,5,l2,-112,-150.0
joint,1.0,60,5,l2,28,0.0
joint,1.0,60,5,l2,223,200.0
joint,1.0,60,5,l2,313,300.0
joint,1.0,60,5,l2,448,400.0
joint,1.0,60,5,l2,628,600.0
joint,1.0,60,5,l2,973,950.0
joint,1.0,60,5,l2,1278,1250.0
joint,1.0,60,5,l2,1403,1400.0
joint,1.0,60,5,l2,1668,1650.0
joint,1.0,60,5,l1,-112,-150.0
joint,1.0,60,5,l1,28,0.0
joint,1.0,60,5,l1,203,200.0
joint,1.0,60,5,l1,263,250.0
joint,1.0,60,5,l1,323,300.0
joint,1.0,60,5,l1,433,400.0
joint,1.0,60,5,l1,498,450.0
joint,1.0,60,5,l1,623,600.0
joint,1.0,60,5,l1,683,650.0
joint,1.0,60,5,l1,903,900.0
joint,1.0,60,5,l1,973,950.0
joint,1.0,60,5,l1,1278,1250.0
joint,1.0,60,5,l1,1393,1350.0
joint,1.0,60,5,l1,1478,1450.0
joint,1.0,60,5,l1,1573,1550.0
joint,1.0,60,5,l1,1663,1650.0
joint,1.0,80,5,l2,-112,-150.0
joint,1.0,80,5,l2,28,0.0
joint,1.0,80,5,l2,223,200.0
joint,1.0,80,5,l2,313,300.0
joint,1.0,80,5,l2,448,400.0
joint,1.0,80,5,l2,628,600.0
joint,1.0,80,5,l2,973,950.0
joint,1.0,80,5,l2,1278,1250.0
joint,1.0,80,5,l2,1403,1400.0
joint,1.0,80,5,l2,1668,1650.0
joint,1.0,80,5,l1,-112,-150.0
joint,1.0,80,5,l1,28,0.0
joint,1.0,80,5,l1,203,200.0
joint,1.0,80,5,l1,283,250.0
joint,1.0,80,5,l1,428,400.0
joint,1.0,80,5,l1,508,500.0
joint,1.0,80,5,l1,618,600.0
joint,1.0,80,5,l1,698,650.0
joint,1.0,80,5,l1,893,850.0
joint,1.0,80,5,l1,973,950.0
joint,1.0,80,5,l1,1278,1250.0
joint,1.0,80,5,l1,1393,1350.0
joint,1.0,80,5,l1,1478,1450.0
joint,1.0,80,5,l1,1573,1550.0
joint,1.0,80,5,l1,1663,1650.0
joint,1.0,100,5,l2,-112,-150.0
joint,1.0,100,5,l2,28,0.0
joint,1.0,100,5,l2,218,200.0
joint,1.0,100,5,l2,318,300.0
joint,1.0,100,5,l2,448,400.0
joint,1.0,100,5,l2,628,600.0
joint,1.0,100,5,l2,973,950.0
joint,1.0,100,5,l2,1278,1250.0
joint,1.0,100,5,l2,1403,1400.0
joint,1.0,100,5,l2,1668,1650.0
joint,1.0,100,5,l1,-112,-150.0
joint,1.0,100,5,l1,28,0.0
joint,1.0,100,5,l1,218,200.0
joint,1.0,100,5,l1,318,300.0
joint,1.0,100,5,l1,423,400.0
joint,1.0,100,5,l1,523,500.0
joint,1.0,100,5,l1,633,600.0
joint,1.0,100,5,l1,973,950.0
joint,1.0,100,5,l1,1278,1250.0
joint,1.0,100,5,l1,1398,1350.0
joint,1.0,100,5,l1,1563,1550.0
joint,1.0,100,5,l1,1663,1650.0
joint,1.0,120,5,l2,-102,-150.0
joint,1.0,120,5,l2,198,150.0
joint,1.0,120,5,l2,318,300.0
joint,1.0,120,5,l2,448,400.0
joint,1.0,120,5,l2,628,600.0
joint,1.0,120,5,l2,973,950.0
joint,1.0,120,5,l2,1278,1250.0
joint,1.0,120,5,l2,1403,1400.0
joint,1.0,120,5,l2,1668,1650.0
joint,1.0,120,5,l1,-102,-150.0
joint,1.0,120,5,l1,28,0.0
joint,1.0,120,5,l1,193,150.0
joint,1.0,120,5,l1,313,300.0
joint,1.0,120,5,l1,443,400.0
joint,1.0,120,5,l1,628,600.0
joint,1.0,120,5,l1,973,950.0
joint,1.0,120,5,l1,1278,1250.0
joint,1.0,120,5,l1,1398,1350.0
joint,1.0,120,5,l1,1523,1500.0
joint,1.0,120,5,l1,1663,1650.0
joint,1.0,150,5,l2,-72,-100.0
joint,1.0,150,5,l2,128,100.0
joint,1.0,150,5,l2,278,250.0
joint,1.0,150,5,l2,438,400.0
joint,1.0,150,5,l2,628,600.0
joint,1.0,150,5,l2,973,950.0
joint,1.0,150,5,l2,1273,1250.0
joint,1.0,150,5,l2,1423,1400.0
joint,1.0,150,5,l2,1663,1650.0
joint,1.0,150,5,l1,-72,-100.0
joint,1.0,150,5,l1,78,50.0
joint,1.0,150,5,l1,268,250.0
joint,1.0,150,5,l1,443,400.0
joint,1.0,150,5,l1,628,600.0
joint,1.0,150,5,l1,973,950.0
joint,1.0,150,5,l1,1273,1250.0
joint,1.0,150,5,l1,1423,1400.0
joint,1.0,150,5,l1,1668,1650.0
joint,1.0,200,5,l2,28,0.0
joint,1.0,200,5,l2,263,250.0
joint,1.0,200,5,l2,463,450.0
joint,1.0,200,5,l2,663,650.0
joint,1.0,200,5,l2,973,950.0
joint,1.0,200,5,l2,1273,1250.0
joint,1.0,200,5,l2,1473,1450.0
joint,1.0,200,5,l2,1673,1650.0
joint,1.0,200,5,l1,28,0.0
joint,1.0,200,5,l1,263,250.0
joint,1.0,200,5,l1,463,450.0
joint,1.0,200,5,l1,663,650.0
joint,1.0,200,5,l1,973,950.0
joint,1.0,200,5,l1,1273,1250.0
joint,1.0,200,5,l1,1473,1450.0
joint,1.0,200,5,l1,1673,1650.0
joint,1.25,30,5,l2,-112,-150.0
joint,1.25,30,5,l2,218,200.0
joint,1.25,30,5,l2,313,300.0
joint,1.25,30,5,l2,478,450.0
joint,1.25,30,5,l2,588,550.0
joint,1.25,30,5,l2,623,600.0
joint,1.25,30,5,l2,973,950.0
joint,1.25,30,5,l2,1278,1250.0
joint,1.25,30,5,l2,1403,1400.0
joint,1.25,30,5,l2,1668,1650.0
joint,1.25,30,5,l1,-112,-150.0
joint,1.25,30,5,l1,28,0.0
joint,1.25,30,5,l1,208,200.0
joint,1.25,30,5,l1,268,250.0
joint,1.25,30,5,l1,318,300.0
joint,1.25,30,5,l1,433,400.0
joint,1.25,30,5,l1,503,500.0
joint,1.25,30,5,l1,588,550.0
joint,1.25,30,5,l1,623,600.0
joint,1.25,30,5,l1,678,650.0
joint,1.25,30,5,l1,903,900.0
joint,1.25,30,5,l1,973,950.0
joint,1.25,30,5,l1,1278,1250.0
joint,1.25,30,5,l1,1393,1350.0
joint,1.25,30,5,l1,1478,1450.0
joint,1.25,30,5,l1,1573,1550.0
joint,1.25,30,5,l1,1663,1650.0
joint,1.25,40,5,l2,-112,-150.0
joint,1.25,40,5,l2,218,200.0
joint,1.25,40,5,l2,313,300.0
joint,1.25,40,5,l2,448,400.0
joint,1.25,40,5,l2,628,600.0
joint,1.25,40,5,l2,973,950.0
joint,1.25,40,5,l2,1278,1250.0
joint,1.25,40,5,l2,1403,1400.0
joint,1.25,40,5,l2,1668,1650.0
joint,1.25,40,5,l1,-112,-150.0
joint,1.25,40,5,l1,28,0.0
joint,1.25,40,5,l1,208,200.0
joint,1.25,40,5,l1,268,250.0
joint,1.25,40,5,l1,318,300.0
joint,1.25,40,5,l1,433,400.0
joint,1.25,40,5,l1,503,500.0
joint,1.25,40,5,l1,583,550.0
joint,1.25,40,5,l1,623,600.0
joint,1.25,40,5,l1,678,650.0
joint,1.25,40,5,l1,903,900.0
joint,1.25,40,5,l1,973,950.0
joint,1.25,40,5,l1,1278,1250.0
joint,1.25,40,5,l1,1393,1350.0
joint,1.25,40,5,l1,1478,1450.0
joint,1.25,40,5,l1,1573,1550.0
joint,1.25,40,5,l1,1663,1650.0
joint,1.25,50,5,l2,-112,-150.0
joint,1.25,50,5,l2,218,200.0
joint,1.25,50,5,l2,313,300.0
joint,1.25,50,5,l2,448,400.0
joint,1.25,50,5,l2,628,600.0
joint,1.25,50,5,l2,973,950.0
joint,1.25,50,5,l2,1278,1250.0
joint,1.25,50,5,l2,1403,1400.0
joint,1.25,50,5,l2,1668,1650.0
joint,1.25,50,5,l1,-112,-150.0
joint,1.25,50,5,l1,28,0.0
joint,1.25,50,5,l1,208,200.0
joint,1.25,50,5,l1,268,250.0
joint,1.25,50,5,l1,318,300.0
joint,1.25,50,5,l1,433,400.0
joint,1.25,50,5,l1,498,450.0
joint,1.25,50,5,l1,573,550.0
joint,1.25,50,5,l1,623,600.0
joint,1.25,50,5,l1,678,650.0
joint,1.25,50,5,l1,903,900.0
joint,1.25,50,5,l1,973,950.0
joint,1.25,50,5,l1,1278,1250.0
joint,1.25,50,5,l1,1393,1350.0
joint,1.25,50,5,l1,1478,1450.0
joint,1.25,50,5,l1,1573,1550.0
joint,1.25,50,5,l1,1663,1650.0
joint,1.25,60,5,l2,-112,-150.0
joint,1.25,60,5,l2,218,200.0
joint,1.25,60,5,l2,313,300.0
joint,1.25,60,5,l2,448,400.0
joint,1.25,60,5,l2,628,600.0
joint,1.25,60,5,l2,973,950.0
joint,1.25,60,5,l2,1278,1250.0
joint,1.25,60,5,l2,1403,1400.0
joint,1.25,60,5,l2,1668,1650.0
joint,1.25,60,5,l1,-112,-150.0
joint,1.25,60,5,l1,28,0.0
joint,1.25,60,5,l1,203,200.0
joint,1.25,60,5,l1,263,250.0
joint,1.25,60,5,l1,323,300.0
joint,1.25,60,5,l1,433,400.0
joint,1.25,60,5,l1,498,450.0
joint,1.25,60,5,l1,623,600.0
joint,1.25,60,5,l1,683,650.0
joint,1.25,60,5,l1,903,900.0
joint,1.25,60,5,l1,973,950.0
joint,1.25,60,5,l1,1278,1250.0
joint,1.25,60,5,l1,1393,1350.0
joint,1.25,60,5,l1,1478,1450.0
joint,1.25,60,5,l1,1573,1550.0
joint,1.25,60,5,l1,1663,1650.0
joint,1.25,80,5,l2,-112,-150.0
joint,1.25,80,5,l2,218,200.0
joint,1.25,80,5,l2,313,300.0
joint,1.25,80,5,l2,448,400.0
joint,1.25,80,5,l2,628,600.0
joint,1.25,80,5,l2,973,950.0
joint,1.25,80,5,l2,1278,1250.0
joint,1.25,80,5,l2,1403,1400.0
joint,1.25,80,5,l2,1668,1650.0
joint,1.25,80,5,l1,-112,-150.0
joint,1.25,80,5,l1,28,0.0
joint,1.25,80,5,l1,203,200.0
joint,1.25,80,5,l1,283,250.0
joint,1.25,80,5,l1,428,400.0
joint,1.25,80,5,l1,508,500.0
joint,1.25,80,5,l1,618,600.0
joint,1.25,80,5,l1,698,650.0
joint,1.25,80,5,l1,893,850.0
joint,1.25,80,5,l1,973,950.0
joint,1.25,80,5,l1,1278,1250.0
joint,1.25,80,5,l1,1393,1350.0
joint,1.25,80,5,l1,1478,1450.0
joint,1.25,80,5,l1,1573,1550.0
joint,1.25,80,5,l1,1663,1650.0
joint,1.25,100,5,l2,-112,-150.0
joint,1.25,100,5,l2,213,200.0
joint,1.25,100,5,l2,313,300.0
joint,1.25,100,5,l2,448,400.0
joint,1.25,100,5,l2,628,600.0
joint,1.25,100,5,l2,973,950.0
joint,1.25,100,5,l2,1278,1250.0
joint,1.25,100,5,l2,1403,1400.0
joint,1.25,100,5,l2,1668,1650.0
joint,1.25,100,5,l1,-112,-150.0
joint,1.25,100,5,l1,28,0.0
joint,1.25,100,5,l1,218,200.0
joint,1.25,100,5,l1,318,300.0
joint,1.25,100,5,l1,423,400.0
joint,1.25,100,5,l1,523,500.0
joint,1.25,100,5,l1,633,600.0
joint,1.25,100,5,l1,973,950.0
joint,1.25,100,5,l1,1278,1250.0
joint,1.25,100,5,l1,1398,1350.0
joint,1.25,100,5,l1,1563,1550.0
joint,1.25,100,5,l1,1663,1650.0
joint,1.25,120,5,l2,-102,-150.0
joint,1.25,120,5,l2,198,150.0
joint,1.25,120,5,l2,318,300.0
joint,1.25,120,5,l2,448,400.0
joint,1.25,120,5,l2,628,600.0
joint,1.25,120,5,l2,973,950.0
joint,1.25,120,5,l2,1278,1250.0
joint,1.25,120,5,l2,1403,1400.0
joint,1.25,120,5,l2,1668,1650.0
joint,1.25,120,5,l1,-102,-150.0
joint,1.25,120,5,l1,28,0.0
joint,1.25,120,5,l1,193,150.0
joint,1.25,120,5,l1,313,300.0
joint,1.25,120,5,l1,443,400.0
joint,1.25,120,5,l1,628,600.0
joint,1.25,120,5,l1,973,950.0
joint,1.25,120,5,l1,1278,1250.0
joint,1.25,120,5,l1,1398,1350.0
joint,1.25,120,5,l1,1523,1500.0
joint,1.25,120,5,l1,1663,1650.0
joint,1.25,150,5,l2,28,0.0
joint,1.25,150,5,l2,268,250.0
joint,1.25,150,5,l2,433,400.0
joint,1.25,150,5,l2,628,600.0
joint,1.25,150,5,l2,973,950.0
joint,1.25,150,5,l2,1273,1250.0
joint,1.25,150,5,l2,1423,1400.0
joint,1.25,150,5,l2,1663,1650.0
joint,1.25,150,5,l1,-72,-100.0
joint,1.25,150,5,l1,78,50.0
joint,1.25,150,5,l1,268,250.0
joint,1.25,150,5,l1,443,400.0
joint,1.25,150,5,l1,628,600.0
joint,1.25,150,5,l1,973,950.0
joint,1.25,150,5,l1,1273,1250.0
joint,1.25,150,5,l1,1423,1400.0
joint,1.25,150,5,l1,1668,1650.0
joint,1.25,200,5,l2,28,0.0
joint,1.25,200,5,l2,263,250.0
joint,1.25,200,5,l2,463,450.0
joint,1.25,200,5,l2,663,650.0
joint,1.25,200,5,l2,973,950.0
joint,1.25,200,5,l2,1273,1250.0
joint,1.25,200,5,l2,1473,1450.0
joint,1.25,200,5,l2,1673,1650.0
joint,1.25,200,5,l1,28,0.0
joint,1.25,200,5,l1,263,250.0
joint,1.25,200,5,l1,463,450.0
joint,1.25,200,5,l1,663,650.0
joint,1.25,200,5,l1,973,950.0
joint,1.25,200,5,l1,1273,1250.0
joint,1.25,200,5,l1,1473,1450.0
joint,1.25,200,5,l1,1673,1650.0
joint,1.5,30,5,l2,-112,-150.0
joint,1.5,30,5,l2,218,200.0
joint,1.5,30,5,l2,313,300.0
joint,1.5,30,5,l2,478,450.0
joint,1.5,30,5,l2,588,550.0
joint,1.5,30,5,l2,623,600.0
joint,1.5,30,5,l2,973,950.0
joint,1.5,30,5,l2,1278,1250.0
joint,1.5,30,5,l2,1403,1400.0
joint,1.5,30,5,l2,1668,1650.0
joint,1.5,30,5,l1,-112,-150.0
joint,1.5,30,5,l1,28,0.0
joint,1.5,30,5,l1,208,200.0
joint,1.5,30,5,l1,268,250.0
joint,1.5,30,5,l1,318,300.0
joint,1.5,30,5,l1,433,400.0
joint,1.5,30,5,l1,503,500.0
joint,1.5,30,5,l1,588,550.0
joint,1.5,30,5,l1,623,600.0
joint,1.5,30,5,l1,673,650.0
joint,1.5,30,5,l1,973,950.0
joint,1.5,30,5,l1,1278,1250.0
joint,1.5,30,5,l1,1393,1350.0
joint,1.5,30,5,l1,1478,1450.0
joint,1.5,30,5,l1,1573,1550.0
joint,1.5,30,5,l1,1663,1650.0
joint,1.5,40,5,l2,-112,-150.0
joint,1.5,40,5,l2,218,200.0
joint,1.5,40,5,l2,313,300.0
joint,1.5,40,5,l2,448,400.0
joint,1.5,40,5,l2,628,600.0
joint,1.5,40,5,l2,973,950.0
joint,1.5,40,5,l2,1278,1250.0
joint,1.5,40,5,l2,1403,1400.0
joint,1.5,40,5,l2,1668,1650.0
joint,1.5,40,5,l1,-112,-150.0
joint,1.5,40,5,l1,28,0.0
joint,1.5,40,5,l1,208,200.0
joint,1.5,40,5,l1,268,250.0
joint,1.5,40,5,l1,318,300.0
joint,1.5,40,5,l1,433,400.0
joint,1.5,40,5,l1,503,500.0
joint,1.5,40,5,l1,583,550.0
joint,1.5,40,5,l1,623,600.0
joint,1.5,40,5,l1,673,650.0
joint,1.5,40,5,l1,973,950.0
joint,1.5,40,5,l1,1278,1250.0
joint,1.5,40,5,l1,1393,1350.0
joint,1.5,40,5,l1,1478,1450.0
joint,1.5,40,5,l1,1573,1550.0
joint,1.5,40,5,l1,1663,1650.0
joint,1.5,50,5,l2,-112,-150.0
joint,1.5,50,5,l2,218,200.0
joint,1.5,50,5,l2,313,300.0
joint,1.5,50,5,l2,448,400.0
joint,1.5,50,5,l2,628,600.0
joint,1.5,50,5,l2,973,950.0
joint,1.5,50,5,l2,1278,1250.0
joint,1.5,50,5,l2,1403,1400.0
joint,1.5,50,5,l2,1668,1650.0
joint,1.5,50,5,l1,-112,-150.0
joint,1.5,50,5,l1,28,0.0
joint,1.5,50,5,l1,208,200.0
joint,1.5,50,5,l1,268,250.0
joint,1.5,50,5,l1,318,300.0
joint,1.5,50,5,l1,433,400.0
joint,1.5,50,5,l1,498,450.0
joint,1.5,50,5,l1,623,600.0
joint,1.5,50,5,l1,673,650.0
joint,1.5,50,5,l1,973,950.0
joint,1.5,50,5,l1,1278,1250.0
joint,1.5,50,5,l1,1393,1350.0
joint,1.5,50,5,l1,1478,1450.0
joint,1.5,50,5,l1,1573,1550.0
joint,1.5,50,5,l1,1663,1650.0
joint,1.5,60,5,l2,-112,-150.0
joint,1.5,60,5,l2,218,200.0
joint,1.5,60,5,l2,313,300.0
joint,1.5,60,5,l2,448,400.0
joint,1.5,60,5,l2,628,600.0
joint,1.5,60,5,l2,973,950.0
joint,1.5,60,5,l2,1278,1250.0
joint,1.5,60,5,l2,1403,1400.0
joint,1.5,60,5,l2,1668,1650.0
joint,1.5,60,5,l1,-112,-150.0
joint,1.5,60,5,l1,28,0.0
joint,1.5,60,5,l1,203,200.0
joint,1.5,60,5,l1,263,250.0
joint,1.5,60,5,l1,323,300.0
joint,1.5,60,5,l1,433,400.0
joint,1.5,60,5,l1,498,450.0
joint,1.5,60,5,l1,623,600.0
joint,1.5,60,5,l1,683,650.0
joint,1.5,60,5,l1,973,950.0
joint,1.5,60,5,l1,1278,1250.0
joint,1.5,60,5,l1,1393,1350.0
joint,1.5,60,5,l1,1478,1450.0
joint,1.5,60,5,l1,1573,1550.0
joint,1.5,60,5,l1,1663,1650.0
joint,1.5,80,5,l2,-112,-150.0
joint,1.5,80,5,l2,218,200.0
joint,1.5,80,5,l2,313,300.0
joint,1.5,80,5,l2,448,400.0
joint,1.5,80,5,l2,628,600.0
joint,1.5,80,5,l2,973,950.0
joint,1.5,80,5,l2,1278,1250.0
joint,1.5,80,5,l2,1403,1400.0
joint,1.5,80,5,l2,1668,1650.0
joint,1.5,80,5,l1,-112,-150.0
joint,1.5,80,5,l1,28,0.0
joint,1.5,80,5,l1,203,200.0
joint,1.5,80,5,l1,283,250.0
joint,1.5,80,5,l1,428,400.0
joint,1.5,80,5,l1,508,500.0
joint,1.5,80,5,l1,618,600.0
joint,1.5,80,5,l1,698,650.0
joint,1.5,80,5,l1,973,950.0
joint,1.5,80,5,l1,1278,1250.0
joint,1.5,80,5,l1,1393,1350.0
joint,1.5,80,5,l1,1478,1450.0
joint,1.5,80,5,l1,1573,1550.0
joint,1.5,80,5,l1,1663,1650.0
joint,1.5,100,5,l2,-112,-150.0
joint,1.5,100,5,l2,213,200.0
joint,1.5,100,5,l2,313,300.0
joint,1.5,100,5,l2,448,400.0
joint,1.5,100,5,l2,628,600.0
joint,1.5,100,5,l2,973,950.0
joint,1.5,100,5,l2,1278,1250.0
joint,1.5,100,5,l2,1403,1400.0
joint,1.5,100,5,l2,1668,1650.0
joint,1.5,100,5,l1,-112,-150.0
joint,1.5,100,5,l1,28,0.0
joint,1.5,100,5,l1,218,200.0
joint,1.5,100,5,l1,318,300.0
joint,1.5,100,5,l1,443,400.0
joint,1.5,100,5,l1,628,600.0
joint,1.5,100,5,l1,973,950.0
joint,1.5,100,5,l1,1278,1250.0
joint,1.5,100,5,l1,1398,1350.0
joint,1.5,100,5,l1,1563,1550.0
joint,1.5,100,5,l1,1663,1650.0
joint,1.5,120,5,l2,-102,-150.0
joint,1.5,120,5,l2,198,150.0
joint,1.5,120,5,l2,318,300.0
joint,1.5,120,5,l2,448,400.0
joint,1.5,120,5,l2,628,600.0
joint,1.5,120,5,l2,973,950.0
joint,1.5,120,5,l2,1278,1250.0
joint,1.5,120,5,l2,1403,1400.0
joint,1.5,120,5,l2,1668,1650.0
joint,1.5,120,5,l1,-102,-150.0
joint,1.5,120,5,l1,28,0.0
joint,1.5,120,5,l1,193,150.0
joint,1.5,120,5,l1,313,300.0
joint,1.5,120,5,l1,443,400.0
joint,1.5,120,5,l1,628,600.0
joint,1.5,120,5,l1,973,950.0
joint,1.5,120,5,l1,1278,1250.0
joint,1.5,120,5,l1,1398,1350.0
joint,1.5,120,5,l1,1523,1500.0
joint,1.5,120,5,l1,1663,1650.0
joint,1.5,150,5,l2,28,0.0
joint,1.5,150,5,l2,268,250.0
joint,1.5,150,5,l2,433,400.0
joint,1.5,150,5,l2,628,600.0
joint,1.5,150,5,l2,973,950.0
joint,1.5,150,5,l2,1273,1250.0
joint,1.5,150,5,l2,1423,1400.0
joint,1.5,150,5,l2,1663,1650.0
joint,1.5,150,5,l1,-72,-100.0
joint,1.5,150,5,l1,78,50.0
joint,1.5,150,5,l1,268,250.0
joint,1.5,150,5,l1,443,400.0
joint,1.5,150,5,l1,628,600.0
joint,1.5,150,5,l1,973,950.0
joint,1.5,150,5,l1,1273,1250.0
joint,1.5,150,5,l1,1423,1400.0
joint,1.5,150,5,l1,1668,1650.0
joint,1.5,200,5,l2,28,0.0
joint,1.5,200,5,l2,263,250.0
joint,1.5,200,5,l2,463,450.0
joint,1.5,200,5,l2,663,650.0
joint,1.5,200,5,l2,973,950.0
joint,1.5,200,5,l2,1273,1250.0
joint,1.5,200,5,l2,1473,1450.0
joint,1.5,200,5,l2,1673,1650.0
joint,1.5,200,5,l1,28,0.0
joint,1.5,200,5,l1,263,250.0
joint,1.5,200,5,l1,463,450.0
joint,1.5,200,5,l1,663,650.0
joint,1.5,200,5,l1,973,950.0
joint,1.5,200,5,l1,1273,1250.0
joint,1.5,200,5,l1,1473,1450.0
joint,1.5,200,5,l1,1673,1650.0
joint,1.75,30,5,l2,-112,-150.0
joint,1.75,30,5,l2,218,200.0
joint,1.75,30,5,l2,313,300.0
joint,1.75,30,5,l2,448,400.0
joint,1.75,30,5,l2,628,600.0
joint,1.75,30,5,l2,973,950.0
joint,1.75,30,5,l2,1278,1250.0
joint,1.75,30,5,l2,1403,1400.0
joint,1.75,30,5,l2,1668,1650.0
joint,1.75,30,5,l1,-112,-150.0
joint,1.75,30,5,l1,28,0.0
joint,1.75,30,5,l1,208,200.0
joint,1.75,30,5,l1,268,250.0
joint,1.75,30,5,l1,318,300.0
joint,1.75,30,5,l1,433,400.0
joint,1.75,30,5,l1,503,500.0
joint,1.75,30,5,l1,588,550.0
joint,1.75,30,5,l1,623,600.0
joint,1.75,30,5,l1,673,650.0
joint,1.75,30,5,l1,973,950.0
joint,1.75,30,5,l1,1278,1250.0
joint,1.75,30,5,l1,1398,1350.0
joint,1.75,30,5,l1,1563,1550.0
joint,1.75,30,5,l1,1663,1650.0
joint,1.75,40,5,l2,-112,-150.0
joint,1.75,40,5,l2,218,200.0
joint,1.75,40,5,l2,313,300.0
joint,1.75,40,5,l2,448,400.0
joint,1.75,40,5,l2,628,600.0
joint,1.75,40,5,l2,973,950.0
joint,1.75,40,5,l2,1278,1250.0
joint,1.75,40,5,l2,1403,1400.0
joint,1.75,40,5,l2,1668,1650.0
joint,1.75,40,5,l1,-112,-150.0
joint,1.75,40,5,l1,28,0.0
joint,1.75,40,5,l1,208,200.0
joint,1.75,40,5,l1,268,250.0
joint,1.75,40,5,l1,318,300.0
joint,1.75,40,5,l1,433,400.0
joint,1.75,40,5,l1,503,500.0
joint,1.75,40,5,l1,583,550.0
joint,1.75,40,5,l1,623,600.0
joint,1.75,40,5,l1,673,650.0
joint,1.75,40,5,l1,973,950.0
joint,1.75,40,5,l1,1278,1250.0
joint,1.75,40,5,l1,1398,1350.0
joint,1.75,40,5,l1,1563,1550.0
joint,1.75,40,5,l1,1663,1650.0
joint,1.75,50,5,l2,-112,-150.0
joint,1.75,50,5,l2,218,200.0
joint,1.75,50,5,l2,313,300.0
joint,1.75,50,5,l2,448,400.0
joint,1.75,50,5,l2,628,600.0
joint,1.75,50,5,l2,973,950.0
joint,1.75,50,5,l2,1278,1250.0
joint,1.75,50,5,l2,1403,1400.0
joint,1.75,50,5,l2,1668,1650.0
joint,1.75,50,5,l1,-112,-150.0
joint,1.75,50,5,l1,28,0.0
joint,1.75,50,5,l1,208,200.0
joint,1.75,50,5,l1,268,250.0
joint,1.75,50,5,l1,318,300.0
joint,1.75,50,5,l1,443,400.0
joint,1.75,50,5,l1,623,600.0
joint,1.75,50,5,l1,673,650.0
joint,1.75,50,5,l1,973,950.0
joint,1.75,50,5,l1,1278,1250.0
joint,1.75,50,5,l1,1398,1350.0
joint,1.75,50,5,l1,1563,1550.0
joint,1.75,50,5,l1,1663,1650.0
joint,1.75,60,5,l2,-112,-150.0
joint,1.75,60,5,l2,218,200.0
joint,1.75,60,5,l2,313,300.0
joint,1.75,60,5,l2,448,400.0
joint,1.75,60,5,l2,628,600.0
joint,1.75,60,5,l2,973,950.0
joint,1.75,60,5,l2,1278,1250.0
joint,1.75,60,5,l2,1403,1400.0
joint,1.75,60,5,l2,1668,1650.0
joint,1.75,60,5,l1,-112,-150.0
joint,1.75,60,5,l1,28,0.0
joint,1.75,60,5,l1,203,200.0
joint,1.75,60,5,l1,263,250.0
joint,1.75,60,5,l1,323,300.0
joint,1.75,60,5,l1,443,400.0
joint,1.75,60,5,l1,623,600.0
joint,1.75,60,5,l1,683,650.0
joint,1.75,60,5,l1,973,950.0
joint,1.75,60,5,l1,1278,1250.0
joint,1.75,60,5,l1,1398,1350.0
joint,1.75,60,5,l1,1563,1550.0
joint,1.75,60,5,l1,1663,1650.0
joint,1.75,80,5,l2,-112,-150.0
joint,1.75,80,5,l2,218,200.0
joint,1.75,80,5,l2,313,300.0
joint,1.75,80,5,l2,448,400.0
joint,1.75,80,5,l2,628,600.0
joint,1.75,80,5,l2,973,950.0
joint,1.75,80,5,l2,1278,1250.0
joint,1.75,80,5,l2,1403,1400.0
joint,1.75,80,5,l2,1668,1650.0
joint,1.75,80,5,l1,-112,-150.0
joint,1.75,80,5,l1,28,0.0
joint,1.75,80,5,l1,203,200.0
joint,1.75,80,5,l1,283,250.0
joint,1.75,80,5,l1,438,400.0
joint,1.75,80,5,l1,618,600.0
joint,1.75,80,5,l1,698,650.0
joint,1.75,80,5,l1,973,950.0
joint,1.75,80,5,l1,1278,1250.0
joint,1.75,80,5,l1,1398,1350.0
joint,1.75,80,5,l1,1563,1550.0
joint,1.75,80,5,l1,1663,1650.0
joint,1.75,100,5,l2,-112,-150.0
joint,1.75,100,5,l2,213,200.0
joint,1.75,100,5,l2,313,300.0
joint,1.75,100,5,l2,448,400.0
joint,1.75,100,5,l2,628,600.0
joint,1.75,100,5,l2,973,950.0
joint,1.75,100,5,l2,1278,1250.0
joint,1.75,100,5,l2,1403,1400.0
joint,1.75,100,5,l2,1668,1650.0
joint,1.75,100,5,l1,-112,-150.0
joint,1.75,100,5,l1,28,0.0
joint,1.75,100,5,l1,218,200.0
joint,1.75,100,5,l1,318,300.0
joint,1.75,100,5,l1,443,400.0
joint,1.75,100,5,l1,628,600.0
joint,1.75,100,5,l1,973,950.0
joint,1.75,100,5,l1,1278,1250.0
joint,1.75,100,5,l1,1398,1350.0
joint,1.75,100,5,l1,1563,1550.0
joint,1.75,100,5,l1,1663,1650.0
joint,1.75,120,5,l2,-102,-150.0
joint,1.75,120,5,l2,198,150.0
joint,1.75,120,5,l2,318,300.0
joint,1.75,120,5,l2,448,400.0
joint,1.75,120,5,l2,628,600.0
joint,1.75,120,5,l2,973,950.0
joint,1.75,120,5,l2,1278,1250.0
joint,1.75,120,5,l2,1403,1400.0
joint,1.75,120,5,l2,1668,1650.0
joint,1.75,120,5,l1,-102,-150.0
joint,1.75,120,5,l1,28,0.0
joint,1.75,120,5,l1,193,150.0
joint,1.75,120,5,l1,313,300.0
joint,1.75,120,5,l1,443,400.0
joint,1.75,120,5,l1,628,600.0
joint,1.75,120,5,l1,973,950.0
joint,1.75,120,5,l1,1278,1250.0
joint,1.75,120,5,l1,1398,1350.0
joint,1.75,120,5,l1,1523,1500.0
joint,1.75,120,5,l1,1663,1650.0
joint,1.75,150,5,l2,28,0.0
joint,1.75,150,5,l2,268,250.0
joint,1.75,150,5,l2,433,400.0
joint,1.75,150,5,l2,628,600.0
joint,1.75,150,5,l2,973,950.0
joint,1.75,150,5,l2,1273,1250.0
joint,1.75,150,5,l2,1423,1400.0
joint,1.75,150,5,l2,1663,1650.0
joint,1.75,150,5,l1,-72,-100.0
joint,1.75,150,5,l1,78,50.0
joint,1.75,150,5,l1,268,250.0
joint,1.75,150,5,l1,443,400.0
joint,1.75,150,5,l1,628,600.0
joint,1.75,150,5,l1,973,950.0
joint,1.75,150,5,l1,1273,1250.0
joint,1.75,150,5,l1,1423,1400.0
joint,1.75,150,5,l1,1668,1650.0
joint,1.75,200,5,l2,28,0.0
joint,1.75,200,5,l2,263,250.0
joint,1.75,200,5,l2,463,450.0
joint,1.75,200,5,l2,663,650.0
joint,1.75,200,5,l2,973,950.0
joint,1.75,200,5,l2,1273,1250.0
joint,1.75,200,5,l2,1473,1450.0
joint,1.75,200,5,l2,1673,1650.0
joint,1.75,200,5,l1,28,0.0
joint,1.75,200,5,l1,263,250.0
joint,1.75,200,5,l1,463,450.0
joint,1.75,200,5,l1,663,650.0
joint,1.75,200,5,l1,973,950.0
joint,1.75,200,5,l1,1273,1250.0
joint,1.75,200,5,l1,1473,1450.0
joint,1.75,200,5,l1,1673,1650.0
joint,2.0,30,5,l2,-112,-150.0
joint,2.0,30,5,l2,218,200.0
joint,2.0,30,5,l2,313,300.0
joint,2.0,30,5,l2,448,400.0
joint,2.0,30,5,l2,628,600.0
joint,2.0,30,5,l2,973,950.0
joint,2.0,30,5,l2,1278,1250.0
joint,2.0,30,5,l2,1393,1350.0
joint,2.0,30,5,l1,-112,-150.0
joint,2.0,30,5,l1,28,0.0
joint,2.0,30,5,l1,208,200.0
joint,2.0,30,5,l1,268,250.0
joint,2.0,30,5,l1,318,300.0
joint,2.0,30,5,l1,433,400.0
joint,2.0,30,5,l1,503,500.0
joint,2.0,30,5,l1,588,550.0
joint,2.0,30,5,l1,623,600.0
joint,2.0,30,5,l1,673,650.0
joint,2.0,30,5,l1,973,950.0
joint,2.0,30,5,l1,1278,1250.0
joint,2.0,30,5,l1,1398,1350.0
joint,2.0,30,5,l1,1563,1550.0
joint,2.0,30,5,l1,1663,1650.0
joint,2.0,40,5,l2,-112,-150.0
joint,2.0,40,5,l2,218,200.0
joint,2.0,40,5,l2,313,300.0
joint,2.0,40,5,l2,448,400.0
joint,2.0,40,5,l2,628,600.0
joint,2.0,40,5,l2,973,950.0
joint,2.0,40,5,l2,1278,1250.0
joint,2.0,40,5,l2,1393,1350.0
joint,2.0,40,5,l1,-112,-150.0
joint,2.0,40,5,l1,28,0.0
joint,2.0,40,5,l1,208,200.0
joint,2.0,40,5,l1,268,250.0
joint,2.0,40,5,l1,318,300.0
joint,2.0,40,5,l1,433,400.0
joint,2.0,40,5,l1,503,500.0
joint,2.0,40,5,l1,583,550.0
joint,2.0,40,5,l1,623,600.0
joint,2.0,40,5,l1,673,650.0
joint,2.0,40,5,l1,973,950.0
joint,2.0,40,5,l1,1278,1250.0
joint,2.0,40,5,l1,1398,1350.0
joint,2.0,40,5,l1,1563,1550.0
joint,2.0,40,5,l1,1663,1650.0
joint,2.0,50,5,l2,-112,-150.0
joint,2.0,50,5,l2,218,200.0
joint,2.0,50,5,l2,313,300.0
joint,2.0,50,5,l2,448,400.0
joint,2.0,50,5,l2,628,600.0
joint,2.0,50,5,l2,973,950.0
joint,2.0,50,5,l2,1278,1250.0
joint,2.0,50,5,l2,1393,1350.0
joint,2.0,50,5,l1,-112,-150.0
joint,2.0,50,5,l1,28,0.0
joint,2.0,50,5,l1,208,200.0
joint,2.0,50,5,l1,268,250.0
joint,2.0,50,5,l1,318,300.0
joint,2.0,50,5,l1,443,400.0
joint,2.0,50,5,l1,623,600.0
joint,2.0,50,5,l1,673,650.0
joint,2.0,50,5,l1,973,950.0
joint,2.0,50,5,l1,1278,1250.0
joint,2.0,50,5,l1,1398,1350.0
joint,2.0,50,5,l1,1563,1550.0
joint,2.0,50,5,l1,1663,1650.0
joint,2.0,60,5,l2,-112,-150.0
joint,2.0,60,5,l2,218,200.0
joint,2.0,60,5,l2,313,300.0
joint,2.0,60,5,l2,448,400.0
joint,2.0,60,5,l2,628,600.0
joint,2.0,60,5,l2,973,950.0
joint,2.0,60,5,l2,1278,1250.0
joint,2.0,60,5,l2,1393,1350.0
joint,2.0,60,5,l1,-112,-150.0
joint,2.0,60,5,l1,28,0.0
joint,2.0,60,5,l1,203,200.0
joint,2.0,60,5,l1,263,250.0
joint,2.0,60,5,l1,323,300.0
joint,2.0,60,5,l1,443,400.0
joint,2.0,60,5,l1,623,600.0
joint,2.0,60,5,l1,683,650.0
joint,2.0,60,5,l1,973,950.0
joint,2.0,60,5,l1,1278,1250.0
joint,2.0,60,5,l1,1398,1350.0
joint,2.0,60,5,l1,1563,1550.0
joint,2.0,60,5,l1,1663,1650.0
joint,2.0,80,5,l2,-112,-150.0
joint,2.0,80,5,l2,218,200.0
joint,2.0,80,5,l2,313,300.0
joint,2.0,80,5,l2,448,400.0
joint,2.0,80,5,l2,628,600.0
joint,2.0,80,5,l2,973,950.0
joint,2.0,80,5,l2,1278,1250.0
joint,2.0,80,5,l2,1393,1350.0
joint,2.0,80,5,l1,-112,-150.0
joint,2.0,80,5,l1,28,0.0
joint,2.0,80,5,l1,203,200.0
joint,2.0,80,5,l1,283,250.0
joint,2.0,80,5,l1,443,400.0
joint,2.0,80,5,l1,628,600.0
joint,2.0,80,5,l1,973,950.0
joint,2.0,80,5,l1,1278,1250.0
joint,2.0,80,5,l1,1398,1350.0
joint,2.0,80,5,l1,1563,1550.0
joint,2.0,80,5,l1,1663,1650.0
joint,2.0,100,5,l2,-112,-150.0
joint,2.0,100,5,l2,213,200.0
joint,2.0,100,5,l2,313,300.0
joint,2.0,100,5,l2,448,400.0
joint,2.0,100,5,l2,628,600.0
joint,2.0,100,5,l2,973,950.0
joint,2.0,100,5,l2,1278,1250.0
joint,2.0,100,5,l2,1393,1350.0
joint,2.0,100,5,l1,-112,-150.0
joint,2.0,100,5,l1,28,0.0
joint,2.0,100,5,l1,218,200.0
joint,2.0,100,5,l1,318,300.0
joint,2.0,100,5,l1,443,400.0
joint,2.0,100,5,l1,628,600.0
joint,2.0,100,5,l1,973,950.0
joint,2.0,100,5,l1,1278,1250.0
joint,2.0,100,5,l1,1398,1350.0
joint,2.0,100,5,l1,1563,1550.0
joint,2.0,100,5,l1,1663,1650.0
joint,2.0,120,5,l2,-102,-150.0
joint,2.0,120,5,l2,198,150.0
joint,2.0,120,5,l2,318,300.0
joint,2.0,120,5,l2,448,400.0
joint,2.0,120,5,l2,628,600.0
joint,2.0,120,5,l2,973,950.0
joint,2.0,120,5,l2,1278,1250.0
joint,2.0,120,5,l2,1398,1350.0
joint,2.0,120,5,l1,-102,-150.0
joint,2.0,120,5,l1,28,0.0
joint,2.0,120,5,l1,193,150.0
joint,2.0,120,5,l1,313,300.0
joint,2.0,120,5,l1,443,400.0
joint,2.0,120,5,l1,628,600.0
joint,2.0,120,5,l1,973,950.0
joint,2.0,120,5,l1,1278,1250.0
joint,2.0,120,5,l1,1398,1350.0
joint,2.0,120,5,l1,1523,1500.0
joint,2.0,120,5,l1,1663,1650.0
joint,2.0,150,5,l2,28,0.0
joint,2.0,150,5,l2,268,250.0
joint,2.0,150,5,l2,433,400.0
joint,2.0,150,5,l2,628,600.0
joint,2.0,150,5,l2,973,950.0
joint,2.0,150,5,l2,1273,1250.0
joint,2.0,150,5,l2,1423,1400.0
joint,2.0,150,5,l1,-72,-100.0
joint,2.0,150,5,l1,78,50.0
joint,2.0,150,5,l1,268,250.0
joint,2.0,150,5,l1,443,400.0
joint,2.0,150,5,l1,628,600.0
joint,2.0,150,5,l1,973,950.0
joint,2.0,150,5,l1,1273,1250.0
joint,2.0,150,5,l1,1423,1400.0
joint,2.0,150,5,l1,1668,1650.0
joint,2.0,200,5,l2,28,0.0
joint,2.0,200,5,l2,263,250.0
joint,2.0,200,5,l2,463,450.0
joint,2.0,200,5,l2,663,650.0
joint,2.0,200,5,l2,968,950.0
joint,2.0,200,5,l2,1388,1350.0
joint,2.0,200,5,l1,28,0.0
joint,2.0,200,5,l1,263,250.0
joint,2.0,200,5,l1,463,450.0
joint,2.0,200,5,l1,663,650.0
joint,2.0,200,5,l1,973,950.0
joint,2.0,200,5,l1,1273,1250.0
joint,2.0,200,5,l1,1473,1450.0
joint,2.0,200,5,l1,1673,1650.0
joint,2.25,30,5,l2,-112,-150.0
joint,2.25,30,5,l2,218,200.0
joint,2.25,30,5,l2,313,300.0
joint,2.25,30,5,l2,448,400.0
joint,2.25,30,5,l2,628,600.0
joint,2.25,30,5,l2,973,950.0
joint,2.25,30,5,l2,1278,1250.0
joint,2.25,30,5,l2,1393,1350.0
joint,2.25,30,5,l1,-112,-150.0
joint,2.25,30,5,l1,28,0.0
joint,2.25,30,5,l1,208,200.0
joint,2.25,30,5,l1,268,250.0
joint,2.25,30,5,l1,318,300.0
joint,2.25,30,5,l1,448,400.0
joint,2.25,30,5,l1,588,550.0
joint,2.25,30,5,l1,623,600.0
joint,2.25,30,5,l1,673,650.0
joint,2.25,30,5,l1,973,950.0
joint,2.25,30,5,l1,1278,1250.0
joint,2.25,30,5,l1,1403,1400.0
joint,2.25,30,5,l1,1668,1650.0
joint,2.25,40,5,l2,-112,-150.0
joint,2.25,40,5,l2,218,200.0
joint,2.25,40,5,l2,313,300.0
joint,2.25,40,5,l2,448,400.0
joint,2.25,40,5,l2,628,600.0
joint,2.25,40,5,l2,973,950.0
joint,2.25,40,5,l2,1278,1250.0
joint,2.25,40,5,l2,1393,1350.0
joint,2.25,40,5,l1,-112,-150.0
joint,2.25,40,5,l1,28,0.0
joint,2.25,40,5,l1,208,200.0
joint,2.25,40,5,l1,268,250.0
joint,2.25,40,5,l1,318,300.0
joint,2.25,40,5,l1,448,400.0
joint,2.25,40,5,l1,583,550.0
joint,2.25,40,5,l1,623,600.0
joint,2.25,40,5,l1,673,650.0
joint,2.25,40,5,l1,973,950.0
joint,2.25,40,5,l1,1278,1250.0
joint,2.25,40,5,l1,1403,1400.0
joint,2.25,40,5,l1,1668,1650.0
joint,2.25,50,5,l2,-112,-150.0
joint,2.25,50,5,l2,218,200.0
joint,2.25,50,5,l2,313,300.0
joint,2.25,50,5,l2,448,400.0
joint,2.25,50,5,l2,628,600.0
joint,2.25,50,5,l2,973,950.0
joint,2.25,50,5,l2,1278,1250.0
joint,2.25,50,5,l2,1393,1350.0
joint,2.25,50,5,l1,-112,-150.0
joint,2.25,50,5,l1,28,0.0
joint,2.25,50,5,l1,208,200.0
joint,2.25,50,5,l1,268,250.0
joint,2.25,50,5,l1,318,300.0
joint,2.25,50,5,l1,443,400.0
joint,2.25,50,5,l1,623,600.0
joint,2.25,50,5,l1,673,650.0
joint,2.25,50,5,l1,973,950.0
joint,2.25,50,5,l1,1278,1250.0
joint,2.25,50,5,l1,1403,1400.0
joint,2.25,50,5,l1,1668,1650.0
joint,2.25,60,5,l2,-112,-150.0
joint,2.25,60,5,l2,218,200.0
joint,2.25,60,5,l2,313,300.0
joint,2.25,60,5,l2,448,400.0
joint,2.25,60,5,l2,628,600.0
joint,2.25,60,5,l2,973,950.0
joint,2.25,60,5,l2,1278,1250.0
joint,2.25,60,5,l2,1393,1350.0
joint,2.25,60,5,l1,-112,-150.0
joint,2.25,60,5,l1,28,0.0
joint,2.25,60,5,l1,203,200.0
joint,2.25,60,5,l1,263,250.0
joint,2.25,60,5,l1,323,300.0
joint,2.25,60,5,l1,443,400.0
joint,2.25,60,5,l1,623,600.0
joint,2.25,60,5,l1,683,650.0
joint,2.25,60,5,l1,973,950.0
joint,2.25,60,5,l1,1278,1250.0
joint,2.25,60,5,l1,1403,1400.0
joint,2.25,60,5,l1,1668,1650.0
joint,2.25,80,5,l2,-112,-150.0
joint,2.25,80,5,l2,218,200.0
joint,2.25,80,5,l2,313,300.0
joint,2.25,80,5,l2,448,400.0
joint,2.25,80,5,l2,628,600.0
joint,2.25,80,5,l2,973,950.0
joint,2.25,80,5,l2,1278,1250.0
joint,2.25,80,5,l2,1393,1350.0
joint,2.25,80,5,l1,-112,-150.0
joint,2.25,80,5,l1,28,0.0
joint,2.25,80,5,l1,203,200.0
joint,2.25,80,5,l1,283,250.0
joint,2.25,80,5,l1,443,400.0
joint,2.25,80,5,l1,628,600.0
joint,2.25,80,5,l1,973,950.0
joint,2.25,80,5,l1,1278,1250.0
joint,2.25,80,5,l1,1403,1400.0
joint,2.25,80,5,l1,1668,1650.0
joint,2.25,100,5,l2,-112,-150.0
joint,2.25,100,5,l2,213,200.0
joint,2.25,100,5,l2,313,300.0
joint,2.25,100,5,l2,448,400.0
joint,2.25,100,5,l2,628,600.0
joint,2.25,100,5,l2,973,950.0
joint,2.25,100,5,l2,1278,1250.0
joint,2.25,100,5,l2,1393,1350.0
joint,2.25,100,5,l1,-112,-150.0
joint,2.25,100,5,l1,28,0.0
joint,2.25,100,5,l1,218,200.0
joint,2.25,100,5,l1,318,300.0
joint,2.25,100,5,l1,443,400.0
joint,2.25,100,5,l1,628,600.0
joint,2.25,100,5,l1,973,950.0
joint,2.25,100,5,l1,1278,1250.0
joint,2.25,100,5,l1,1403,1400.0
joint,2.25,100,5,l1,1668,1650.0
joint,2.25,120,5,l2,-102,-150.0
joint,2.25,120,5,l2,198,150.0
joint,2.25,120,5,l2,318,300.0
joint,2.25,120,5,l2,448,400.0
joint,2.25,120,5,l2,628,600.0
joint,2.25,120,5,l2,973,950.0
joint,2.25,120,5,l2,1278,1250.0
joint,2.25,120,5,l2,1398,1350.0
joint,2.25,120,5,l1,-102,-150.0
joint,2.25,120,5,l1,28,0.0
joint,2.25,120,5,l1,193,150.0
joint,2.25,120,5,l1,313,300.0
joint,2.25,120,5,l1,443,400.0
joint,2.25,120,5,l1,628,600.0
joint,2.25,120,5,l1,973,950.0
joint,2.25,120,5,l1,1278,1250.0
joint,2.25,120,5,l1,1403,1400.0
joint,2.25,120,5,l1,1668,1650.0
joint,2.25,150,5,l2,28,0.0
joint,2.25,150,5,l2,268,250.0
joint,2.25,150,5,l2,433,400.0
joint,2.25,150,5,l2,628,600.0
joint,2.25,150,5,l2,973,950.0
joint,2.25,150,5,l2,1273,1250.0
joint,2.25,150,5,l2,1423,1400.0
joint,2.25,150,5,l1,-72,-100.0
joint,2.25,150,5,l1,78,50.0
joint,2.25,150,5,l1,268,250.0
joint,2.25,150,5,l1,443,400.0
joint,2.25,150,5,l1,628,600.0
joint,2.25,150,5,l1,973,950.0
joint,2.25,150,5,l1,1273,1250.0
joint,2.25,150,5,l1,1423,1400.0
joint,2.25,150,5,l1,1668,1650.0
joint,2.25,200,5,l2,28,0.0
joint,2.25,200,5,l2,263,250.0
joint,2.25,200,5,l2,463,450.0
joint,2.25,200,5,l2,663,650.0
joint,2.25,200,5,l2,968,950.0
joint,2.25,200,5,l2,1388,1350.0
joint,2.25,200,5,l1,28,0.0
joint,2.25,200,5,l1,263,250.0
joint,2.25,200,5,l1,463,450.0
joint,2.25,200,5,l1,663,650.0
joint,2.25,200,5,l1,973,950.0
joint,2.25,200,5,l1,1273,1250.0
joint,2.25,200,5,l1,1473,1450.0
joint,2.25,200,5,l1,1673,1650.0
joint,2.5,30,5,l2,-112,-150.0
joint,2.5,30,5,l2,218,200.0
joint,2.5,30,5,l2,313,300.0
joint,2.5,30,5,l2,448,400.0
joint,2.5,30,5,l2,628,600.0
joint,2.5,30,5,l2,973,950.0
joint,2.5,30,5,l2,1278,1250.0
joint,2.5,30,5,l2,1393,1350.0
joint,2.5,30,5,l1,-112,-150.0
joint,2.5,30,5,l1,28,0.0
joint,2.5,30,5,l1,208,200.0
joint,2.5,30,5,l1,268,250.0
joint,2.5,30,5,l1,318,300.0
joint,2.5,30,5,l1,448,400.0
joint,2.5,30,5,l1,588,550.0
joint,2.5,30,5,l1,623,600.0
joint,2.5,30,5,l1,673,650.0
joint,2.5,30,5,l1,973,950.0
joint,2.5,30,5,l1,1278,1250.0
joint,2.5,30,5,l1,1403,1400.0
joint,2.5,30,5,l1,1668,1650.0
joint,2.5,40,5,l2,-112,-150.0
joint,2.5,40,5,l2,218,200.0
joint,2.5,40,5,l2,313,300.0
joint,2.5,40,5,l2,448,400.0
joint,2.5,40,5,l2,628,600.0
joint,2.5,40,5,l2,973,950.0
joint,2.5,40,5,l2,1278,1250.0
joint,2.5,40,5,l2,1393,1350.0
joint,2.5,40,5,l1,-112,-150.0
joint,2.5,40,5,l1,28,0.0
joint,2.5,40,5,l1,208,200.0
joint,2.5,40,5,l1,268,250.0
joint,2.5,40,5,l1,318,300.0
joint,2.5,40,5,l1,448,400.0
joint,2.5,40,5,l1,583,550.0
joint,2.5,40,5,l1,623,600.0
joint,2.5,40,5,l1,673,650.0
joint,2.5,40,5,l1,973,950.0
joint,2.5,40,5,l1,1278,1250.0
joint,2.5,40,5,l1,1403,1400.0
joint,2.5,40,5,l1,1668,1650.0
joint,2.5,50,5,l2,-112,-150.0
joint,2.5,50,5,l2,218,200.0
joint,2.5,50,5,l2,313,300.0
joint,2.5,50,5,l2,448,400.0
joint,2.5,50,5,l2,628,600.0
joint,2.5,50,5,l2,973,950.0
joint,2.5,50,5,l2,1278,1250.0
joint,2.5,50,5,l2,1393,1350.0
joint,2.5,50,5,l1,-112,-150.0
joint,2.5,50,5,l1,28,0.0
joint,2.5,50,5,l1,208,200.0
joint,2.5,50,5,l1,268,250.0
joint,2.5,50,5,l1,318,300.0
joint,2.5,50,5,l1,443,400.0
joint,2.5,50,5,l1,623,600.0
joint,2.5,50,5,l1,673,650.0
joint,2.5,50,5,l1,973,950.0
joint,2.5,50,5,l1,1278,1250.0
joint,2.5,50,5,l1,1403,1400.0
joint,2.5,50,5,l1,1668,1650.0
joint,2.5,60,5,l2,-112,-150.0
joint,2.5,60,5,l2,218,200.0
joint,2.5,60,5,l2,313,300.0
joint,2.5,60,5,l2,448,400.0
joint,2.5,60,5,l2,628,600.0
joint,2.5,60,5,l2,973,950.0
joint,2.5,60,5,l2,1278,1250.0
joint,2.5,60,5,l2,1393,1350.0
joint,2.5,60,5,l1,-112,-150.0
joint,2.5,60,5,l1,28,0.0
joint,2.5,60,5,l1,203,200.0
joint,2.5,60,5,l1,263,250.0
joint,2.5,60,5,l1,323,300.0
joint,2.5,60,5,l1,443,400.0
joint,2.5,60,5,l1,623,600.0
joint,2.5,60,5,l1,683,650.0
joint,2.5,60,5,l1,973,950.0
joint,2.5,60,5,l1,1278,1250.0
joint,2.5,60,5,l1,1403,1400.0
joint,2.5,60,5,l1,1668,1650.0
joint,2.5,80,5,l2,-112,-150.0
joint,2.5,80,5,l2,218,200.0
joint,2.5,80,5,l2,313,300.0
joint,2.5,80,5,l2,448,400.0
joint,2.5,80,5,l2,628,600.0
joint,2.5,80,5,l2,973,950.0
joint,2.5,80,5,l2,1278,1250.0
joint,2.5,80,5,l2,1393,1350.0
joint,2.5,80,5,l1,-112,-150.0
joint,2.5,80,5,l1,28,0.0
joint,2.5,80,5,l1,203,200.0
joint,2.5,80,5,l1,283,250.0
joint,2.5,80,5,l1,443,400.0
joint,2.5,80,5,l1,628,600.0
joint,2.5,80,5,l1,973,950.0
joint,2.5,80,5,l1,1278,1250.0
joint,2.5,80,5,l1,1403,1400.0
joint,2.5,80,5,l1,1668,1650.0
joint,2.5,100,5,l2,-112,-150.0
joint,2.5,100,5,l2,213,200.0
joint,2.5,100,5,l2,313,300.0
joint,2.5,100,5,l2,448,400.0
joint,2.5,100,5,l2,628,600.0
joint,2.5,100,5,l2,973,950.0
joint,2.5,100,5,l2,1278,1250.0
joint,2.5,100,5,l2,1393,1350.0
joint,2.5,100,5,l1,-112,-150.0
joint,2.5,100,5,l1,28,0.0
joint,2.5,100,5,l1,218,200.0
joint,2.5,100,5,l1,318,300.0
joint,2.5,100,5,l1,443,400.0
joint,2.5,100,5,l1,628,600.0
joint,2.5,100,5,l1,973,950.0
joint,2.5,100,5,l1,1278,1250.0
joint,2.5,100,5,l1,1403,1400.0
joint,2.5,100,5,l1,1668,1650.0
joint,2.5,120,5,l2,-102,-150.0
joint,2.5,120,5,l2,263,250.0
joint,2.5,120,5,l2,433,400.0
joint,2.5,120,5,l2,628,600.0
joint,2.5,120,5,l2,973,950.0
joint,2.5,120,5,l2,1278,1250.0
joint,2.5,120,5,l2,1398,1350.0
joint,2.5,120,5,l1,-102,-150.0
joint,2.5,120,5,l1,28,0.0
joint,2.5,120,5,l1,193,150.0
joint,2.5,120,5,l1,313,300.0
joint,2.5,120,5,l1,443,400.0
joint,2.5,120,5,l1,628,600.0
joint,2.5,120,5,l1,973,950.0
joint,2.5,120,5,l1,1278,1250.0
joint,2.5,120,5,l1,1403,1400.0
joint,2.5,120,5,l1,1668,1650.0
joint,2.5,150,5,l2,28,0.0
joint,2.5,150,5,l2,268,250.0
joint,2.5,150,5,l2,433,400.0
joint,2.5,150,5,l2,628,600.0
joint,2.5,150,5,l2,973,950.0
joint,2.5,150,5,l2,1273,1250.0
joint,2.5,150,5,l2,1423,1400.0
joint,2.5,150,5,l1,-72,-100.0
joint,2.5,150,5,l1,268,250.0
joint,2.5,150,5,l1,443,400.0
joint,2.5,150,5,l1,628,600.0
joint,2.5,150,5,l1,973,950.0
joint,2.5,150,5,l1,1273,1250.0
joint,2.5,150,5,l1,1423,1400.0
joint,2.5,150,5,l1,1668,1650.0
joint,2.5,200,5,l2,28,0.0
joint,2.5,200,5,l2,283,250.0
joint,2.5,200,5,l2,623,600.0
joint,2.5,200,5,l2,968,950.0
joint,2.5,200,5,l2,1388,1350.0
joint,2.5,200,5,l1,28,0.0
joint,2.5,200,5,l1,263,250.0
joint,2.5,200,5,l1,463,450.0
joint,2.5,200,5,l1,663,650.0
joint,2.5,200,5,l1,973,950.0
joint,2.5,200,5,l1,1273,1250.0
joint,2.5,200,5,l1,1473,1450.0
joint,2.5,200,5,l1,1673,1650.0
joint,2.75,30,5,l2,-112,-150.0
joint,2.75,30,5,l2,263,250.0
joint,2.75,30,5,l2,433,400.0
joint,2.75,30,5,l2,628,600.0
joint,2.75,30,5,l2,973,950.0
joint,2.75,30,5,l2,1278,1250.0
joint,2.75,30,5,l2,1393,1350.0
joint,2.75,30,5,l1,-112,-150.0
joint,2.75,30,5,l1,28,0.0
joint,2.75,30,5,l1,208,200.0
joint,2.75,30,5,l1,268,250.0
joint,2.75,30,5,l1,318,300.0
joint,2.75,30,5,l1,448,400.0
joint,2.75,30,5,l1,588,550.0
joint,2.75,30,5,l1,623,600.0
joint,2.75,30,5,l1,673,650.0
joint,2.75,30,5,l1,973,950.0
joint,2.75,30,5,l1,1278,1250.0
joint,2.75,30,5,l1,1403,1400.0
joint,2.75,30,5,l1,1668,1650.0
joint,2.75,40,5,l2,-112,-150.0
joint,2.75,40,5,l2,263,250.0
joint,2.75,40,5,l2,433,400.0
joint,2.75,40,5,l2,628,600.0
joint,2.75,40,5,l2,973,950.0
joint,2.75,40,5,l2,1278,1250.0
joint,2.75,40,5,l2,1393,1350.0
joint,2.75,40,5,l1,-112,-150.0
joint,2.75,40,5,l1,28,0.0
joint,2.75,40,5,l1,208,200.0
joint,2.75,40,5,l1,268,250.0
joint,2.75,40,5,l1,318,300.0
joint,2.75,40,5,l1,443,400.0
joint,2.75,40,5,l1,623,600.0
joint,2.75,40,5,l1,673,650.0
joint,2.75,40,5,l1,973,950.0
joint,2.75,40,5,l1,1278,1250.0
joint,2.75,40,5,l1,1403,1400.0
joint,2.75,40,5,l1,1668,1650.0
joint,2.75,50,5,l2,-112,-150.0
joint,2.75,50,5,l2,263,250.0
joint,2.75,50,5,l2,433,400.0
joint,2.75,50,5,l2,628,600.0
joint,2.75,50,5,l2,973,950.0
joint,2.75,50,5,l2,1278,1250.0
joint,2.75,50,5,l2,1393,1350.0
joint,2.75,50,5,l1,-112,-150.0
joint,2.75,50,5,l1,28,0.0
joint,2.75,50,5,l1,208,200.0
joint,2.75,50,5,l1,268,250.0
joint,2.75,50,5,l1,318,300.0
joint,2.75,50,5,l1,443,400.0
joint,2.75,50,5,l1,623,600.0
joint,2.75,50,5,l1,673,650.0
joint,2.75,50,5,l1,973,950.0
joint,2.75,50,5,l1,1278,1250.0
joint,2.75,50,5,l1,1403,1400.0
joint,2.75,50,5,l1,1668,1650.0
joint,2.75,60,5,l2,-112,-150.0
joint,2.75,60,5,l2,263,250.0
joint,2.75,60,5,l2,433,400.0
joint,2.75,60,5,l2,628,600.0
joint,2.75,60,5,l2,973,950.0
joint,2.75,60,5,l2,1278,1250.0
joint,2.75,60,5,l2,1393,1350.0
joint,2.75,60,5,l1,-112,-150.0
joint,2.75,60,5,l1,28,0.0
joint,2.75,60,5,l1,203,200.0
joint,2.75,60,5,l1,263,250.0
joint,2.75,60,5,l1,323,300.0
joint,2.75,60,5,l1,443,400.0
joint,2.75,60,5,l1,628,600.0
joint,2.75,60,5,l1,973,950.0
joint,2.75,60,5,l1,1278,1250.0
joint,2.75,60,5,l1,1403,1400.0
joint,2.75,60,5,l1,1668,1650.0
joint,2.75,80,5,l2,-112,-150.0
joint,2.75,80,5,l2,263,250.0
joint,2.75,80,5,l2,433,400.0
joint,2.75,80,5,l2,628,600.0
joint,2.75,80,5,l2,973,950.0
joint,2.75,80,5,l2,1278,1250.0
joint,2.75,80,5,l2,1393,1350.0
joint,2.75,80,5,l1,-112,-150.0
joint,2.75,80,5,l1,28,0.0
joint,2.75,80,5,l1,203,200.0
joint,2.75,80,5,l1,283,250.0
joint,2.75,80,5,l1,443,400.0
joint,2.75,80,5,l1,628,600.0
joint,2.75,80,5,l1,973,950.0
joint,2.75,80,5,l1,1278,1250.0
joint,2.75,80,5,l1,1403,1400.0
joint,2.75,80,5,l1,1668,1650.0
joint,2.75,100,5,l2,-112,-150.0
joint,2.75,100,5,l2,263,250.0
joint,2.75,100,5,l2,433,400.0
joint,2.75,100,5,l2,628,600.0
joint,2.75,100,5,l2,973,950.0
joint,2.75,100,5,l2,1278,1250.0
joint,2.75,100,5,l2,1393,1350.0
joint,2.75,100,5,l1,-112,-150.0
joint,2.75,100,5,l1,28,0.0
joint,2.75,100,5,l1,218,200.0
joint,2.75,100,5,l1,318,300.0
joint,2.75,100,5,l1,443,400.0
joint,2.75,100,5,l1,628,600.0
joint,2.75,100,5,l1,973,950.0
joint,2.75,100,5,l1,1278,1250.0
joint,2.75,100,5,l1,1403,1400.0
joint,2.75,100,5,l1,1668,1650.0
joint,2.75,120,5,l2,-102,-150.0
joint,2.75,120,5,l2,263,250.0
joint,2.75,120,5,l2,433,400.0
joint,2.75,120,5,l2,628,600.0
joint,2.75,120,5,l2,973,950.0
joint,2.75,120,5,l2,1278,1250.0
joint,2.75,120,5,l2,1398,1350.0
joint,2.75,120,5,l1,-102,-150.0
joint,2.75,120,5,l1,28,0.0
joint,2.75,120,5,l1,193,150.0
joint,2.75,120,5,l1,313,300.0
joint,2.75,120,5,l1,443,400.0
joint,2.75,120,5,l1,628,600.0
joint,2.75,120,5,l1,973,950.0
joint,2.75,120,5,l1,1278,1250.0
joint,2.75,120,5,l1,1403,1400.0
joint,2.75,120,5,l1,1668,1650.0
joint,2.75,150,5,l2,28,0.0
joint,2.75,150,5,l2,268,250.0
joint,2.75,150,5,l2,433,400.0
joint,2.75,150,5,l2,628,600.0
joint,2.75,150,5,l2,968,950.0
joint,2.75,150,5,l2,1388,1350.0
joint,2.75,150,5,l1,-72,-100.0
joint,2.75,150,5,l1,268,250.0
joint,2.75,150,5,l1,443,400.0
joint,2.75,150,5,l1,628,600.0
joint,2.75,150,5,l1,973,950.0
joint,2.75,150,5,l1,1273,1250.0
joint,2.75,150,5,l1,1423,1400.0
joint,2.75,150,5,l1,1668,1650.0
joint,2.75,200,5,l2,28,0.0
joint,2.75,200,5,l2,283,250.0
joint,2.75,200,5,l2,623,600.0
joint,2.75,200,5,l2,968,950.0
joint,2.75,200,5,l2,1388,1350.0
joint,2.75,200,5,l1,28,0.0
joint,2.75,200,5,l1,263,250.0
joint,2.75,200,5,l1,463,450.0
joint,2.75,200,5,l1,663,650.0
joint,2.75,200,5,l1,973,950.0
joint,2.75,200,5,l1,1273,1250.0
joint,2.75,200,5,l1,1473,1450.0
joint,2.75,200,5,l1,1673,1650.0
joint,3.0,30,5,l2,-112,-150.0
joint,3.0,30,5,l2,263,250.0
joint,3.0,30,5,l2,433,400.0
joint,3.0,30,5,l2,628,600.0
joint,3.0,30,5,l2,973,950.0
joint,3.0,30,5,l2,1278,1250.0
joint,3.0,30,5,l2,1393,1350.0
joint,3.0,30,5,l1,-112,-150.0
joint,3.0,30,5,l1,28,0.0
joint,3.0,30,5,l1,208,200.0
joint,3.0,30,5,l1,268,250.0
joint,3.0,30,5,l1,318,300.0
joint,3.0,30,5,l1,448,400.0
joint,3.0,30,5,l1,588,550.0
joint,3.0,30,5,l1,623,600.0
joint,3.0,30,5,l1,973,950.0
joint,3.0,30,5,l1,1278,1250.0
joint,3.0,30,5,l1,1403,1400.0
joint,3.0,30,5,l1,1668,1650.0
joint,3.0,40,5,l2,-112,-150.0
joint,3.0,40,5,l2,263,250.0
joint,3.0,40,5,l2,433,400.0
joint,3.0,40,5,l2,628,600.0
joint,3.0,40,5,l2,973,950.0
joint,3.0,40,5,l2,1278,1250.0
joint,3.0,40,5,l2,1393,1350.0
joint,3.0,40,5,l1,-112,-150.0
joint,3.0,40,5,l1,28,0.0
joint,3.0,40,5,l1,208,200.0
joint,3.0,40,5,l1,268,250.0
joint,3.0,40,5,l1,318,300.0
joint,3.0,40,5,l1,443,400.0
joint,3.0,40,5,l1,628,600.0
joint,3.0,40,5,l1,973,950.0
joint,3.0,40,5,l1,1278,1250.0
joint,3.0,40,5,l1,1403,1400.0
joint,3.0,40,5,l1,1668,1650.0
joint,3.0,50,5,l2,-112,-150.0
joint,3.0,50,5,l2,263,250.0
joint,3.0,50,5,l2,433,400.0
joint,3.0,50,5,l2,628,600.0
joint,3.0,50,5,l2,973,950.0
joint,3.0,50,5,l2,1278,1250.0
joint,3.0,50,5,l2,1393,1350.0
joint,3.0,50,5,l1,-112,-150.0
joint,3.0,50,5,l1,28,0.0
joint,3.0,50,5,l1,208,200.0
joint,3.0,50,5,l1,268,250.0
joint,3.0,50,5,l1,318,300.0
joint,3.0,50,5,l1,443,400.0
joint,3.0,50,5,l1,628,600.0
joint,3.0,50,5,l1,973,950.0
joint,3.0,50,5,l1,1278,1250.0
joint,3.0,50,5,l1,1403,1400.0
joint,3.0,50,5,l1,1668,1650.0
joint,3.0,60,5,l2,-112,-150.0
joint,3.0,60,5,l2,263,250.0
joint,3.0,60,5,l2,433,400.0
joint,3.0,60,5,l2,628,600.0
joint,3.0,60,5,l2,973,950.0
joint,3.0,60,5,l2,1278,1250.0
joint,3.0,60,5,l2,1393,1350.0
joint,3.0,60,5,l1,-112,-150.0
joint,3.0,60,5,l1,28,0.0
joint,3.0,60,5,l1,208,200.0
joint,3.0,60,5,l1,283,250.0
joint,3.0,60,5,l1,443,400.0
joint,3.0,60,5,l1,628,600.0
joint,3.0,60,5,l1,973,950.0
joint,3.0,60,5,l1,1278,1250.0
joint,3.0,60,5,l1,1403,1400.0
joint,3.0,60,5,l1,1668,1650.0
joint,3.0,80,5,l2,-112,-150.0
joint,3.0,80,5,l2,263,250.0
joint,3.0,80,5,l2,433,400.0
joint,3.0,80,5,l2,628,600.0
joint,3.0,80,5,l2,973,950.0
joint,3.0,80,5,l2,1278,1250.0
joint,3.0,80,5,l2,1393,1350.0
joint,3.0,80,5,l1,-112,-150.0
joint,3.0,80,5,l1,28,0.0
joint,3.0,80,5,l1,203,200.0
joint,3.0,80,5,l1,283,250.0
joint,3.0,80,5,l1,443,400.0
joint,3.0,80,5,l1,628,600.0
joint,3.0,80,5,l1,973,950.0
joint,3.0,80,5,l1,1278,1250.0
joint,3.0,80,5,l1,1403,1400.0
joint,3.0,80,5,l1,1668,1650.0
joint,3.0,100,5,l2,-112,-150.0
joint,3.0,100,5,l2,263,250.0
joint,3.0,100,5,l2,433,400.0
joint,3.0,100,5,l2,628,600.0
joint,3.0,100,5,l2,973,950.0
joint,3.0,100,5,l2,1278,1250.0
joint,3.0,100,5,l2,1393,1350.0
joint,3.0,100,5,l1,-112,-150.0
joint,3.0,100,5,l1,28,0.0
joint,3.0,100,5,l1,218,200.0
joint,3.0,100,5,l1,318,300.0
joint,3.0,100,5,l1,443,400.0
joint,3.0,100,5,l1,628,600.0
joint,3.0,100,5,l1,973,950.0
joint,3.0,100,5,l1,1278,1250.0
joint,3.0,100,5,l1,1403,1400.0
joint,3.0,100,5,l1,1668,1650.0
joint,3.0,120,5,l2,-102,-150.0
joint,3.0,120,5,l2,263,250.0
joint,3.0,120,5,l2,433,400.0
joint,3.0,120,5,l2,628,600.0
joint,3.0,120,5,l2,973,950.0
joint,3.0,120,5,l2,1278,1250.0
joint,3.0,120,5,l2,1398,1350.0
joint,3.0,120,5,l1,-102,-150.0
joint,3.0,120,5,l1,28,0.0
joint,3.0,120,5,l1,193,150.0
joint,3.0,120,5,l1,313,300.0
joint,3.0,120,5,l1,443,400.0
joint,3.0,120,5,l1,628,600.0
joint,3.0,120,5,l1,973,950.0
joint,3.0,120,5,l1,1278,1250.0
joint,3.0,120,5,l1,1403,1400.0
joint,3.0,120,5,l1,1668,1650.0
joint,3.0,150,5,l2,28,0.0
joint,3.0,150,5,l2,268,250.0
joint,3.0,150,5,l2,433,400.0
joint,3.0,150,5,l2,628,600.0
joint,3.0,150,5,l2,968,950.0
joint,3.0,150,5,l2,1388,1350.0
joint,3.0,150,5,l1,-72,-100.0
joint,3.0,150,5,l1,268,250.0
joint,3.0,150,5,l1,443,400.0
joint,3.0,150,5,l1,628,600.0
joint,3.0,150,5,l1,973,950.0
joint,3.0,150,5,l1,1273,1250.0
joint,3.0,150,5,l1,1423,1400.0
joint,3.0,150,5,l1,1668,1650.0
joint,3.0,200,5,l2,28,0.0
joint,3.0,200,5,l2,283,250.0
joint,3.0,200,5,l2,623,600.0
joint,3.0,200,5,l2,968,950.0
joint,3.0,200,5,l2,1388,1350.0
joint,3.0,200,5,l1,28,0.0
joint,3.0,200,5,l1,263,250.0
joint,3.0,200,5,l1,463,450.0
joint,3.0,200,5,l1,663,650.0
joint,3.0,200,5,l1,973,950.0
joint,3.0,200,5,l1,1273,1250.0
joint,3.0,200,5,l1,1473,1450.0
joint,3.0,200,5,l1,1673,1650.0
joint,3.25,30,5,l2,-112,-150.0
joint,3.25,30,5,l2,263,250.0
joint,3.25,30,5,l2,433,400.0
joint,3.25,30,5,l2,628,600.0
joint,3.25,30,5,l2,968,950.0
joint,3.25,30,5,l2,1388,1350.0
joint,3.25,30,5,l1,-112,-150.0
joint,3.25,30,5,l1,28,0.0
joint,3.25,30,5,l1,208,200.0
joint,3.25,30,5,l1,283,250.0
joint,3.25,30,5,l1,443,400.0
joint,3.25,30,5,l1,628,600.0
joint,3.25,30,5,l1,973,950.0
joint,3.25,30,5,l1,1278,1250.0
joint,3.25,30,5,l1,1403,1400.0
joint,3.25,30,5,l1,1668,1650.0
joint,3.25,40,5,l2,-112,-150.0
joint,3.25,40,5,l2,263,250.0
joint,3.25,40,5,l2,433,400.0
joint,3.25,40,5,l2,628,600.0
joint,3.25,40,5,l2,968,950.0
joint,3.25,40,5,l2,1388,1350.0
joint,3.25,40,5,l1,-112,-150.0
joint,3.25,40,5,l1,28,0.0
joint,3.25,40,5,l1,208,200.0
joint,3.25,40,5,l1,283,250.0
joint,3.25,40,5,l1,443,400.0
joint,3.25,40,5,l1,628,600.0
joint,3.25,40,5,l1,973,950.0
joint,3.25,40,5,l1,1278,1250.0
joint,3.25,40,5,l1,1403,1400.0
joint,3.25,40,5,l1,1668,1650.0
joint,3.25,50,5,l2,-112,-150.0
joint,3.25,50,5,l2,263,250.0
joint,3.25,50,5,l2,433,400.0
joint,3.25,50,5,l2,628,600.0
joint,3.25,50,5,l2,968,950.0
joint,3.25,50,5,l2,1388,1350.0
joint,3.25,50,5,l1,-112,-150.0
joint,3.25,50,5,l1,28,0.0
joint,3.25,50,5,l1,208,200.0
joint,3.25,50,5,l1,283,250.0
joint,3.25,50,5,l1,443,400.0
joint,3.25,50,5,l1,628,600.0
joint,3.25,50,5,l1,973,950.0
joint,3.25,50,5,l1,1278,1250.0
joint,3.25,50,5,l1,1403,1400.0
joint,3.25,50,5,l1,1668,1650.0
joint,3.25,60,5,l2,-112,-150.0
joint,3.25,60,5,l2,263,250.0
joint,3.25,60,5,l2,433,400.0
joint,3.25,60,5,l2,628,600.0
joint,3.25,60,5,l2,968,950.0
joint,3.25,60,5,l2,1388,1350.0
joint,3.25,60,5,l1,-112,-150.0
joint,3.25,60,5,l1,28,0.0
joint,3.25,60,5,l1,208,200.0
joint,3.25,60,5,l1,283,250.0
joint,3.25,60,5,l1,443,400.0
joint,3.25,60,5,l1,628,600.0
joint,3.25,60,5,l1,973,950.0
joint,3.25,60,5,l1,1278,1250.0
joint,3.25,60,5,l1,1403,1400.0
joint,3.25,60,5,l1,1668,1650.0
joint,3.25,80,5,l2,-112,-150.0
joint,3.25,80,5,l2,263,250.0
joint,3.25,80,5,l2,433,400.0
joint,3.25,80,5,l2,628,600.0
joint,3.25,80,5,l2,968,950.0
joint,3.25,80,5,l2,1388,1350.0
joint,3.25,80,5,l1,-112,-150.0
joint,3.25,80,5,l1,28,0.0
joint,3.25,80,5,l1,203,200.0
joint,3.25,80,5,l1,283,250.0
joint,3.25,80,5,l1,443,400.0
joint,3.25,80,5,l1,628,600.0
joint,3.25,80,5,l1,973,950.0
joint,3.25,80,5,l1,1278,1250.0
joint,3.25,80,5,l1,1403,1400.0
joint,3.25,80,5,l1,1668,1650.0
joint,3.25,100,5,l2,-112,-150.0
joint,3.25,100,5,l2,263,250.0
joint,3.25,100,5,l2,433,400.0
joint,3.25,100,5,l2,628,600.0
joint,3.25,100,5,l2,968,950.0
joint,3.25,100,5,l2,1388,1350.0
joint,3.25,100,5,l1,-112,-150.0
joint,3.25,100,5,l1,28,0.0
joint,3.25,100,5,l1,218,200.0
joint,3.25,100,5,l1,318,300.0
joint,3.25,100,5,l1,443,400.0
joint,3.25,100,5,l1,628,600.0
joint,3.25,100,5,l1,973,950.0
joint,3.25,100,5,l1,1278,1250.0
joint,3.25,100,5,l1,1403,1400.0
joint,3.25,100,5,l1,1668,1650.0
joint,3.25,120,5,l2,-102,-150.0
joint,3.25,120,5,l2,263,250.0
joint,3.25,120,5,l2,433,400.0
joint,3.25,120,5,l2,628,600.0
joint,3.25,120,5,l2,968,950.0
joint,3.25,120,5,l2,1388,1350.0
joint,3.25,120,5,l1,-102,-150.0
joint,3.25,120,5,l1,28,0.0
joint,3.25,120,5,l1,193,150.0
joint,3.25,120,5,l1,313,300.0
joint,3.25,120,5,l1,443,400.0
joint,3.25,120,5,l1,628,600.0
joint,3.25,120,5,l1,973,950.0
joint,3.25,120,5,l1,1278,1250.0
joint,3.25,120,5,l1,1403,1400.0
joint,3.25,120,5,l1,1668,1650.0
joint,3.25,150,5,l2,28,0.0
joint,3.25,150,5,l2,268,250.0
joint,3.25,150,5,l2,433,400.0
joint,3.25,150,5,l2,628,600.0
joint,3.25,150,5,l2,968,950.0
joint,3.25,150,5,l2,1388,1350.0
joint,3.25,150,5,l1,-72,-100.0
joint,3.25,150,5,l1,268,250.0
joint,3.25,150,5,l1,443,400.0
joint,3.25,150,5,l1,628,600.0
joint,3.25,150,5,l1,973,950.0
joint,3.25,150,5,l1,1273,1250.0
joint,3.25,150,5,l1,1423,1400.0
joint,3.25,150,5,l1,1668,1650.0
joint,3.25,200,5,l2,28,0.0
joint,3.25,200,5,l2,283,250.0
joint,3.25,200,5,l2,623,600.0
joint,3.25,200,5,l2,968,950.0
joint,3.25,200,5,l2,1388,1350.0
joint,3.25,200,5,l1,28,0.0
joint,3.25,200,5,l1,263,250.0
joint,3.25,200,5,l1,463,450.0
joint,3.25,200,5,l1,663,650.0
joint,3.25,200,5,l1,973,950.0
joint,3.25,200,5,l1,1273,1250.0
joint,3.25,200,5,l1,1473,1450.0
joint,3.25,200,5,l1,1673,1650.0
joint,3.5,30,5,l2,-112,-150.0
joint,3.5,30,5,l2,263,250.0
joint,3.5,30,5,l2,433,400.0
joint,3.5,30,5,l2,623,600.0
joint,3.5,30,5,l2,1388,1350.0
joint,3.5,30,5,l1,-112,-150.0
joint,3.5,30,5,l1,28,0.0
joint,3.5,30,5,l1,208,200.0
joint,3.5,30,5,l1,283,250.0
joint,3.5,30,5,l1,443,400.0
joint,3.5,30,5,l1,628,600.0
joint,3.5,30,5,l1,973,950.0
joint,3.5,30,5,l1,1278,1250.0
joint,3.5,30,5,l1,1403,1400.0
joint,3.5,30,5,l1,1668,1650.0
joint,3.5,40,5,l2,-112,-150.0
joint,3.5,40,5,l2,263,250.0
joint,3.5,40,5,l2,433,400.0
joint,3.5,40,5,l2,623,600.0
joint,3.5,40,5,l2,1388,1350.0
joint,3.5,40,5,l1,-112,-150.0
joint,3.5,40,5,l1,28,0.0
joint,3.5,40,5,l1,208,200.0
joint,3.5,40,5,l1,283,250.0
joint,3.5,40,5,l1,443,400.0
joint,3.5,40,5,l1,628,600.0
joint,3.5,40,5,l1,973,950.0
joint,3.5,40,5,l1,1278,1250.0
joint,3.5,40,5,l1,1403,1400.0
joint,3.5,40,5,l1,1668,1650.0
joint,3.5,50,5,l2,-112,-150.0
joint,3.5,50,5,l2,263,250.0
joint,3.5,50,5,l2,433,400.0
joint,3.5,50,5,l2,623,600.0
joint,3.5,50,5,l2,1388,1350.0
joint,3.5,50,5,l1,-112,-150.0
joint,3.5,50,5,l1,28,0.0
joint,3.5,50,5,l1,208,200.0
joint,3.5,50,5,l1,283,250.0
joint,3.5,50,5,l1,443,400.0
joint,3.5,50,5,l1,628,600.0
joint,3.5,50,5,l1,973,950.0
joint,3.5,50,5,l1,1278,1250.0
joint,3.5,50,5,l1,1403,1400.0
joint,3.5,50,5,l1,1668,1650.0
joint,3.5,60,5,l2,-112,-150.0
joint,3.5,60,5,l2,263,250.0
joint,3.5,60,5,l2,433,400.0
joint,3.5,60,5,l2,623,600.0
joint,3.5,60,5,l2,1388,1350.0
joint,3.5,60,5,l1,-112,-150.0
joint,3.5,60,5,l1,28,0.0
joint,3.5,60,5,l1,208,200.0
joint,3.5,60,5,l1,283,250.0
joint,3.5,60,5,l1,443,400.0
joint,3.5,60,5,l1,628,600.0
joint,3.5,60,5,l1,973,950.0
joint,3.5,60,5,l1,1278,1250.0
joint,3.5,60,5,l1,1403,1400.0
joint,3.5,60,5,l1,1668,1650.0
joint,3.5,80,5,l2,-112,-150.0
joint,3.5,80,5,l2,263,250.0
joint,3.5,80,5,l2,433,400.0
joint,3.5,80,5,l2,623,600.0
joint,3.5,80,5,l2,1388,1350.0
joint,3.5,80,5,l1,-112,-150.0
joint,3.5,80,5,l1,28,0.0
joint,3.5,80,5,l1,203,200.0
joint,3.5,80,5,l1,283,250.0
joint,3.5,80,5,l1,443,400.0
joint,3.5,80,5,l1,628,600.0
joint,3.5,80,5,l1,973,950.0
joint,3.5,80,5,l1,1278,1250.0
joint,3.5,80,5,l1,1403,1400.0
joint,3.5,80,5,l1,1668,1650.0
joint,3.5,100,5,l2,-112,-150.0
joint,3.5,100,5,l2,263,250.0
joint,3.5,100,5,l2,433,400.0
joint,3.5,100,5,l2,623,600.0
joint,3.5,100,5,l2,1388,1350.0
joint,3.5,100,5,l1,-112,-150.0
joint,3.5,100,5,l1,28,0.0
joint,3.5,100,5,l1,218,200.0
joint,3.5,100,5,l1,318,300.0
joint,3.5,100,5,l1,443,400.0
joint,3.5,100,5,l1,628,600.0
joint,3.5,100,5,l1,973,950.0
joint,3.5,100,5,l1,1278,1250.0
joint,3.5,100,5,l1,1403,1400.0
joint,3.5,100,5,l1,1668,1650.0
joint,3.5,120,5,l2,-102,-150.0
joint,3.5,120,5,l2,263,250.0
joint,3.5,120,5,l2,433,400.0
joint,3.5,120,5,l2,623,600.0
joint,3.5,120,5,l2,1388,1350.0
joint,3.5,120,5,l1,-102,-150.0
joint,3.5,120,5,l1,28,0.0
joint,3.5,120,5,l1,193,150.0
joint,3.5,120,5,l1,313,300.0
joint,3.5,120,5,l1,443,400.0
joint,3.5,120,5,l1,628,600.0
joint,3.5,120,5,l1,973,950.0
joint,3.5,120,5,l1,1278,1250.0
joint,3.5,120,5,l1,1403,1400.0
joint,3.5,120,5,l1,1668,1650.0
joint,3.5,150,5,l2,28,0.0
joint,3.5,150,5,l2,268,250.0
joint,3.5,150,5,l2,433,400.0
joint,3.5,150,5,l2,623,600.0
joint,3.5,150,5,l2,1388,1350.0
joint,3.5,150,5,l1,-72,-100.0
joint,3.5,150,5,l1,268,250.0
joint,3.5,150,5,l1,443,400.0
joint,3.5,150,5,l1,628,600.0
joint,3.5,150,5,l1,973,950.0
joint,3.5,150,5,l1,1273,1250.0
joint,3.5,150,5,l1,1423,1400.0
joint,3.5,150,5,l1,1668,1650.0
joint,3.5,200,5,l2,28,0.0
joint,3.5,200,5,l2,283,250.0
joint,3.5,200,5,l2,623,600.0
joint,3.5,200,5,l2,1388,1350.0
joint,3.5,200,5,l1,28,0.0
joint,3.5,200,5,l1,263,250.0
joint,3.5,200,5,l1,463,450.0
joint,3.5,200,5,l1,663,650.0
joint,3.5,200,5,l1,973,950.0
joint,3.5,200,5,l1,1273,1250.0
joint,3.5,200,5,l1,1473,1450.0
joint,3.5,200,5,l1,1673,1650.0
joint,3.75,30,5,l2,-112,-150.0
joint,3.75,30,5,l2,263,250.0
joint,3.75,30,5,l2,433,400.0
joint,3.75,30,5,l2,623,600.0
joint,3.75,30,5,l2,1388,1350.0
joint,3.75,30,5,l1,-112,-150.0
joint,3.75,30,5,l1,28,0.0
joint,3.75,30,5,l1,208,200.0
joint,3.75,30,5,l1,283,250.0
joint,3.75,30,5,l1,443,400.0
joint,3.75,30,5,l1,628,600.0
joint,3.75,30,5,l1,973,950.0
joint,3.75,30,5,l1,1278,1250.0
joint,3.75,30,5,l1,1403,1400.0
joint,3.75,30,5,l1,1668,1650.0
joint,3.75,40,5,l2,-112,-150.0
joint,3.75,40,5,l2,263,250.0
joint,3.75,40,5,l2,433,400.0
joint,3.75,40,5,l2,623,600.0
joint,3.75,40,5,l2,1388,1350.0
joint,3.75,40,5,l1,-112,-150.0
joint,3.75,40,5,l1,28,0.0
joint,3.75,40,5,l1,208,200.0
joint,3.75,40,5,l1,283,250.0
joint,3.75,40,5,l1,443,400.0
joint,3.75,40,5,l1,628,600.0
joint,3.75,40,5,l1,973,950.0
joint,3.75,40,5,l1,1278,1250.0
joint,3.75,40,5,l1,1403,1400.0
joint,3.75,40,5,l1,1668,1650.0
joint,3.75,50,5,l2,-112,-150.0
joint,3.75,50,5,l2,263,250.0
joint,3.75,50,5,l2,433,400.0
joint,3.75,50,5,l2,623,600.0
joint,3.75,50,5,l2,1388,1350.0
joint,3.75,50,5,l1,-112,-150.0
joint,3.75,50,5,l1,28,0.0
joint,3.75,50,5,l1,208,200.0
joint,3.75,50,5,l1,283,250.0
joint,3.75,50,5,l1,443,400.0
joint,3.75,50,5,l1,628,600.0
joint,3.75,50,5,l1,973,950.0
joint,3.75,50,5,l1,1278,1250.0
joint,3.75,50,5,l1,1403,1400.0
joint,3.75,50,5,l1,1668,1650.0
joint,3.75,60,5,l2,-112,-150.0
joint,3.75,60,5,l2,263,250.0
joint,3.75,60,5,l2,433,400.0
joint,3.75,60,5,l2,623,600.0
joint,3.75,60,5,l2,1388,1350.0
joint,3.75,60,5,l1,-112,-150.0
joint,3.75,60,5,l1,28,0.0
joint,3.75,60,5,l1,208,200.0
joint,3.75,60,5,l1,283,250.0
joint,3.75,60,5,l1,443,400.0
joint,3.75,60,5,l1,628,600.0
joint,3.75,60,5,l1,973,950.0
joint,3.75,60,5,l1,1278,1250.0
joint,3.75,60,5,l1,1403,1400.0
joint,3.75,60,5,l1,1668,1650.0
joint,3.75,80,5,l2,-112,-150.0
joint,3.75,80,5,l2,263,250.0
joint,3.75,80,5,l2,433,400.0
joint,3.75,80,5,l2,623,600.0
joint,3.75,80,5,l2,1388,1350.0
joint,3.75,80,5,l1,-112,-150.0
joint,3.75,80,5,l1,28,0.0
joint,3.75,80,5,l1,203,200.0
joint,3.75,80,5,l1,283,250.0
joint,3.75,80,5,l1,443,400.0
joint,3.75,80,5,l1,628,600.0
joint,3.75,80,5,l1,973,950.0
joint,3.75,80,5,l1,1278,1250.0
joint,3.75,80,5,l1,1403,1400.0
joint,3.75,80,5,l1,1668,1650.0
joint,3.75,100,5,l2,-112,-150.0
joint,3.75,100,5,l2,263,250.0
joint,3.75,100,5,l2,433,400.0
joint,3.75,100,5,l2,623,600.0
joint,3.75,100,5,l2,1388,1350.0
joint,3.75,100,5,l1,-112,-150.0
joint,3.75,100,5,l1,28,0.0
joint,3.75,100,5,l1,218,200.0
joint,3.75,100,5,l1,318,300.0
joint,3.75,100,5,l1,443,400.0
joint,3.75,100,5,l1,628,600.0
joint,3.75,100,5,l1,973,950.0
joint,3.75,100,5,l1,1278,1250.0
joint,3.75,100,5,l1,1403,1400.0
joint,3.75,100,5,l1,1668,1650.0
joint,3.75,120,5,l2,-102,-150.0
joint,3.75,120,5,l2,263,250.0
joint,3.75,120,5,l2,433,400.0
joint,3.75,120,5,l2,623,600.0
joint,3.75,120,5,l2,1388,1350.0
joint,3.75,120,5,l1,-102,-150.0
joint,3.75,120,5,l1,28,0.0
joint,3.75,120,5,l1,193,150.0
joint,3.75,120,5,l1,313,300.0
joint,3.75,120,5,l1,443,400.0
joint,3.75,120,5,l1,628,600.0
joint,3.75,120,5,l1,973,950.0
joint,3.75,120,5,l1,1278,1250.0
joint,3.75,120,5,l1,1403,1400.0
joint,3.75,120,5,l1,1668,1650.0
joint,3.75,150,5,l2,28,0.0
joint,3.75,150,5,l2,268,250.0
joint,3.75,150,5,l2,433,400.0
joint,3.75,150,5,l2,623,600.0
joint,3.75,150,5,l2,1388,1350.0
joint,3.75,150,5,l1,-72,-100.0
joint,3.75,150,5,l1,268,250.0
joint,3.75,150,5,l1,443,400.0
joint,3.75,150,5,l1,628,600.0
joint,3.75,150,5,l1,973,950.0
joint,3.75,150,5,l1,1273,1250.0
joint,3.75,150,5,l1,1423,1400.0
joint,3.75,150,5,l1,1668,1650.0
joint,3.75,200,5,l2,28,0.0
joint,3.75,200,5,l2,283,250.0
joint,3.75,200,5,l2,623,600.0
joint,3.75,200,5,l2,1388,1350.0
joint,3.75,200,5,l1,28,0.0
joint,3.75,200,5,l1,263,250.0
joint,3.75,200,5,l1,463,450.0
joint,3.75,200,5,l1,663,650.0
joint,3.75,200,5,l1,973,950.0
joint,3.75,200,5,l1,1273,1250.0
joint,3.75,200,5,l1,1473,1450.0
joint,3.75,200,5,l1,1673,1650.0
joint,4.0,30,5,l2,-112,-150.0
joint,4.0,30,5,l2,263,250.0
joint,4.0,30,5,l2,433,400.0
joint,4.0,30,5,l2,623,600.0
joint,4.0,30,5,l2,1388,1350.0
joint,4.0,30,5,l1,-112,-150.0
joint,4.0,30,5,l1,28,0.0
joint,4.0,30,5,l1,208,200.0
joint,4.0,30,5,l1,283,250.0
joint,4.0,30,5,l1,443,400.0
joint,4.0,30,5,l1,628,600.0
joint,4.0,30,5,l1,973,950.0
joint,4.0,30,5,l1,1278,1250.0
joint,4.0,30,5,l1,1403,1400.0
joint,4.0,30,5,l1,1668,1650.0
joint,4.0,40,5,l2,-112,-150.0
joint,4.0,40,5,l2,263,250.0
joint,4.0,40,5,l2,433,400.0
joint,4.0,40,5,l2,623,600.0
joint,4.0,40,5,l2,1388,1350.0
joint,4.0,40,5,l1,-112,-150.0
joint,4.0,40,5,l1,28,0.0
joint,4.0,40,5,l1,208,200.0
joint,4.0,40,5,l1,283,250.0
joint,4.0,40,5,l1,443,400.0
joint,4.0,40,5,l1,628,600.0
joint,4.0,40,5,l1,973,950.0
joint,4.0,40,5,l1,1278,1250.0
joint,4.0,40,5,l1,1403,1400.0
joint,4.0,40,5,l1,1668,1650.0
joint,4.0,50,5,l2,-112,-150.0
joint,4.0,50,5,l2,263,250.0
joint,4.0,50,5,l2,433,400.0
joint,4.0,50,5,l2,623,600.0
joint,4.0,50,5,l2,1388,1350.0
joint,4.0,50,5,l1,-112,-150.0
joint,4.0,50,5,l1,28,0.0
joint,4.0,50,5,l1,208,200.0
joint,4.0,50,5,l1,283,250.0
joint,4.0,50,5,l1,443,400.0
joint,4.0,50,5,l1,628,600.0
joint,4.0,50,5,l1,973,950.0
joint,4.0,50,5,l1,1278,1250.0
joint,4.0,50,5,l1,1403,1400.0
joint,4.0,50,5,l1,1668,1650.0
joint,4.0,60,5,l2,-112,-150.0
joint,4.0,60,5,l2,263,250.0
joint,4.0,60,5,l2,433,400.0
joint,4.0,60,5,l2,623,600.0
joint,4.0,60,5,l2,1388,1350.0
joint,4.0,60,5,l1,-112,-150.0
joint,4.0,60,5,l1,28,0.0
joint,4.0,60,5,l1,208,200.0
joint,4.0,60,5,l1,283,250.0
joint,4.0,60,5,l1,443,400.0
joint,4.0,60,5,l1,628,600.0
joint,4.0,60,5,l1,973,950.0
joint,4.0,60,5,l1,1278,1250.0
joint,4.0,60,5,l1,1403,1400.0
joint,4.0,60,5,l1,1668,1650.0
joint,4.0,80,5,l2,-112,-150.0
joint,4.0,80,5,l2,263,250.0
joint,4.0,80,5,l2,433,400.0
joint,4.0,80,5,l2,623,600.0
joint,4.0,80,5,l2,1388,1350.0
joint,4.0,80,5,l1,-112,-150.0
joint,4.0,80,5,l1,28,0.0
joint,4.0,80,5,l1,203,200.0
joint,4.0,80,5,l1,283,250.0
joint,4.0,80,5,l1,443,400.0
joint,4.0,80,5,l1,628,600.0
joint,4.0,80,5,l1,973,950.0
joint,4.0,80,5,l1,1278,1250.0
joint,4.0,80,5,l1,1403,1400.0
joint,4.0,80,5,l1,1668,1650.0
joint,4.0,100,5,l2,-112,-150.0
joint,4.0,100,5,l2,263,250.0
joint,4.0,100,5,l2,433,400.0
joint,4.0,100,5,l2,623,600.0
joint,4.0,100,5,l2,1388,1350.0
joint,4.0,100,5,l1,-112,-150.0
joint,4.0,100,5,l1,28,0.0
joint,4.0,100,5,l1,218,200.0
joint,4.0,100,5,l1,318,300.0
joint,4.0,100,5,l1,443,400.0
joint,4.0,100,5,l1,628,600.0
joint,4.0,100,5,l1,973,950.0
joint,4.0,100,5,l1,1278,1250.0
joint,4.0,100,5,l1,1403,1400.0
joint,4.0,100,5,l1,1668,1650.0
joint,4.0,120,5,l2,-102,-150.0
joint,4.0,120,5,l2,263,250.0
joint,4.0,120,5,l2,433,400.0
joint,4.0,120,5,l2,623,600.0
joint,4.0,120,5,l2,1388,1350.0
joint,4.0,120,5,l1,-102,-150.0
joint,4.0,120,5,l1,28,0.0
joint,4.0,120,5,l1,268,250.0
joint,4.0,120,5,l1,443,400.0
joint,4.0,120,5,l1,628,600.0
joint,4.0,120,5,l1,973,950.0
joint,4.0,120,5,l1,1278,1250.0
joint,4.0,120,5,l1,1403,1400.0
joint,4.0,120,5,l1,1668,1650.0
joint,4.0,150,5,l2,28,0.0
joint,4.0,150,5,l2,268,250.0
joint,4.0,150,5,l2,433,400.0
joint,4.0,150,5,l2,623,600.0
joint,4.0,150,5,l2,1388,1350.0
joint,4.0,150,5,l1,-72,-100.0
joint,4.0,150,5,l1,268,250.0
joint,4.0,150,5,l1,443,400.0
joint,4.0,150,5,l1,628,600.0
joint,4.0,150,5,l1,973,950.0
joint,4.0,150,5,l1,1273,1250.0
joint,4.0,150,5,l1,1423,1400.0
joint,4.0,150,5,l1,1668,1650.0
joint,4.0,200,5,l2,28,0.0
joint,4.0,200,5,l2,283,250.0
joint,4.0,200,5,l2,623,600.0
joint,4.0,200,5,l2,1388,1350.0
joint,4.0,200,5,l1,28,0.0
joint,4.0,200,5,l1,263,250.0
joint,4.0,200,5,l1,463,450.0
joint,4.0,200,5,l1,663,650.0
joint,4.0,200,5,l1,973,950.0
joint,4.0,200,5,l1,1273,1250.0
joint,4.0,200,5,l1,1473,1450.0
joint,4.0,200,5,l1,1673,1650.0
joint,4.25,30,5,l2,-112,-150.0
joint,4.25,30,5,l2,263,250.0
joint,4.25,30,5,l2,433,400.0
joint,4.25,30,5,l2,623,600.0
joint,4.25,30,5,l2,1388,1350.0
joint,4.25,30,5,l1,-112,-150.0
joint,4.25,30,5,l1,28,0.0
joint,4.25,30,5,l1,208,200.0
joint,4.25,30,5,l1,283,250.0
joint,4.25,30,5,l1,443,400.0
joint,4.25,30,5,l1,628,600.0
joint,4.25,30,5,l1,973,950.0
joint,4.25,30,5,l1,1278,1250.0
joint,4.25,30,5,l1,1403,1400.0
joint,4.25,30,5,l1,1668,1650.0
joint,4.25,40,5,l2,-112,-150.0
joint,4.25,40,5,l2,263,250.0
joint,4.25,40,5,l2,433,400.0
joint,4.25,40,5,l2,623,600.0
joint,4.25,40,5,l2,1388,1350.0
joint,4.25,40,5,l1,-112,-150.0
joint,4.25,40,5,l1,28,0.0
joint,4.25,40,5,l1,208,200.0
joint,4.25,40,5,l1,283,250.0
joint,4.25,40,5,l1,443,400.0
joint,4.25,40,5,l1,628,600.0
joint,4.25,40,5,l1,973,950.0
joint,4.25,40,5,l1,1278,1250.0
joint,4.25,40,5,l1,1403,1400.0
joint,4.25,40,5,l1,1668,1650.0
joint,4.25,50,5,l2,-112,-150.0
joint,4.25,50,5,l2,263,250.0
joint,4.25,50,5,l2,433,400.0
joint,4.25,50,5,l2,623,600.0
joint,4.25,50,5,l2,1388,1350.0
joint,4.25,50,5,l1,-112,-150.0
joint,4.25,50,5,l1,28,0.0
joint,4.25,50,5,l1,208,200.0
joint,4.25,50,5,l1,283,250.0
joint,4.25,50,5,l1,443,400.0
joint,4.25,50,5,l1,628,600.0
joint,4.25,50,5,l1,973,950.0
joint,4.25,50,5,l1,1278,1250.0
joint,4.25,50,5,l1,1403,1400.0
joint,4.25,50,5,l1,1668,1650.0
joint,4.25,60,5,l2,-112,-150.0
joint,4.25,60,5,l2,263,250.0
joint,4.25,60,5,l2,433,400.0
joint,4.25,60,5,l2,623,600.0
joint,4.25,60,5,l2,1388,1350.0
joint,4.25,60,5,l1,-112,-150.0
joint,4.25,60,5,l1,28,0.0
joint,4.25,60,5,l1,208,200.0
joint,4.25,60,5,l1,283,250.0
joint,4.25,60,5,l1,443,400.0
joint,4.25,60,5,l1,628,600.0
joint,4.25,60,5,l1,973,950.0
joint,4.25,60,5,l1,1278,1250.0
joint,4.25,60,5,l1,1403,1400.0
joint,4.25,60,5,l1,1668,1650.0
joint,4.25,80,5,l2,-112,-150.0
joint,4.25,80,5,l2,263,250.0
joint,4.25,80,5,l2,433,400.0
joint,4.25,80,5,l2,623,600.0
joint,4.25,80,5,l2,1388,1350.0
joint,4.25,80,5,l1,-112,-150.0
joint,4.25,80,5,l1,28,0.0
joint,4.25,80,5,l1,203,200.0
joint,4.25,80,5,l1,283,250.0
joint,4.25,80,5,l1,443,400.0
joint,4.25,80,5,l1,628,600.0
joint,4.25,80,5,l1,973,950.0
joint,4.25,80,5,l1,1278,1250.0
joint,4.25,80,5,l1,1403,1400.0
joint,4.25,80,5,l1,1668,1650.0
joint,4.25,100,5,l2,-112,-150.0
joint,4.25,100,5,l2,263,250.0
joint,4.25,100,5,l2,433,400.0
joint,4.25,100,5,l2,623,600.0
joint,4.25,100,5,l2,1388,1350.0
joint,4.25,100,5,l1,-112,-150.0
joint,4.25,100,5,l1,28,0.0
joint,4.25,100,5,l1,218,200.0
joint,4.25,100,5,l1,318,300.0
joint,4.25,100,5,l1,443,400.0
joint,4.25,100,5,l1,628,600.0
joint,4.25,100,5,l1,973,950.0
joint,4.25,100,5,l1,1278,1250.0
joint,4.25,100,5,l1,1403,1400.0
joint,4.25,100,5,l1,1668,1650.0
joint,4.25,120,5,l2,-102,-150.0
joint,4.25,120,5,l2,263,250.0
joint,4.25,120,5,l2,433,400.0
joint,4.25,120,5,l2,623,600.0
joint,4.25,120,5,l2,1388,1350.0
joint,4.25,120,5,l1,-102,-150.0
joint,4.25,120,5,l1,28,0.0
joint,4.25,120,5,l1,268,250.0
joint,4.25,120,5,l1,443,400.0
joint,4.25,120,5,l1,628,600.0
joint,4.25,120,5,l1,973,950.0
joint,4.25,120,5,l1,1278,1250.0
joint,4.25,120,5,l1,1403,1400.0
joint,4.25,120,5,l1,1668,1650.0
joint,4.25,150,5,l2,28,0.0
joint,4.25,150,5,l2,283,250.0
joint,4.25,150,5,l2,623,600.0
joint,4.25,150,5,l2,1388,1350.0
joint,4.25,150,5,l1,-72,-100.0
joint,4.25,150,5,l1,268,250.0
joint,4.25,150,5,l1,443,400.0
joint,4.25,150,5,l1,628,600.0
joint,4.25,150,5,l1,973,950.0
joint,4.25,150,5,l1,1273,1250.0
joint,4.25,150,5,l1,1423,1400.0
joint,4.25,150,5,l1,1668,1650.0
joint,4.25,200,5,l2,28,0.0
joint,4.25,200,5,l2,283,250.0
joint,4.25,200,5,l2,623,600.0
joint,4.25,200,5,l2,1388,1350.0
joint,4.25,200,5,l1,28,0.0
joint,4.25,200,5,l1,263,250.0
joint,4.25,200,5,l1,463,450.0
joint,4.25,200,5,l1,663,650.0
joint,4.25,200,5,l1,973,950.0
joint,4.25,200,5,l1,1273,1250.0
joint,4.25,200,5,l1,1473,1450.0
joint,4.25,200,5,l1,1673,1650.0
joint,4.5,30,5,l2,-112,-150.0
joint,4.5,30,5,l2,263,250.0
joint,4.5,30,5,l2,433,400.0
joint,4.5,30,5,l2,623,600.0
joint,4.5,30,5,l2,1388,1350.0
joint,4.5,30,5,l1,-112,-150.0
joint,4.5,30,5,l1,208,200.0
joint,4.5,30,5,l1,283,250.0
joint,4.5,30,5,l1,443,400.0
joint,4.5,30,5,l1,628,600.0
joint,4.5,30,5,l1,973,950.0
joint,4.5,30,5,l1,1278,1250.0
joint,4.5,30,5,l1,1403,1400.0
joint,4.5,30,5,l1,1668,1650.0
joint,4.5,40,5,l2,-112,-150.0
joint,4.5,40,5,l2,263,250.0
joint,4.5,40,5,l2,433,400.0
joint,4.5,40,5,l2,623,600.0
joint,4.5,40,5,l2,1388,1350.0
joint,4.5,40,5,l1,-112,-150.0
joint,4.5,40,5,l1,208,200.0
joint,4.5,40,5,l1,283,250.0
joint,4.5,40,5,l1,443,400.0
joint,4.5,40,5,l1,628,600.0
joint,4.5,40,5,l1,973,950.0
joint,4.5,40,5,l1,1278,1250.0
joint,4.5,40,5,l1,1403,1400.0
joint,4.5,40,5,l1,1668,1650.0
joint,4.5,50,5,l2,-112,-150.0
joint,4.5,50,5,l2,263,250.0
joint,4.5,50,5,l2,433,400.0
joint,4.5,50,5,l2,623,600.0
joint,4.5,50,5,l2,1388,1350.0
joint,4.5,50,5,l1,-112,-150.0
joint,4.5,50,5,l1,208,200.0
joint,4.5,50,5,l1,283,250.0
joint,4.5,50,5,l1,443,400.0
joint,4.5,50,5,l1,628,600.0
joint,4.5,50,5,l1,973,950.0
joint,4.5,50,5,l1,1278,1250.0
joint,4.5,50,5,l1,1403,1400.0
joint,4.5,50,5,l1,1668,1650.0
joint,4.5,60,5,l2,-112,-150.0
joint,4.5,60,5,l2,263,250.0
joint,4.5,60,5,l2,433,400.0
joint,4.5,60,5,l2,623,600.0
joint,4.5,60,5,l2,1388,1350.0
joint,4.5,60,5,l1,-112,-150.0
joint,4.5,60,5,l1,208,200.0
joint,4.5,60,5,l1,283,250.0
joint,4.5,60,5,l1,443,400.0
joint,4.5,60,5,l1,628,600.0
joint,4.5,60,5,l1,973,950.0
joint,4.5,60,5,l1,1278,1250.0
joint,4.5,60,5,l1,1403,1400.0
joint,4.5,60,5,l1,1668,1650.0
joint,4.5,80,5,l2,-112,-150.0
joint,4.5,80,5,l2,263,250.0
joint,4.5,80,5,l2,433,400.0
joint,4.5,80,5,l2,623,600.0
joint,4.5,80,5,l2,1388,1350.0
joint,4.5,80,5,l1,-112,-150.0
joint,4.5,80,5,l1,203,200.0
joint,4.5,80,5,l1,283,250.0
joint,4.5,80,5,l1,443,400.0
joint,4.5,80,5,l1,628,600.0
joint,4.5,80,5,l1,973,950.0
joint,4.5,80,5,l1,1278,1250.0
joint,4.5,80,5,l1,1403,1400.0
joint,4.5,80,5,l1,1668,1650.0
joint,4.5,100,5,l2,-112,-150.0
joint,4.5,100,5,l2,263,250.0
joint,4.5,100,5,l2,433,400.0
joint,4.5,100,5,l2,623,600.0
joint,4.5,100,5,l2,1388,1350.0
joint,4.5,100,5,l1,-112,-150.0
joint,4.5,100,5,l1,218,200.0
joint,4.5,100,5,l1,318,300.0
joint,4.5,100,5,l1,443,400.0
joint,4.5,100,5,l1,628,600.0
joint,4.5,100,5,l1,973,950.0
joint,4.5,100,5,l1,1278,1250.0
joint,4.5,100,5,l1,1403,1400.0
joint,4.5,100,5,l1,1668,1650.0
joint,4.5,120,5,l2,-102,-150.0
joint,4.5,120,5,l2,263,250.0
joint,4.5,120,5,l2,433,400.0
joint,4.5,120,5,l2,623,600.0
joint,4.5,120,5,l2,1388,1350.0
joint,4.5,120,5,l1,-102,-150.0
joint,4.5,120,5,l1,268,250.0
joint,4.5,120,5,l1,443,400.0
joint,4.5,120,5,l1,628,600.0
joint,4.5,120,5,l1,973,950.0
joint,4.5,120,5,l1,1278,1250.0
joint,4.5,120,5,l1,1403,1400.0
joint,4.5,120,5,l1,1668,1650.0
joint,4.5,150,5,l2,28,0.0
joint,4.5,150,5,l2,283,250.0
joint,4.5,150,5,l2,623,600.0
joint,4.5,150,5,l2,1388,1350.0
joint,4.5,150,5,l1,-72,-100.0
joint,4.5,150,5,l1,268,250.0
joint,4.5,150,5,l1,443,400.0
joint,4.5,150,5,l1,628,600.0
joint,4.5,150,5,l1,973,950.0
joint,4.5,150,5,l1,1273,1250.0
joint,4.5,150,5,l1,1423,1400.0
joint,4.5,150,5,l1,1668,1650.0
joint,4.5,200,5,l2,28,0.0
joint,4.5,200,5,l2,283,250.0
joint,4.5,200,5,l2,623,600.0
joint,4.5,200,5,l2,1388,1350.0
joint,4.5,200,5,l1,28,0.0
joint,4.5,200,5,l1,263,250.0
joint,4.5,200,5,l1,463,450.0
joint,4.5,200,5,l1,663,650.0
joint,4.5,200,5,l1,973,950.0
joint,4.5,200,5,l1,1273,1250.0
joint,4.5,200,5,l1,1473,1450.0
joint,4.5,200,5,l1,1673,1650.0
joint,4.75,30,5,l2,-112,-150.0
joint,4.75,30,5,l2,278,250.0
joint,4.75,30,5,l2,623,600.0
joint,4.75,30,5,l2,1388,1350.0
joint,4.75,30,5,l1,-112,-150.0
joint,4.75,30,5,l1,208,200.0
joint,4.75,30,5,l1,283,250.0
joint,4.75,30,5,l1,443,400.0
joint,4.75,30,5,l1,628,600.0
joint,4.75,30,5,l1,973,950.0
joint,4.75,30,5,l1,1278,1250.0
joint,4.75,30,5,l1,1403,1400.0
joint,4.75,30,5,l1,1668,1650.0
joint,4.75,40,5,l2,-112,-150.0
joint,4.75,40,5,l2,278,250.0
joint,4.75,40,5,l2,623,600.0
joint,4.75,40,5,l2,1388,1350.0
joint,4.75,40,5,l1,-112,-150.0
joint,4.75,40,5,l1,208,200.0
joint,4.75,40,5,l1,283,250.0
joint,4.75,40,5,l1,443,400.0
joint,4.75,40,5,l1,628,600.0
joint,4.75,40,5,l1,973,950.0
joint,4.75,40,5,l1,1278,1250.0
joint,4.75,40,5,l1,1403,1400.0
joint,4.75,40,5,l1,1668,1650.0
joint,4.75,50,5,l2,-112,-150.0
joint,4.75,50,5,l2,278,250.0
joint,4.75,50,5,l2,623,600.0
joint,4.75,50,5,l2,1388,1350.0
joint,4.75,50,5,l1,-112,-150.0
joint,4.75,50,5,l1,208,200.0
joint,4.75,50,5,l1,283,250.0
joint,4.75,50,5,l1,443,400.0
joint,4.75,50,5,l1,628,600.0
joint,4.75,50,5,l1,973,950.0
joint,4.75,50,5,l1,1278,1250.0
joint,4.75,50,5,l1,1403,1400.0
joint,4.75,50,5,l1,1668,1650.0
joint,4.75,60,5,l2,-112,-150.0
joint,4.75,60,5,l2,278,250.0
joint,4.75,60,5,l2,623,600.0
joint,4.75,60,5,l2,1388,1350.0
joint,4.75,60,5,l1,-112,-150.0
joint,4.75,60,5,l1,208,200.0
joint,4.75,60,5,l1,283,250.0
joint,4.75,60,5,l1,443,400.0
joint,4.75,60,5,l1,628,600.0
joint,4.75,60,5,l1,973,950.0
joint,4.75,60,5,l1,1278,1250.0
joint,4.75,60,5,l1,1403,1400.0
joint,4.75,60,5,l1,1668,1650.0
joint,4.75,80,5,l2,-112,-150.0
joint,4.75,80,5,l2,278,250.0
joint,4.75,80,5,l2,623,600.0
joint,4.75,80,5,l2,1388,1350.0
joint,4.75,80,5,l1,-112,-150.0
joint,4.75,80,5,l1,203,200.0
joint,4.75,80,5,l1,283,250.0
joint,4.75,80,5,l1,443,400.0
joint,4.75,80,5,l1,628,600.0
joint,4.75,80,5,l1,973,950.0
joint,4.75,80,5,l1,1278,1250.0
joint,4.75,80,5,l1,1403,1400.0
joint,4.75,80,5,l1,1668,1650.0
joint,4.75,100,5,l2,-112,-150.0
joint,4.75,100,5,l2,278,250.0
joint,4.75,100,5,l2,623,600.0
joint,4.75,100,5,l2,1388,1350.0
joint,4.75,100,5,l1,-112,-150.0
joint,4.75,100,5,l1,268,250.0
joint,4.75,100,5,l1,443,400.0
joint,4.75,100,5,l1,628,600.0
joint,4.75,100,5,l1,973,950.0
joint,4.75,100,5,l1,1278,1250.0
joint,4.75,100,5,l1,1403,1400.0
joint,4.75,100,5,l1,1668,1650.0
joint,4.75,120,5,l2,-102,-150.0
joint,4.75,120,5,l2,278,250.0
joint,4.75,120,5,l2,623,600.0
joint,4.75,120,5,l2,1388,1350.0
joint,4.75,120,5,l1,-102,-150.0
joint,4.75,120,5,l1,268,250.0
joint,4.75,120,5,l1,443,400.0
joint,4.75,120,5,l1,628,600.0
joint,4.75,120,5,l1,973,950.0
joint,4.75,120,5,l1,1278,1250.0
joint,4.75,120,5,l1,1403,1400.0
joint,4.75,120,5,l1,1668,1650.0
joint,4.75,150,5,l2,28,0.0
joint,4.75,150,5,l2,283,250.0
joint,4.75,150,5,l2,623,600.0
joint,4.75,150,5,l2,1388,1350.0
joint,4.75,150,5,l1,-72,-100.0
joint,4.75,150,5,l1,268,250.0
joint,4.75,150,5,l1,443,400.0
joint,4.75,150,5,l1,628,600.0
joint,4.75,150,5,l1,973,950.0
joint,4.75,150,5,l1,1273,1250.0
joint,4.75,150,5,l1,1423,1400.0
joint,4.75,150,5,l1,1668,1650.0
joint,4.75,200,5,l2,28,0.0
joint,4.75,200,5,l2,283,250.0
joint,4.75,200,5,l2,623,600.0
joint,4.75,200,5,l2,1388,1350.0
joint,4.75,200,5,l1,28,0.0
joint,4.75,200,5,l1,263,250.0
joint,4.75,200,5,l1,463,450.0
joint,4.75,200,5,l1,663,650.0
joint,4.75,200,5,l1,973,950.0
joint,4.75,200,5,l1,1278,1250.0
joint,5.0,30,5,l2,-112,-150.0
joint,5.0,30,5,l2,278,250.0
joint,5.0,30,5,l2,623,600.0
joint,5.0,30,5,l2,1388,1350.0
joint,5.0,30,5,l1,-112,-150.0
joint,5.0,30,5,l1,268,250.0
joint,5.0,30,5,l1,443,400.0
joint,5.0,30,5,l1,628,600.0
joint,5.0,30,5,l1,973,950.0
joint,5.0,30,5,l1,1278,1250.0
joint,5.0,30,5,l1,1403,1400.0
joint,5.0,30,5,l1,1668,1650.0
joint,5.0,40,5,l2,-112,-150.0
joint,5.0,40,5,l2,278,250.0
joint,5.0,40,5,l2,623,600.0
joint,5.0,40,5,l2,1388,1350.0
joint,5.0,40,5,l1,-112,-150.0
joint,5.0,40,5,l1,268,250.0
joint,5.0,40,5,l1,443,400.0
joint,5.0,40,5,l1,628,600.0
joint,5.0,40,5,l1,973,950.0
joint,5.0,40,5,l1,1278,1250.0
joint,5.0,40,5,l1,1403,1400.0
joint,5.0,40,5,l1,1668,1650.0
joint,5.0,50,5,l2,-112,-150.0
joint,5.0,50,5,l2,278,250.0
joint,5.0,50,5,l2,623,600.0
joint,5.0,50,5,l2,1388,1350.0
joint,5.0,50,5,l1,-112,-150.0
joint,5.0,50,5,l1,268,250.0
joint,5.0,50,5,l1,443,400.0
joint,5.0,50,5,l1,628,600.0
joint,5.0,50,5,l1,973,950.0
joint,5.0,50,5,l1,1278,1250.0
joint,5.0,50,5,l1,1403,1400.0
joint,5.0,50,5,l1,1668,1650.0
joint,5.0,60,5,l2,-112,-150.0
joint,5.0,60,5,l2,278,250.0
joint,5.0,60,5,l2,623,600.0
joint,5.0,60,5,l2,1388,1350.0
joint,5.0,60,5,l1,-112,-150.0
joint,5.0,60,5,l1,268,250.0
joint,5.0,60,5,l1,443,400.0
joint,5.0,60,5,l1,628,600.0
joint,5.0,60,5,l1,973,950.0
joint,5.0,60,5,l1,1278,1250.0
joint,5.0,60,5,l1,1403,1400.0
joint,5.0,60,5,l1,1668,1650.0
joint,5.0,80,5,l2,-112,-150.0
joint,5.0,80,5,l2,278,250.0
joint,5.0,80,5,l2,623,600.0
joint,5.0,80,5,l2,1388,1350.0
joint,5.0,80,5,l1,-112,-150.0
joint,5.0,80,5,l1,268,250.0
joint,5.0,80,5,l1,443,400.0
joint,5.0,80,5,l1,628,600.0
joint,5.0,80,5,l1,973,950.0
joint,5.0,80,5,l1,1278,1250.0
joint,5.0,80,5,l1,1403,1400.0
joint,5.0,80,5,l1,1668,1650.0
joint,5.0,100,5,l2,-112,-150.0
joint,5.0,100,5,l2,278,250.0
joint,5.0,100,5,l2,623,600.0
joint,5.0,100,5,l2,1388,1350.0
joint,5.0,100,5,l1,-112,-150.0
joint,5.0,100,5,l1,268,250.0
joint,5.0,100,5,l1,443,400.0
joint,5.0,100,5,l1,628,600.0
joint,5.0,100,5,l1,973,950.0
joint,5.0,100,5,l1,1278,1250.0
joint,5.0,100,5,l1,1403,1400.0
joint,5.0,100,5,l1,1668,1650.0
joint,5.0,120,5,l2,-102,-150.0
joint,5.0,120,5,l2,278,250.0
joint,5.0,120,5,l2,623,600.0
joint,5.0,120,5,l2,1388,1350.0
joint,5.0,120,5,l1,-102,-150.0
joint,5.0,120,5,l1,268,250.0
joint,5.0,120,5,l1,443,400.0
joint,5.0,120,5,l1,628,600.0
joint,5.0,120,5,l1,973,950.0
joint,5.0,120,5,l1,1278,1250.0
joint,5.0,120,5,l1,1403,1400.0
joint,5.0,120,5,l1,1668,1650.0
joint,5.0,150,5,l2,28,0.0
joint,5.0,150,5,l2,283,250.0
joint,5.0,150,5,l2,623,600.0
joint,5.0,150,5,l2,1388,1350.0
joint,5.0,150,5,l1,-72,-100.0
joint,5.0,150,5,l1,268,250.0
joint,5.0,150,5,l1,443,400.0
joint,5.0,150,5,l1,628,600.0
joint,5.0,150,5,l1,973,950.0
joint,5.0,150,5,l1,1273,1250.0
joint,5.0,150,5,l1,1423,1400.0
joint,5.0,150,5,l1,1668,1650.0
joint,5.0,200,5,l2,28,0.0
joint,5.0,200,5,l2,283,250.0
joint,5.0,200,5,l2,623,600.0
joint,5.0,200,5,l2,1388,1350.0
joint,5.0,200,5,l1,28,0.0
joint,5.0,200,5,l1,263,250.0
joint,5.0,200,5,l1,463,450.0
joint,5.0,200,5,l1,663,650.0
joint,5.0,200,5,l1,973,950.0
joint,5.0,200,5,l1,1278,1250.0
joint,6.0,30,5,l2,-112,-150.0
joint,6.0,30,5,l2,278,250.0
joint,6.0,30,5,l2,623,600.0
joint,6.0,30,5,l2,1388,1350.0
joint,6.0,30,5,l1,-112,-150.0
joint,6.0,30,5,l1,268,250.0
joint,6.0,30,5,l1,443,400.0
joint,6.0,30,5,l1,628,600.0
joint,6.0,30,5,l1,973,950.0
joint,6.0,30,5,l1,1278,1250.0
joint,6.0,40,5,l2,-112,-150.0
joint,6.0,40,5,l2,278,250.0
joint,6.0,40,5,l2,623,600.0
joint,6.0,40,5,l2,1388,1350.0
joint,6.0,40,5,l1,-112,-150.0
joint,6.0,40,5,l1,268,250.0
joint,6.0,40,5,l1,443,400.0
joint,6.0,40,5,l1,628,600.0
joint,6.0,40,5,l1,973,950.0
joint,6.0,40,5,l1,1278,1250.0
joint,6.0,50,5,l2,-112,-150.0
joint,6.0,50,5,l2,278,250.0
joint,6.0,50,5,l2,623,600.0
joint,6.0,50,5,l2,1388,1350.0
joint,6.0,50,5,l1,-112,-150.0
joint,6.0,50,5,l1,268,250.0
joint,6.0,50,5,l1,443,400.0
joint,6.0,50,5,l1,628,600.0
joint,6.0,50,5,l1,973,950.0
joint,6.0,50,5,l1,1278,1250.0
joint,6.0,60,5,l2,-112,-150.0
joint,6.0,60,5,l2,278,250.0
joint,6.0,60,5,l2,623,600.0
joint,6.0,60,5,l2,1388,1350.0
joint,6.0,60,5,l1,-112,-150.0
joint,6.0,60,5,l1,268,250.0
joint,6.0,60,5,l1,443,400.0
joint,6.0,60,5,l1,628,600.0
joint,6.0,60,5,l1,973,950.0
joint,6.0,60,5,l1,1278,1250.0
joint,6.0,80,5,l2,-112,-150.0
joint,6.0,80,5,l2,278,250.0
joint,6.0,80,5,l2,623,600.0
joint,6.0,80,5,l2,1388,1350.0
joint,6.0,80,5,l1,-112,-150.0
joint,6.0,80,5,l1,268,250.0
joint,6.0,80,5,l1,443,400.0
joint,6.0,80,5,l1,628,600.0
joint,6.0,80,5,l1,973,950.0
joint,6.0,80,5,l1,1278,1250.0
joint,6.0,100,5,l2,-112,-150.0
joint,6.0,100,5,l2,278,250.0
joint,6.0,100,5,l2,623,600.0
joint,6.0,100,5,l2,1388,1350.0
joint,6.0,100,5,l1,-112,-150.0
joint,6.0,100,5,l1,268,250.0
joint,6.0,100,5,l1,443,400.0
joint,6.0,100,5,l1,628,600.0
joint,6.0,100,5,l1,973,950.0
joint,6.0,100,5,l1,1278,1250.0
joint,6.0,120,5,l2,-102,-150.0
joint,6.0,120,5,l2,278,250.0
joint,6.0,120,5,l2,623,600.0
joint,6.0,120,5,l2,1388,1350.0
joint,6.0,120,5,l1,-102,-150.0
joint,6.0,120,5,l1,268,250.0
joint,6.0,120,5,l1,443,400.0
joint,6.0,120,5,l1,628,600.0
joint,6.0,120,5,l1,973,950.0
joint,6.0,120,5,l1,1278,1250.0
joint,6.0,150,5,l2,28,0.0
joint,6.0,150,5,l2,283,250.0
joint,6.0,150,5,l2,623,600.0
joint,6.0,150,5,l2,1388,1350.0
joint,6.0,150,5,l1,-72,-100.0
joint,6.0,150,5,l1,268,250.0
joint,6.0,150,5,l1,443,400.0
joint,6.0,150,5,l1,628,600.0
joint,6.0,150,5,l1,973,950.0
joint,6.0,150,5,l1,1278,1250.0
joint,6.0,200,5,l2,28,0.0
joint,6.0,200,5,l2,283,250.0
joint,6.0,200,5,l2,623,600.0
joint,6.0,200,5,l2,1388,1350.0
joint,6.0,200,5,l1,28,0.0
joint,6.0,200,5,l1,263,250.0
joint,6.0,200,5,l1,463,450.0
joint,6.0,200,5,l1,663,650.0
joint,6.0,200,5,l1,973,950.0
joint,6.0,200,5,l1,1278,1250.0
joint,7.0,30,5,l2,-112,-150.0
joint,7.0,30,5,l2,278,250.0
joint,7.0,30,5,l2,623,600.0
joint,7.0,30,5,l2,1388,1350.0
joint,7.0,30,5,l1,-112,-150.0
joint,7.0,30,5,l1,268,250.0
joint,7.0,30,5,l1,443,400.0
joint,7.0,30,5,l1,628,600.0
joint,7.0,30,5,l1,973,950.0
joint,7.0,30,5,l1,1278,1250.0
joint,7.0,40,5,l2,-112,-150.0
joint,7.0,40,5,l2,278,250.0
joint,7.0,40,5,l2,623,600.0
joint,7.0,40,5,l2,1388,1350.0
joint,7.0,40,5,l1,-112,-150.0
joint,7.0,40,5,l1,268,250.0
joint,7.0,40,5,l1,443,400.0
joint,7.0,40,5,l1,628,600.0
joint,7.0,40,5,l1,973,950.0
joint,7.0,40,5,l1,1278,1250.0
joint,7.0,50,5,l2,-112,-150.0
joint,7.0,50,5,l2,278,250.0
joint,7.0,50,5,l2,623,600.0
joint,7.0,50,5,l2,1388,1350.0
joint,7.0,50,5,l1,-112,-150.0
joint,7.0,50,5,l1,268,250.0
joint,7.0,50,5,l1,443,400.0
joint,7.0,50,5,l1,628,600.0
joint,7.0,50,5,l1,973,950.0
joint,7.0,50,5,l1,1278,1250.0
joint,7.0,60,5,l2,-112,-150.0
joint,7.0,60,5,l2,278,250.0
joint,7.0,60,5,l2,623,600.0
joint,7.0,60,5,l2,1388,1350.0
joint,7.0,60,5,l1,-112,-150.0
joint,7.0,60,5,l1,268,250.0
joint,7.0,60,5,l1,443,400.0
joint,7.0,60,5,l1,628,600.0
joint,7.0,60,5,l1,973,950.0
joint,7.0,60,5,l1,1278,1250.0
joint,7.0,80,5,l2,-112,-150.0
joint,7.0,80,5,l2,278,250.0
joint,7.0,80,5,l2,623,600.0
joint,7.0,80,5,l2,1388,1350.0
joint,7.0,80,5,l1,-112,-150.0
joint,7.0,80,5,l1,268,250.0
joint,7.0,80,5,l1,443,400.0
joint,7.0,80,5,l1,628,600.0
joint,7.0,80,5,l1,973,950.0
joint,7.0,80,5,l1,1278,1250.0
joint,7.0,100,5,l2,-112,-150.0
joint,7.0,100,5,l2,278,250.0
joint,7.0,100,5,l2,623,600.0
joint,7.0,100,5,l2,1388,1350.0
joint,7.0,100,5,l1,-112,-150.0
joint,7.0,100,5,l1,268,250.0
joint,7.0,100,5,l1,443,400.0
joint,7.0,100,5,l1,628,600.0
joint,7.0,100,5,l1,973,950.0
joint,7.0,100,5,l1,1278,1250.0
joint,7.0,120,5,l2,-102,-150.0
joint,7.0,120,5,l2,278,250.0
joint,7.0,120,5,l2,623,600.0
joint,7.0,120,5,l2,1388,1350.0
joint,7.0,120,5,l1,-102,-150.0
joint,7.0,120,5,l1,268,250.0
joint,7.0,120,5,l1,443,400.0
joint,7.0,120,5,l1,628,600.0
joint,7.0,120,5,l1,973,950.0
joint,7.0,120,5,l1,1278,1250.0
joint,7.0,150,5,l2,268,250.0
joint,7.0,150,5,l2,623,600.0
joint,7.0,150,5,l2,1388,1350.0
joint,7.0,150,5,l1,-72,-100.0
joint,7.0,150,5,l1,268,250.0
joint,7.0,150,5,l1,443,400.0
joint,7.0,150,5,l1,628,600.0
joint,7.0,150,5,l1,973,950.0
joint,7.0,150,5,l1,1278,1250.0
joint,7.0,200,5,l2,268,250.0
joint,7.0,200,5,l2,623,600.0
joint,7.0,200,5,l2,1388,1350.0
joint,7.0,200,5,l1,28,0.0
joint,7.0,200,5,l1,263,250.0
joint,7.0,200,5,l1,463,450.0
joint,7.0,200,5,l1,663,650.0
joint,7.0,200,5,l1,973,950.0
joint,7.0,200,5,l1,1278,1250.0
joint,8.0,30,5,l2,268,250.0
joint,8.0,30,5,l2,623,600.0
joint,8.0,30,5,l2,1388,1350.0
joint,8.0,30,5,l1,-112,-150.0
joint,8.0,30,5,l1,268,250.0
joint,8.0,30,5,l1,443,400.0
joint,8.0,30,5,l1,628,600.0
joint,8.0,30,5,l1,973,950.0
joint,8.0,30,5,l1,1278,1250.0
joint,8.0,40,5,l2,268,250.0
joint,8.0,40,5,l2,623,600.0
joint,8.0,40,5,l2,1388,1350.0
joint,8.0,40,5,l1,-112,-150.0
joint,8.0,40,5,l1,268,250.0
joint,8.0,40,5,l1,443,400.0
joint,8.0,40,5,l1,628,600.0
joint,8.0,40,5,l1,973,950.0
joint,8.0,40,5,l1,1278,1250.0
joint,8.0,50,5,l2,268,250.0
joint,8.0,50,5,l2,623,600.0
joint,8.0,50,5,l2,1388,1350.0
joint,8.0,50,5,l1,-112,-150.0
joint,8.0,50,5,l1,268,250.0
joint,8.0,50,5,l1,443,400.0
joint,8.0,50,5,l1,628,600.0
joint,8.0,50,5,l1,973,950.0
joint,8.0,50,5,l1,1278,1250.0
joint,8.0,60,5,l2,268,250.0
joint,8.0,60,5,l2,623,600.0
joint,8.0,60,5,l2,1388,1350.0
joint,8.0,60,5,l1,-112,-150.0
joint,8.0,60,5,l1,268,250.0
joint,8.0,60,5,l1,443,400.0
joint,8.0,60,5,l1,628,600.0
joint,8.0,60,5,l1,973,950.0
joint,8.0,60,5,l1,1278,1250.0
joint,8.0,80,5,l2,268,250.0
joint,8.0,80,5,l2,623,600.0
joint,8.0,80,5,l2,1388,1350.0
joint,8.0,80,5,l1,-112,-150.0
joint,8.0,80,5,l1,268,250.0
joint,8.0,80,5,l1,443,400.0
joint,8.0,80,5,l1,628,600.0
joint,8.0,80,5,l1,973,950.0
joint,8.0,80,5,l1,1278,1250.0
joint,8.0,100,5,l2,268,250.0
joint,8.0,100,5,l2,623,600.0
joint,8.0,100,5,l2,1388,1350.0
joint,8.0,100,5,l1,-112,-150.0
joint,8.0,100,5,l1,268,250.0
joint,8.0,100,5,l1,443,400.0
joint,8.0,100,5,l1,628,600.0
joint,8.0,100,5,l1,973,950.0
joint,8.0,100,5,l1,1278,1250.0
joint,8.0,120,5,l2,268,250.0
joint,8.0,120,5,l2,623,600.0
joint,8.0,120,5,l2,1388,1350.0
joint,8.0,120,5,l1,-102,-150.0
joint,8.0,120,5,l1,268,250.0
joint,8.0,120,5,l1,443,400.0
joint,8.0,120,5,l1,628,600.0
joint,8.0,120,5,l1,973,950.0
joint,8.0,120,5,l1,1278,1250.0
joint,8.0,150,5,l2,268,250.0
joint,8.0,150,5,l2,623,600.0
joint,8.0,150,5,l2,1388,1350.0
joint,8.0,150,5,l1,-72,-100.0
joint,8.0,150,5,l1,268,250.0
joint,8.0,150,5,l1,443,400.0
joint,8.0,150,5,l1,628,600.0
joint,8.0,150,5,l1,973,950.0
joint,8.0,150,5,l1,1278,1250.0
joint,8.0,200,5,l2,268,250.0
joint,8.0,200,5,l2,623,600.0
joint,8.0,200,5,l2,1388,1350.0
joint,8.0,200,5,l1,28,0.0
joint,8.0,200,5,l1,278,250.0
joint,8.0,200,5,l1,623,600.0
joint,8.0,200,5,l1,973,950.0
joint,8.0,200,5,l1,1278,1250.0
joint,10.0,30,5,l2,268,250.0
joint,10.0,30,5,l2,623,600.0
joint,10.0,30,5,l2,1388,1350.0
joint,10.0,30,5,l1,-112,-150.0
joint,10.0,30,5,l1,278,250.0
joint,10.0,30,5,l1,623,600.0
joint,10.0,30,5,l1,973,950.0
joint,10.0,30,5,l1,1278,1250.0
joint,10.0,40,5,l2,268,250.0
joint,10.0,40,5,l2,623,600.0
joint,10.0,40,5,l2,1388,1350.0
joint,10.0,40,5,l1,-112,-150.0
joint,10.0,40,5,l1,278,250.0
joint,10.0,40,5,l1,623,600.0
joint,10.0,40,5,l1,973,950.0
joint,10.0,40,5,l1,1278,1250.0
joint,10.0,50,5,l2,268,250.0
joint,10.0,50,5,l2,623,600.0
joint,10.0,50,5,l2,1388,1350.0
joint,10.0,50,5,l1,-112,-150.0
joint,10.0,50,5,l1,278,250.0
joint,10.0,50,5,l1,623,600.0
joint,10.0,50,5,l1,973,950.0
joint,10.0,50,5,l1,1278,1250.0
joint,10.0,60,5,l2,268,250.0
joint,10.0,60,5,l2,623,600.0
joint,10.0,60,5,l2,1388,1350.0
joint,10.0,60,5,l1,-112,-150.0
joint,10.0,60,5,l1,278,250.0
joint,10.0,60,5,l1,623,600.0
joint,10.0,60,5,l1,973,950.0
joint,10.0,60,5,l1,1278,1250.0
joint,10.0,80,5,l2,268,250.0
joint,10.0,80,5,l2,623,600.0
joint,10.0,80,5,l2,1388,1350.0
joint,10.0,80,5,l1,-112,-150.0
joint,10.0,80,5,l1,278,250.0
joint,10.0,80,5,l1,623,600.0
joint,10.0,80,5,l1,973,950.0
joint,10.0,80,5,l1,1278,1250.0
joint,10.0,100,5,l2,268,250.0
joint,10.0,100,5,l2,623,600.0
joint,10.0,100,5,l2,1388,1350.0
joint,10.0,100,5,l1,-112,-150.0
joint,10.0,100,5,l1,278,250.0
joint,10.0,100,5,l1,623,600.0
joint,10.0,100,5,l1,973,950.0
joint,10.0,100,5,l1,1278,1250.0
joint,10.0,120,5,l2,268,250.0
joint,10.0,120,5,l2,623,600.0
joint,10.0,120,5,l2,1388,1350.0
joint,10.0,120,5,l1,-102,-150.0
joint,10.0,120,5,l1,278,250.0
joint,10.0,120,5,l1,623,600.0
joint,10.0,120,5,l1,973,950.0
joint,10.0,120,5,l1,1278,1250.0
joint,10.0,150,5,l2,268,250.0
joint,10.0,150,5,l2,623,600.0
joint,10.0,150,5,l2,1388,1350.0
joint,10.0,150,5,l1,-72,-100.0
joint,10.0,150,5,l1,278,250.0
joint,10.0,150,5,l1,623,600.0
joint,10.0,150,5,l1,973,950.0
joint,10.0,150,5,l1,1278,1250.0
joint,10.0,200,5,l2,268,250.0
joint,10.0,200,5,l2,623,600.0
joint,10.0,200,5,l2,1388,1350.0
joint,10.0,200,5,l1,278,250.0
joint,10.0,200,5,l1,623,600.0
joint,10.0,200,5,l1,973,950.0
joint,10.0,200,5,l1,1278,1250.0
joint,12.0,30,5,l2,268,250.0
joint,12.0,30,5,l2,623,600.0
joint,12.0,30,5,l2,1388,1350.0
joint,12.0,30,5,l1,-112,-150.0
joint,12.0,30,5,l1,278,250.0
joint,12.0,30,5,l1,623,600.0
joint,12.0,30,5,l1,973,950.0
joint,12.0,30,5,l1,1278,1250.0
joint,12.0,40,5,l2,268,250.0
joint,12.0,40,5,l2,623,600.0
joint,12.0,40,5,l2,1388,1350.0
joint,12.0,40,5,l1,-112,-150.0
joint,12.0,40,5,l1,278,250.0
joint,12.0,40,5,l1,623,600.0
joint,12.0,40,5,l1,973,950.0
joint,12.0,40,5,l1,1278,1250.0
joint,12.0,50,5,l2,268,250.0
joint,12.0,50,5,l2,623,600.0
joint,12.0,50,5,l2,1388,1350.0
joint,12.0,50,5,l1,-112,-150.0
joint,12.0,50,5,l1,278,250.0
joint,12.0,50,5,l1,623,600.0
joint,12.0,50,5,l1,973,950.0
joint,12.0,50,5,l1,1278,1250.0
joint,12.0,60,5,l2,268,250.0
joint,12.0,60,5,l2,623,600.0
joint,12.0,60,5,l2,1388,1350.0
joint,12.0,60,5,l1,-112,-150.0
joint,12.0,60,5,l1,278,250.0
joint,12.0,60,5,l1,623,600.0
joint,12.0,60,5,l1,973,950.0
joint,12.0,60,5,l1,1278,1250.0
joint,12.0,80,5,l2,268,250.0
joint,12.0,80,5,l2,623,600.0
joint,12.0,80,5,l2,1388,1350.0
joint,12.0,80,5,l1,-112,-150.0
joint,12.0,80,5,l1,278,250.0
joint,12.0,80,5,l1,623,600.0
joint,12.0,80,5,l1,973,950.0
joint,12.0,80,5,l1,1278,1250.0
joint,12.0,100,5,l2,268,250.0
joint,12.0,100,5,l2,623,600.0
joint,12.0,100,5,l2,1388,1350.0
joint,12.0,100,5,l1,-112,-150.0
joint,12.0,100,5,l1,278,250.0
joint,12.0,100,5,l1,623,600.0
joint,12.0,100,5,l1,973,950.0
joint,12.0,100,5,l1,1278,1250.0
joint,12.0,120,5,l2,268,250.0
joint,12.0,120,5,l2,623,600.0
joint,12.0,120,5,l2,1388,1350.0
joint,12.0,120,5,l1,-102,-150.0
joint,12.0,120,5,l1,278,250.0
joint,12.0,120,5,l1,623,600.0
joint,12.0,120,5,l1,973,950.0
joint,12.0,120,5,l1,1278,1250.0
joint,12.0,150,5,l2,268,250.0
joint,12.0,150,5,l2,623,600.0
joint,12.0,150,5,l2,1388,1350.0
joint,12.0,150,5,l1,278,250.0
joint,12.0,150,5,l1,623,600.0
joint,12.0,150,5,l1,973,950.0
joint,12.0,150,5,l1,1278,1250.0
joint,12.0,200,5,l2,268,250.0
joint,12.0,200,5,l2,623,600.0
joint,12.0,200,5,l2,1388,1350.0
joint,12.0,200,5,l1,278,250.0
joint,12.0,200,5,l1,623,600.0
joint,12.0,200,5,l1,973,950.0
joint,12.0,200,5,l1,1278,1250.0
